,A_baseline_cap,B_cap_max10,C_equal_weight,D_mom_filter_cap10,E_trend_ma200_cap10,F_ex_cyclical_cap10,G_roic_stable_cap10,H_quality_value_eq,I_roic_mom_score_top40,J_combo_stable_mom_cap10,K_roic_mom_top20,L_top20_halfcash_ma200,0050
2020-02-04,1.028675032763712,1.0232019665751773,1.0193773186572084,1.0232019665751773,1.0232019665751773,1.0233228757791872,1.0232019665751773,1.0211505542947648,1.0194201573303614,1.0233228757791872,1.0251038848111373,1.0251038848111373,1.0
2020-02-05,1.0348226473029882,1.0264077926852697,1.019429953937876,1.0264077926852697,1.0264077926852697,1.02654687617412,1.0264077926852697,1.0161262903218105,1.0215270459978119,1.02654687617412,1.0320194373348097,1.0320194373348097,1.002759236475286
2020-02-06,1.0509128797984522,1.0432731052154467,1.0416606212344595,1.0432731052154467,1.0432731052154467,1.043421960482136,1.0432731052154467,1.0383709834238422,1.043940759386151,1.043421960482136,1.047769044910427,1.047769044910427,1.0187638327247297
2020-02-07,1.0356474060334335,1.0264040105813395,1.024089359629086,1.0264040105813395,1.0264040105813395,1.0265532163154052,1.0264040105813395,1.0213207518909377,1.0289345852340446,1.0265532163154052,1.0415179976801305,1.0415179976801305,1.0066223282768096
2020-02-10,1.0323166008740359,1.0199410266496045,1.014913124627174,1.0199410266496045,1.0199410266496045,1.0200946502238175,1.0199410266496045,1.011662212727861,1.0186614519764958,1.0200946502238175,1.0318924088635841,1.0318924088635841,1.0044147180844116
2020-02-11,1.0424371370881707,1.0262615641056523,1.0281415586233698,1.0262615641056523,1.0262615641056523,1.0264118347279954,1.0262615641056523,1.0236015143098172,1.0312874682170265,1.0264118347279954,1.047781420116753,1.047781420116753,1.0126931307308085
2020-02-12,1.055016179926818,1.0407787657036938,1.044038419845669,1.0407787657036938,1.0407787657036938,1.0409781967176386,1.0407787657036938,1.0420594466285036,1.0456383343137576,1.0409781967176386,1.0581575189063268,1.0581575189063268,1.0226269245262536
2020-02-13,1.05633744560783,1.0445761195996233,1.0426250265458765,1.0445761195996233,1.0445761195996233,1.0448308453754316,1.0445761195996233,1.040336795257201,1.045341711078016,1.0448308453754316,1.0561025368553516,1.0561025368553516,1.0242824061353788
2020-02-14,1.059013232620795,1.052017509690045,1.0562775217789304,1.052017509690045,1.052017509690045,1.0523265100962795,1.052017509690045,1.056627284777999,1.058989423100744,1.0523265100962795,1.0759835000609235,1.0759835000609235,1.025938088664658
2020-02-17,1.0512365215183936,1.0497073623956434,1.053357004608211,1.0497073623956434,1.0497073623956434,1.0499781571141489,1.0497073623956434,1.0543417945479563,1.0578861962090407,1.0499781571141489,1.07119683470633,1.07119683470633,1.01876383272473
2020-02-18,1.0255284829038698,1.032536691828132,1.0432660513336884,1.032536691828132,1.032536691828132,1.0327360528626353,1.032536691828132,1.0460015750048108,1.0451909845599554,1.0327360528626353,1.0586001501139495,1.0586001501139495,1.0049668466676844
2020-02-19,1.039563940027729,1.0459201187490286,1.0573451343415032,1.0459201187490286,1.0459201187490286,1.0461913019394282,1.0459201187490286,1.0642320011722193,1.0554214490158993,1.0461913019394282,1.0715205945736017,1.0715205945736017,1.016556222532332
2020-02-20,1.0365924843948642,1.043457349980345,1.0585251748758162,1.043457349980345,1.043457349980345,1.0437182527627615,1.043457349980345,1.0653968827961915,1.0558080135181314,1.0437182527627615,1.076168230068876,1.076168230068876,1.0121412030676897
2020-02-21,1.035408049025335,1.0426194571689518,1.0537002906314537,1.0426194571689518,1.0426194571689518,1.042892362608167,1.0426194571689518,1.0598772681028723,1.0513785686502672,1.042892362608167,1.070989905139292,1.070989905139292,1.0071742559399288
2020-02-24,1.0180303135053883,1.0228611197288142,1.0362022294790305,1.0228611197288142,1.0228611197288142,1.0230459422733102,1.0228611197288142,1.046393121194373,1.0309791905972108,1.0230459422733102,1.0516857130748125,1.0516857130748125,0.9944810247490439
2020-02-25,1.023251726277882,1.0260896785103935,1.0380262361078263,1.0260896785103935,1.0260896785103935,1.0262902090955803,1.0260896785103935,1.046843637263278,1.0319078387949987,1.0262902090955803,1.05202332142138,1.05202332142138,0.9972403616844068
2020-02-26,1.010695135879365,1.0108893440234166,1.0246419200446766,1.0108893440234166,1.0108893440234166,1.0109954241256982,1.0108893440234166,1.0370005803046007,1.0194481839458045,1.0109954241256982,1.0346639156832884,1.0346639156832884,0.9873066683490388
2020-02-27,0.998183091409641,0.9908461432423953,0.9995031675866382,0.9908461432423953,0.9908461432423953,0.9908135135521715,0.9908461432423953,1.0114341170247525,0.9956338130993617,0.9908135135521715,1.008081851399502,1.008081851399502,0.9784766294197543
2020-03-02,0.9829872636911163,0.976700088463205,0.9910982345473367,0.976700088463205,0.976700088463205,0.9766581735102222,0.976700088463205,1.0059151611119763,0.9850974581745819,0.9766581735102222,0.9970039142972443,0.9970039142972443,0.9641279166197441
2020-03-03,1.0042472084520884,0.9982823802650539,1.0135703183102998,0.9982823802650539,0.9982823802650539,0.9984206086609464,0.9982823802650539,1.031194949969791,1.0082218143656307,0.9984206086609464,1.024657811463872,1.024657811463872,0.9779248022167125
2020-03-04,1.011840033500097,1.0026876431906737,1.0112697299824824,1.0026876431906737,1.0026876431906737,1.002973313458539,1.0026876431906737,1.0240316914881855,1.0079177879786885,1.002973313458539,1.0218315979078836,1.0218315979078836,0.9845473314136758
2020-03-05,1.0223402311754357,1.0182890730114322,1.0276142064757317,1.0182890730114322,1.0182890730114322,1.0186960659643698,1.0182890730114322,1.0384318389443943,1.0252725022143205,1.0186960659643698,1.0476965841305592,1.0476965841305592,0.9955849805353584
2020-03-06,0.999741107342343,1.0008171227430465,1.0186197817854932,1.0008171227430465,1.0008171227430465,1.0012958280146784,1.0008171227430465,1.033329297721784,1.0179580200667047,1.0012958280146784,1.0407371047329632,1.0407371047329632,0.9751653648212726
2020-03-09,0.9673938409404339,0.9639411503740176,0.9821213731269474,0.9639411503740176,0.9639411503740176,0.9642663487824114,0.9639411503740176,0.9965460130812258,0.9813712330234026,0.9642663487824114,1.0067123872846266,1.0067123872846266,0.9475714931672586
2020-03-10,0.9716887587661922,0.9666402953820562,0.9834485012467776,0.9666402953820562,0.9666402953820562,0.9671354955799231,0.9666402953820562,1.0014621254649798,0.9824181494523173,0.9671354955799231,1.0073337479973696,1.0073337479973696,0.9525386412151737
2020-03-11,0.9574427181864524,0.9561350305945125,0.9707148960955974,0.9561350305945125,0.9561350305945125,0.9567029593096437,0.9561350305945125,0.9914115460707864,0.9673738984365428,0.9567029593096437,0.9902802392735673,0.9902802392735673,0.9415010925535682
2020-03-12,0.9213639189103986,0.8999588935054473,0.9133493169157004,0.8999588935054473,0.8999588935054473,0.9003552432211387,0.8999588935054473,0.9329161380765001,0.9104268085592675,0.9003552432211387,0.9394212761319013,0.9394212761319013,0.9067328644995492
2020-03-13,0.9053832148289043,0.8758085905816239,0.8759552712540599,0.8758085905816239,0.8758085905816239,0.8762466936847295,0.8758085905816239,0.8885039885079058,0.8780734695139025,0.8762466936847295,0.9113494396194083,0.9113494396194082,0.8940395328485872
2020-03-16,0.8586582834462259,0.822511742799244,0.8282010637962838,0.822511742799244,0.822511742799244,0.8225378321501959,0.822511742799244,0.8497532049779107,0.8267317350794033,0.8225378321501959,0.858175652791386,0.8581756527913859,0.8532008037208006
2020-03-17,0.833193646836114,0.7988216421003638,0.7997720691859896,0.7988216421003638,0.7988216421003638,0.7989426006922516,0.7988216421003638,0.8190379383474893,0.8007364604588584,0.7989426006922516,0.8277141779378766,0.8277141779378765,0.826158809499867
2020-03-18,0.8083548321554087,0.7752955589623258,0.7806189424797781,0.7752955589623258,0.7752955589623258,0.7754842772436915,0.7752955589623258,0.8036441638903625,0.7840268590470945,0.7754842772436915,0.8119372860996203,0.8119372860996202,0.8035320356637295
2020-03-19,0.7693840095450039,0.7211863390268914,0.7177578277073607,0.7211863390268914,0.7211863390268914,0.7216104369132474,0.7211863390268914,0.7370087395634174,0.7210915247530914,0.7216104369132474,0.74461223971082,0.7446122397108199,0.7566225040819444
2020-03-20,0.8320152432147807,0.7682539440894087,0.7617599519580975,0.7682539440894087,0.7682539440894087,0.7685856121478374,0.7682539440894087,0.7879122631260876,0.7631275639935936,0.7685856121478374,0.7889163536855561,0.7889163536855561,0.8167770940576562
2020-03-23,0.7913836362945593,0.741096551192001,0.7383108122995464,0.741096551192001,0.741096551192001,0.7413269564076829,0.741096551192001,0.7640825000706588,0.7365837658698002,0.7413269564076829,0.7666053027464117,0.7666053027464117,0.7814568378804414
2020-03-24,0.8333982393667373,0.7864679537059387,0.7802744938207161,0.7864679537059387,0.7864679537059387,0.787103466542622,0.7864679537059387,0.8070434678644314,0.7775207914478078,0.787103466542622,0.8077722562415609,0.8077722562415609,0.8195362300728651
2020-03-25,0.8678726690163221,0.8279625019773886,0.8222058515824593,0.8279625019773886,0.8279625019773886,0.8288235234999135,0.8279625019773886,0.8476297526046056,0.8193117775724242,0.8288235234999135,0.8466209904862166,0.8466209904862166,0.8482337561329626
2020-03-26,0.8810017971827767,0.8475191722726659,0.8372299609861035,0.8475191722726659,0.8475191722726659,0.8491139675151264,0.8475191722726659,0.860819404564941,0.8357209624854912,0.8491139675151264,0.8646178960391775,0.8646178960391775,0.8520972497747942
2020-03-27,0.864844865470636,0.8442995507814057,0.8429880698335395,0.8442995507814057,0.8442995507814057,0.8457261472325973,0.8442995507814057,0.8634075102710954,0.843185424550513,0.8457261472325973,0.8717250593462216,0.8717250593462216,0.8454745196576767
2020-03-30,0.8508248230006644,0.837795332370158,0.8411424050555038,0.837795332370158,0.837795332370158,0.839277327636537,0.837795332370158,0.8644764823873239,0.8411202825495748,0.839277327636537,0.869002974570814,0.869002974570814,0.8371963079314341
2020-03-31,0.8682559376907627,0.8485783538323517,0.8465981944882616,0.8485783538323517,0.8485783538323517,0.8501810060819402,0.8485783538323517,0.867934260443368,0.8473031114636446,0.8501810060819402,0.8764374607407711,0.8764374607407711,0.8405077734500698
2020-04-01,0.8611683759944257,0.8437388932818954,0.8501210701635283,0.8437388932818954,0.8437388932818954,0.8449421943088071,0.8437388932818954,0.8739641522703526,0.8508030555160112,0.8449421943088071,0.8827809614507504,0.8827809614507504,0.8377482858245914
2020-04-06,0.8777693957655467,0.8679399473269774,0.8681086732789447,0.8679399473269774,0.8679399473269774,0.8694896008034688,0.8679399473269774,0.8862276183725483,0.8730263087210889,0.8694896008034688,0.9016899497360961,0.9016899497360961,0.8504412658652838
2020-04-07,0.8981362879004945,0.8811792091116687,0.8887645182134571,0.8811792091116687,0.8811792091116687,0.8828505583477992,0.8811792091116687,0.9123361014642173,0.8916891446936579,0.8828505583477992,0.9200481523642446,0.9200481523642446,0.8664458621147273
2020-04-08,0.9064879480380209,0.8933641893397498,0.9051220300926051,0.8933641893397498,0.8933641893397498,0.8949417034539925,0.8933641893397498,0.9342328449021291,0.9056385627961133,0.8949417034539925,0.932604946070093,0.932604946070093,0.8785871656424934
2020-04-09,0.8999013680242923,0.8876034107606365,0.9037043806859455,0.8876034107606365,0.8876034107606365,0.8889001356655744,0.8876034107606365,0.9371791042952959,0.9023268584406586,0.8889001356655744,0.926023312806192,0.926023312806192,0.8747239733808929
2020-04-10,0.8911506381615523,0.884832924796685,0.9061235115323271,0.884832924796685,0.884832924796685,0.8859262522904553,0.884832924796685,0.9386281974685847,0.9055569093059381,0.8859262522904553,0.9294525216144166,0.9294525216144166,0.8752759010440118
2020-04-13,0.8858552081216738,0.874842945765886,0.8969488994025363,0.874842945765886,0.874842945765886,0.8759471235844427,0.874842945765886,0.9313233229418472,0.8955654683324783,0.8759471235844427,0.9135928894420879,0.9135928894420879,0.869757227173286
2020-04-14,0.9083185896595619,0.9004940458823613,0.9242118071627907,0.9004940458823613,0.9004940458823613,0.9017625152994693,0.9004940458823613,0.9626907089880536,0.9214202521232897,0.9017625152994693,0.9369666897670296,0.9369666897670296,0.8934877056455454
2020-04-15,0.9166858907292859,0.9101818553810198,0.9388381738797977,0.9101818553810198,0.9101818553810198,0.9115559464329847,0.9101818553810198,0.9750966311919977,0.9385611929604242,0.9115559464329847,0.9568426420790364,0.9568426420790364,0.8962470425809083
2020-04-16,0.9120181859642987,0.9029704825410251,0.936681735588294,0.9029704825410251,0.9029704825410251,0.9043870293761546,0.9029704825410251,0.9723911493165677,0.9373559275096248,0.9043870293761546,0.9531275748575443,0.9531275748575443,0.8918321235763431
2020-04-17,0.9607861751077894,0.9203122566819508,0.9451483494901106,0.9203122566819508,0.9203122566819508,0.9216967201765326,0.9203122566819508,0.9781230945445072,0.9481932480321853,0.9216967201765326,0.9696340946815208,0.9696340946815208,0.9188739671071612
2020-04-20,0.9566815013111359,0.9235423873011263,0.9510829883463358,0.9235423873011263,0.9235423873011263,0.9250961324163687,0.9235423873011263,0.9884705652459763,0.9522540896163418,0.9250961324163687,0.9717236190731882,0.9717236190731882,0.9161147306318753
2020-04-21,0.9286227502271935,0.8977441192770084,0.9275588187460884,0.8977441192770084,0.8977441192770084,0.8994189286668571,0.8977441192770084,0.964827023728268,0.9289874484756473,0.8994189286668571,0.9495784653624502,0.9495784653624502,0.8896245133839449
2020-04-22,0.9279470058906732,0.9024016961491557,0.9322449761022898,0.9024016961491557,0.9024016961491557,0.9041860693222986,0.9024016961491557,0.9718277318851068,0.9324532797575654,0.9041860693222986,0.9541947389978999,0.9541947389978999,0.8896245133839449
2020-04-23,0.9334994841397805,0.9090974690338244,0.9409957223835153,0.9090974690338244,0.9090974690338244,0.9109068083270628,0.9090974690338244,0.9838322829746963,0.9404401212178674,0.9109068083270628,0.9604394646399175,0.9604394646399175,0.8929359789025806
2020-04-24,0.9292997543298659,0.9059836130735344,0.9409368592378052,0.9059836130735344,0.9059836130735344,0.9077667082685069,0.9059836130735344,0.9860429020682275,0.9405989100837877,0.9077667082685069,0.9649321429438151,0.9649321429438151,0.8929359789025806
2020-04-27,0.9452221807583054,0.9278056503831436,0.9611967772426298,0.9278056503831436,0.9278056503831436,0.9297150385743022,0.9278056503831436,1.0062695772321075,0.9590365893134324,0.9297150385743022,0.9810373184283128,0.9810373184283128,0.9111478839641913
2020-04-28,0.9453036620505554,0.9381195850036803,0.9742699983459607,0.9381195850036803,0.9381195850036803,0.9402081064342872,0.9381195850036803,1.0176227656477004,0.9733977476578263,0.9402081064342872,0.9991339806404598,0.9991339806404598,0.9111478839641913
2020-04-29,0.9566188666727655,0.9561486342914619,0.9869308903276388,0.9561486342914619,0.9561486342914619,0.9582902768743402,0.9561486342914619,1.0260775560490931,0.9889931747608683,0.9582902768743402,1.0184494192374838,1.0184494192374838,0.9238409142349222
2020-04-30,0.9755152430229069,0.9768757129183824,1.0043369203946448,0.9768757129183824,0.9768757129183824,0.9790305281162649,0.9768757129183824,1.0411844570771418,1.008517375958777,0.9790305281162649,1.0365688630116179,1.0365688630116179,0.9437085018258122
2020-05-04,0.9453595627431658,0.948385924050341,0.9867026791388449,0.948385924050341,0.948385924050341,0.9505080795134625,0.948385924050341,1.0262287442733096,0.9884927296096988,0.9505080795134625,1.0209952184462916,1.0209952184462916,0.9161147306318753
2020-05-05,0.949236266595302,0.9564427923612848,0.990197279967635,0.9564427923612848,0.9564427923612848,0.9586679987139312,0.9564427923612848,1.0296991731968572,0.9910947413400284,0.9586679987139312,1.0250146516322314,1.0250146516322314,0.9205296496364406
2020-05-06,0.9520862018216308,0.9611334332756288,0.9925618070732581,0.9611334332756288,0.9611334332756288,0.9635419097978326,0.9611334332756288,1.0333380986623797,0.9923250960466262,0.9635419097978326,1.024495407658294,1.024495407658294,0.921633404502601
2020-05-07,0.958063312246936,0.9697696167876311,1.007552030313269,0.9697696167876311,0.9697696167876311,0.9722183190510927,0.9697696167876311,1.0499827611923052,1.0068220780997128,0.9722183190510927,1.0381173764707572,1.0381173764707572,0.9254964963041246
2020-05-08,0.9617797936531036,0.9802444502732457,1.0192222164576097,0.9802444502732457,0.9802444502732457,0.9827711607115057,0.9802444502732457,1.0649650892740041,1.0165408466963088,0.9827711607115057,1.0427981677484275,1.0427981677484275,0.9310153710950043
2020-05-11,0.9724806200359193,0.9903704383022965,1.0301678696022551,0.9903704383022965,0.9903704383022965,0.9929182551794351,0.9903704383022965,1.0721213673488004,1.0286008846231767,0.9929182551794351,1.0586529803540512,1.0586529803540512,0.9387417556182052
2020-05-12,0.9554907830547869,0.978187129105115,1.0252541461225158,0.978187129105115,0.978187129105115,0.9806879915220947,0.978187129105115,1.0717043382088052,1.0207944466750027,0.9806879915220947,1.0536778924973953,1.0536778924973953,0.9277040060364455
2020-05-13,0.9622241993057562,0.9852151548172282,1.0286937983313875,0.9852151548172282,0.9852151548172282,0.9878518346269906,0.9852151548172282,1.0787702244976567,1.0235627941963736,0.9878518346269906,1.057544150288029,1.057544150288029,0.9304635438919624
2020-05-14,0.9487048484472295,0.9703808436797537,1.0128892415130624,0.9703808436797537,0.9703808436797537,0.9730299521468865,0.9703808436797537,1.0648182266179926,1.0091161286890116,0.9730299521468865,1.0439041622314087,1.0439041622314087,0.9194260956904339
2020-05-15,0.9604722125762237,0.9738267148086251,1.0213519258316148,0.9738267148086251,0.9738267148086251,0.976231524531756,0.9738267148086251,1.0747100859175498,1.0153900251550017,0.976231524531756,1.05670512100727,1.05670512100727,0.9254964963041244
2020-05-18,0.9409213570552931,0.9678435271704492,1.0193320682360658,0.9678435271704492,0.9678435271704492,0.9702794582425823,0.9678435271704492,1.069166567801629,1.013481151530764,0.9702794582425823,1.0651817964891397,1.0651817964891397,0.9177704131611546
2020-05-19,0.9486006796637609,0.9820245678287483,1.0383633914797914,0.9820245678287483,0.9820245678287483,0.9845930392673091,0.9820245678287483,1.087833407935841,1.0315064046622349,0.9845930392673091,1.0841727489416528,1.0841727489416528,0.9260484239672433
2020-05-20,0.9566897175824879,0.9903604603616989,1.0446661351756872,0.9903604603616989,0.9903604603616989,0.993113876490616,0.9903604603616989,1.0918687023371942,1.0374930351929097,0.993113876490616,1.089611142063486,1.089611142063486,0.9249447695611598
2020-05-21,0.9683259881617119,1.0028310728779275,1.0598564048732066,1.0028310728779275,1.0028310728779275,1.0057383635777701,1.0028310728779275,1.1106886938947116,1.0542600353652805,1.0057383635777701,1.0977084519473013,1.0977084519473013,0.9326709531642067
2020-05-22,0.9490652782287604,0.9800893638742352,1.036623254735633,0.9800893638742352,0.9800893638742352,0.9828349148565476,0.9800893638742352,1.0850104626160189,1.0317800623969489,0.9828349148565476,1.0781067304442256,1.0781067304442256,0.9155627025086795
2020-05-25,0.953312134513692,0.99363669715614,1.057068139692831,0.99363669715614,0.99363669715614,0.9966784729766945,0.99363669715614,1.1068198257071742,1.0521375373313557,0.9966784729766945,1.105050403371895,1.105050403371895,0.9216334045026011
2020-05-26,0.9657377517824943,1.008410406691966,1.0668265745648793,1.008410406691966,1.008410406691966,1.0114951018732816,1.008410406691966,1.1199857888567566,1.0625973737296766,1.0114951018732816,1.1057786233517868,1.1057786233517868,0.9321189250410109
2020-05-27,0.9666483222699859,1.0046913123507197,1.0665623586479225,1.0046913123507197,1.0046913123507197,1.0077123695223849,1.0046913123507197,1.1183874370778486,1.0637804848808379,1.0077123695223849,1.1081131962429318,1.1081131962429318,0.9310153710950044
2020-05-28,0.9601171518433351,1.0015392290552563,1.0651143073548552,1.0015392290552563,1.0015392290552563,1.0046550964319023,1.0015392290552563,1.1169334771156278,1.0607639566389737,1.0046550964319023,1.1089670782453898,1.10896707824539,0.9254964963041246
2020-05-29,0.9568799170528614,1.0050655086140863,1.06811847798063,1.0050655086140863,1.0050655086140863,1.0084594043317585,1.0050655086140863,1.1190404265376208,1.0670336265225928,1.0084594043317585,1.1153107980411567,1.115310798041157,0.932118925041011
2020-06-01,0.9714650987011614,1.0257402359025674,1.0887980559855854,1.0257402359025674,1.0257402359025674,1.029202790626078,1.0257402359025674,1.1406658217724377,1.091146711640929,1.029202790626078,1.1442981027274282,1.1442981027274284,0.9370859726288491
2020-06-02,0.972414453705901,1.021740230341899,1.0866861262686451,1.021740230341899,1.021740230341899,1.0250869885375182,1.021740230341899,1.1459514125283805,1.0821456329766566,1.0250869885375182,1.1338404128407562,1.1338404128407564,0.9415010925535683
2020-06-03,0.9882001041942262,1.0395230772251334,1.1007399699306453,1.0395230772251334,1.0395230772251334,1.0428552365216877,1.0395230772251334,1.1595256964221328,1.0953878818022622,1.0428552365216877,1.1438083443416476,1.1438083443416478,0.9580572146258226
2020-06-04,1.0005812925401134,1.044807543825914,1.1059407920655215,1.044807543825914,1.044807543825914,1.048163670827182,1.044807543825914,1.1632987465682996,1.099481228013249,1.048163670827182,1.1413289111538658,1.141328911153866,0.9668872535551071
2020-06-05,1.0137025630566954,1.0486805054421058,1.1088072270940588,1.0486805054421058,1.0486805054421058,1.0520110075476903,1.0486805054421058,1.1693101501201109,1.1009062685689854,1.0520110075476903,1.1450986467911197,1.14509864679112,0.9751653648212728
2020-06-08,1.0337113084958125,1.0665345090099678,1.1168786813360658,1.0665345090099678,1.0665345090099678,1.0698810247376296,1.0665345090099678,1.1709996737362431,1.1156574349596664,1.0698810247376296,1.1632849755968926,1.1632849755968928,0.9878586964722347
2020-06-09,1.0376025976171375,1.0722089385898335,1.1218769807399063,1.0722089385898335,1.0722089385898335,1.0756562656810127,1.0722089385898335,1.174693466364543,1.1218322511355552,1.0756562656810127,1.1713249418393183,1.1713249418393186,0.9889623508783182
2020-06-10,1.049985018151869,1.0873674543343828,1.1358140406681463,1.0873674543343828,1.0873674543343828,1.0909396143600676,1.0873674543343828,1.1788230060643052,1.1405235184089908,1.0909396143600676,1.1994920949599195,1.1994920949599197,0.9983443174707214
2020-06-11,1.0412129551080567,1.0748524468574916,1.119348845392658,1.0748524468574916,1.0748524468574916,1.0783956580873553,1.0748524468574916,1.1534426235425042,1.1255880555569093,1.0783956580873553,1.1963285806525628,1.196328580652563,0.9828915484243195
2020-06-12,1.0293659117561764,1.06845188220114,1.1168109327915887,1.06845188220114,1.06845188220114,1.0720673178565017,1.06845188220114,1.1503621498164511,1.1241117484148473,1.0720673178565017,1.1962719021199766,1.1962719021199768,0.974061609955112
2020-06-15,1.0116805440330845,1.0568284366961946,1.1044511946679014,1.0568284366961946,1.0568284366961946,1.0603679754084596,1.0568284366961946,1.1380029998848744,1.1123283568636968,1.0603679754084596,1.1815478127356167,1.181547812735617,0.9602650257383746
2020-06-16,1.031547449266624,1.0815259269208173,1.1288079769804673,1.0815259269208173,1.0815259269208173,1.0851765117661256,1.0815259269208173,1.1614000899524795,1.1377197789634748,1.0851765117661256,1.2075820023294885,1.2075820023294888,0.9812359663551171
2020-06-17,1.030990018057823,1.080053208436727,1.1283595749551212,1.080053208436727,1.080053208436727,1.0836451008506685,1.080053208436727,1.160317574825914,1.137044299867219,1.0836451008506685,1.2053197724506703,1.2053197724506706,0.9823401230615858
2020-06-18,1.0372133393520104,1.0869014731632447,1.1416056051543781,1.0869014731632447,1.0869014731632447,1.0905539364227255,1.0869014731632447,1.1731434805262255,1.14766240028882,1.0905539364227255,1.2212159437177177,1.221215943717718,0.9812359663551171
2020-06-19,1.0369645163259131,1.0860753824031828,1.1411619260964778,1.0860753824031828,1.0860753824031828,1.0897173350689937,1.0860753824031828,1.1761944468070282,1.1448829797681968,1.0897173350689937,1.2175952437503905,1.2175952437503907,0.9806841391520753
2020-06-22,1.0314517238606118,1.0860612974249941,1.1454003089115405,1.0860612974249941,1.0860612974249941,1.0897175934754912,1.0860612974249941,1.1779084573000809,1.1517256169635517,1.0897175934754912,1.2215984068443935,1.2215984068443937,0.9828915484243195
2020-06-23,1.038263868376321,1.0870881047900245,1.145548175501707,1.0870881047900245,1.0870881047900245,1.090749893136829,1.0870881047900245,1.1758082049932923,1.1535458311238793,1.090749893136829,1.2231714305088164,1.2231714305088166,0.9873066683490388
2020-06-24,1.0457174350170515,1.0935116383355492,1.1553853144657331,1.0935116383355492,1.0935116383355492,1.0972398534565324,1.0935116383355492,1.1796791051967155,1.1653642303648881,1.0972398534565324,1.2473838410816067,1.2473838410816072,0.9933773703429604
2020-06-29,1.0295810155236167,1.0807922936009904,1.1410201353413352,1.0807922936009904,1.0807922936009904,1.0844473936499799,1.0807922936009904,1.167924932223216,1.1472152609092496,1.0844473936499799,1.2230379133683762,1.2230379133683766,0.9834434760874383
2020-06-30,1.0353645097114201,1.0909498395947637,1.1490378743874168,1.0909498395947637,1.0909498395947637,1.0946793070905407,1.0909498395947637,1.1796801662159715,1.1526228010492552,1.0946793070905407,1.2271262027609067,1.2271262027609071,0.9922737159368767
2020-07-01,1.0515158055387863,1.1101713324577294,1.1691520255442862,1.1101713324577294,1.1101713324577294,1.114048815068324,1.1101713324577294,1.196017928620096,1.1714032073909872,1.114048815068324,1.2533996174716606,1.253399617471661,0.998896044213686
2020-07-02,1.067337946153759,1.128883863894894,1.1831241986541032,1.128883863894894,1.128883863894894,1.1329172479747252,1.128883863894894,1.2058343419362885,1.1860987237123135,1.1329172479747252,1.26835472055715,1.2683547205571504,1.0099335928752915
2020-07-03,1.0870476042664143,1.1390907230075613,1.1905025030339749,1.1390907230075613,1.1390907230075613,1.1432384819702919,1.1390907230075613,1.2145340998343865,1.1970852655037658,1.1432384819702919,1.2763448340099266,1.276344834009927,1.0215230692000157
2020-07-06,1.115312014763699,1.1693366765024225,1.216042367333911,1.1693366765024225,1.1693366765024225,1.1737202355399476,1.1693366765024225,1.2410651534707466,1.2239342716303043,1.1737202355399476,1.3052346227879432,1.3052346227879437,1.0391832475186615
2020-07-07,1.1144991030680145,1.1634572606907356,1.206366888948568,1.1634572606907356,1.1634572606907356,1.1678084779276303,1.1634572606907356,1.2230112817134315,1.2175938862761446,1.1678084779276303,1.2978714210073687,1.2978714210073692,1.043046238860108
2020-07-08,1.122026306435589,1.1703875318547228,1.2211360211126776,1.1703875318547228,1.1703875318547228,1.174786532201401,1.1703875318547228,1.237354134646757,1.2331410587609397,1.174786532201401,1.3144133192630982,1.3144133192630987,1.05022069572019
2020-07-09,1.134413723401011,1.1815592273379765,1.231502793932083,1.1815592273379765,1.1815592273379765,1.1859526686650408,1.1815592273379765,1.2496397066308045,1.2410044616581561,1.1859526686650408,1.3275329244610927,1.3275329244610932,1.053531960318672
2020-07-10,1.1319488131523197,1.153223558187897,1.2063304589079977,1.153223558187897,1.153223558187897,1.1575838890262249,1.153223558187897,1.224126467172295,1.217158178300969,1.1575838890262249,1.3013692440887432,1.3013692440887437,1.0447020218494645
2020-07-13,1.149190528863224,1.167090870379194,1.2199175431056322,1.167090870379194,1.167090870379194,1.1715720213138168,1.167090870379194,1.238876119141346,1.2340568536165903,1.1715720213138168,1.318080815965015,1.3180808159650155,1.0601544895156352
2020-07-14,1.1672834333210553,1.1635213246768759,1.2130115464017173,1.1635213246768759,1.1635213246768759,1.1679600547184543,1.1635213246768759,1.2346445606438035,1.2268340270476725,1.1679600547184543,1.306957263951581,1.3069572639515814,1.0667769182525213
2020-07-15,1.1662345314645937,1.1635684027136686,1.210181193141558,1.1635684027136686,1.1635684027136686,1.1679735190044018,1.1635684027136686,1.2324165894144252,1.2222505084448982,1.1679735190044018,1.2995209401621188,1.2995209401621193,1.0711920381772404
2020-07-16,1.1526542717147847,1.1577599957248164,1.2101485092192494,1.1577599957248164,1.1577599957248164,1.1620783866127433,1.1577599957248164,1.239406073957653,1.218476377242177,1.1620783866127433,1.291484534112768,1.2914845341127685,1.0607063167186765
2020-07-17,1.1709597077466678,1.152469616221697,1.2001347017256054,1.152469616221697,1.152469616221697,1.1567901263261602,1.152469616221697,1.2333999684693262,1.2050592538508824,1.1567901263261602,1.277762186175145,1.2777621861751454,1.0728474193262887
2020-07-20,1.1705795405698312,1.1573795737461106,1.2007127677115002,1.1573795737461106,1.1573795737461106,1.1617924027968505,1.1573795737461106,1.2335419523192657,1.2058901910898792,1.1617924027968505,1.2819344980856426,1.281934498085643,1.0711920381772404
2020-07-21,1.213326803656042,1.177681013159697,1.2183714015268134,1.177681013159697,1.177681013159697,1.1822337271030858,1.177681013159697,1.244711554278568,1.227027051550964,1.1822337271030858,1.3072700984997474,1.3072700984997478,1.0973185899463775
2020-07-22,1.2176111977708484,1.1843646772641088,1.2256683161471429,1.1843646772641088,1.1843646772641088,1.1890034931493971,1.1843646772641088,1.2513359894944334,1.2348065025403605,1.1890034931493971,1.3152091206812018,1.3152091206812022,1.1000978179769894
2020-07-23,1.2109600864013403,1.1813572863405688,1.2310866030356094,1.1813572863405688,1.1813572863405688,1.1860058571107723,1.1813572863405688,1.2584090352671944,1.241274431452894,1.1860058571107723,1.32428789962055,1.3242878996205505,1.0989861267647445
2020-07-24,1.2122191502346293,1.158371832981933,1.2033282580202316,1.158371832981933,1.158371832981933,1.1628903119571277,1.158371832981933,1.2343757538812776,1.2109961944670442,1.1628903119571277,1.2884293718601598,1.2884293718601603,1.095095207521888
2020-07-27,1.298061166033111,1.1768823227236902,1.2359736437105364,1.1768823227236902,1.1768823227236902,1.1817469082671663,1.1768823227236902,1.2339061740212391,1.2678826157991723,1.1817469082671663,1.3955156154059862,1.3955156154059867,1.1484599018123298
2020-07-28,1.318030187910766,1.173243872579632,1.2191678765489358,1.173243872579632,1.173243872579632,1.178244752825158,1.173243872579632,1.214022955587366,1.249565746762591,1.178244752825158,1.3765220574562231,1.3765220574562236,1.1517953772893719
2020-07-29,1.2931237674959786,1.1761285295565047,1.2349239000815602,1.1761285295565047,1.1761285295565047,1.1810058654507116,1.1761285295565047,1.234187025401909,1.2615490088264376,1.1810058654507116,1.39198516401676,1.3919851640167604,1.140121715420109
2020-07-30,1.3227331322943656,1.1911793759852116,1.2462987511816865,1.1911793759852116,1.1911793759852116,1.1961780335099799,1.1911793759852116,1.2460089782078343,1.2723734717466355,1.1961780335099799,1.4005277697495313,1.4005277697495317,1.156798490044858
2020-07-31,1.304938419850766,1.1890219202436378,1.2516420865402398,1.1890219202436378,1.1890219202436378,1.1940443992930636,1.1890219202436378,1.2516456822802506,1.277797408648529,1.1940443992930636,1.4105677321152912,1.4105677321152916,1.1540188601739383
2020-08-03,1.279555715953694,1.1721959965231938,1.24259121106427,1.1721959965231938,1.1721959965231938,1.177160546107208,1.1721959965231938,1.2478239034763283,1.2674754444806144,1.177160546107208,1.4010745873525456,1.401074587352546,1.1340071123725322
2020-08-04,1.307694798224265,1.1956813351800357,1.2654304572082327,1.1956813351800357,1.1956813351800357,1.2007889141266757,1.1956813351800357,1.2565071866726378,1.2937101634070998,1.2007889141266757,1.4430973877620326,1.443097387762033,1.1484599018123296
2020-08-05,1.3204445339190147,1.2117413504573042,1.2837704561968966,1.2117413504573042,1.2117413504573042,1.2169557510184328,1.2117413504573042,1.2794408885242994,1.3127567366613786,1.2169557510184328,1.4578208937880708,1.4578208937880712,1.159577818535547
2020-08-06,1.3373046809501168,1.2230837363908036,1.2831650123382756,1.2230837363908036,1.2230837363908036,1.228363794267872,1.2230837363908036,1.2793063338558641,1.310161798200759,1.228363794267872,1.4591443985537076,1.459144398553708,1.171807225550855
2020-08-07,1.3288578424739703,1.2103797563987706,1.2779808392273606,1.2103797563987706,1.2103797563987706,1.215524580220727,1.2103797563987706,1.280418324737162,1.304503991692375,1.215524580220727,1.4522922465346204,1.4522922465346209,1.1634689386985575
2020-08-10,1.332438376496429,1.204539193573101,1.269894701524831,1.204539193573101,1.204539193573101,1.2095574734205747,1.204539193573101,1.2783351872480682,1.294631929959695,1.2095574734205747,1.4395783558136708,1.4395783558136712,1.1740308088954983
2020-08-11,1.3142100727584467,1.1917239331078635,1.2583704771358812,1.1917239331078635,1.1917239331078635,1.1965502791297824,1.1917239331078635,1.267527166488011,1.280061707173227,1.1965502791297824,1.4169355186530268,1.4169355186530272,1.1651366764370785
2020-08-12,1.288605992501158,1.1795660543361972,1.253118581249727,1.1795660543361972,1.1795660543361972,1.18428831241545,1.1795660543361972,1.2672396548429203,1.2718402480127666,1.18428831241545,1.4070190337269293,1.4070190337269297,1.1479042571263613
2020-08-13,1.3135708975694085,1.1896098614425628,1.2581959476139888,1.1896098614425628,1.1896098614425628,1.1944804363921597,1.1896098614425628,1.2689478365251416,1.280316641595472,1.1944804363921597,1.4219891513456318,1.4219891513456322,1.1590217720092708
2020-08-14,1.3117305046155425,1.1974970016848854,1.2694724183985329,1.1974970016848854,1.1974970016848854,1.2024918521538068,1.1974970016848854,1.2799339154080414,1.2907366459640994,1.2024918521538068,1.43248738581857,1.4324873858185705,1.1618013014201138
2020-08-17,1.3320888905338217,1.2066098892451522,1.2785312382374292,1.2066098892451522,1.2066098892451522,1.2115627657474675,1.2066098892451522,1.2878524522133497,1.2966440925219322,1.2115627657474675,1.4362050331168932,1.4362050331168936,1.1740308088954987
2020-08-18,1.322307832905636,1.189924468909412,1.2677932991611092,1.189924468909412,1.189924468909412,1.1947501854577338,1.189924468909412,1.2817308227702982,1.279698962873205,1.1947501854577338,1.4091801931256156,1.409180193125616,1.1673600588615685
2020-08-19,1.3094148885881065,1.1868869548392684,1.2642448898193959,1.1868869548392684,1.1868869548392684,1.1917282684941966,1.1868869548392684,1.2764442179266415,1.2772595180203048,1.1917282684941966,1.4112540096270598,1.4112540096270603,1.159021772009271
2020-08-20,1.2674489247675955,1.1407199019126626,1.2134250695883546,1.1407199019126626,1.1407199019126626,1.1453783017444026,1.1407199019126626,1.2253887095319014,1.2271778766478474,1.1453783017444026,1.3523044427087594,1.3523044427087598,1.1184422298801824
2020-08-21,1.2966145967273282,1.1675330505604808,1.243687902367059,1.1675330505604808,1.1675330505604808,1.1723361409141917,1.1675330505604808,1.2515880782187465,1.2575466676381037,1.1723361409141917,1.3874404582097764,1.3874404582097768,1.1429012448309523
2020-08-24,1.3095065905448648,1.1839759509603622,1.2564268760257546,1.1839759509603622,1.1839759509603622,1.1890022363650405,1.1839759509603622,1.2570602096543728,1.273115901541268,1.1890022363650405,1.4099250518883386,1.409925051888339,1.1462366198479175
2020-08-25,1.3241392197926325,1.1856438008536954,1.2657720679198654,1.1856438008536954,1.1856438008536954,1.1906060569817634,1.1856438008536954,1.2724779886547233,1.2783485947836342,1.1906060569817634,1.4082842942338267,1.408284294233827,1.1551306518462603
2020-08-26,1.3403413903751304,1.1856420567716086,1.2691718578202686,1.1856420567716086,1.1856420567716086,1.1906062163903088,1.1856420567716086,1.2745255758833247,1.2815057446821598,1.1906062163903088,1.4078008873221968,1.407800887322197,1.1595778185355474
2020-08-27,1.3431087396547727,1.1810881055994493,1.265250878395448,1.1810881055994493,1.1810881055994493,1.1860361027312911,1.1810881055994493,1.2680914715798544,1.2789459769399765,1.1860361027312911,1.4064052189926466,1.4064052189926468,1.1623572474863133
2020-08-28,1.322481073284641,1.1772401831137143,1.263300227995268,1.1772401831137143,1.1772401831137143,1.1821714447484533,1.1772401831137143,1.2647663680625905,1.2776486828537335,1.1821714447484533,1.4010542810844313,1.4010542810844315,1.1506835856170508
2020-08-31,1.2985120864748354,1.1599519109626983,1.2497973851299837,1.1599519109626983,1.1599519109626983,1.1647563144358513,1.1599519109626983,1.2534198008471071,1.2647984784316517,1.1647563144358513,1.382682684855429,1.3826826848554292,1.1317836294879664
2020-09-01,1.3197685230249738,1.1685343905518366,1.2517772072787852,1.1685343905518366,1.1685343905518366,1.1733845945128187,1.1685343905518366,1.250273957009973,1.2718024508791053,1.1733845945128187,1.3906062558740337,1.390606255874034,1.1490158478785295
2020-09-02,1.31825647126565,1.1771401878347867,1.2635796645969752,1.1771401878347867,1.1759658148607144,1.1819371033363135,1.1771401878347867,1.2617367445662748,1.2831771392111162,1.1819371033363135,1.4018269523810363,1.4018269523810365,1.145124526795365
2020-09-03,1.3259229554168035,1.1807572993591446,1.268106741662432,1.1807572993591446,1.1796098518434102,1.1853339116103119,1.1807572993591446,1.2673672595836434,1.2848087737675211,1.1853339116103119,1.3991334120356012,1.3991334120356014,1.1484599018123303
2020-09-04,1.3044952655636997,1.1613682872422693,1.252271129210895,1.1613682872422693,1.1585208520575228,1.1658290717171769,1.1613682872422693,1.2579555416254984,1.2631240335493936,1.1658290717171769,1.3757561339165578,1.375756133916558,1.1401217154201098
2020-09-07,1.2906993787536676,1.1388290612440337,1.2282684684729839,1.1388290612440337,1.1314884972983066,1.1432178528213366,1.1388290612440337,1.2437365682573722,1.2361793514177815,1.1432178528213366,1.348542437454912,1.3485424374549122,1.1384539776815885
2020-09-08,1.3042978761282307,1.1474544104866553,1.233475227022836,1.1474544104866553,1.1398371638360576,1.1518387287688603,1.1474544104866553,1.2479184822600922,1.2463213230024521,1.1518387287688603,1.3533466736132231,1.3533466736132234,1.1451245267953647
2020-09-09,1.2914473684082213,1.1345315435985333,1.227771764470997,1.1345315435985333,1.125943068204216,1.1387958440126473,1.1345315435985333,1.2452798981705502,1.2364806698432904,1.1387958440126473,1.3399298905426518,1.339929890542652,1.1373424873894977
2020-09-10,1.3113460870711755,1.1427064003831395,1.2292808631562264,1.1427064003831395,1.1344884146935685,1.1470677812504197,1.1427064003831395,1.2413926914924445,1.2408680327392614,1.1470677812504197,1.34482036623981,1.3448203662398102,1.147348311060162
2020-09-11,1.3141330615725044,1.141408520376683,1.2233807970999033,1.141408520376683,1.1329621023219771,1.1458687259414246,1.141408520376683,1.2311323471239262,1.2382830509376537,1.1458687259414246,1.3476120443195418,1.347612044319542,1.1479042571263616
2020-09-14,1.329966828103572,1.1600562148619853,1.2435571635319072,1.1600562148619853,1.1482268975784584,1.1646073796102412,1.1600562148619853,1.2518405301638076,1.258667040614147,1.1646073796102412,1.3725702733038498,1.37257027330385,1.162357247486313
2020-09-15,1.3396093106468545,1.1632612431193876,1.2480585699718887,1.1632612431193876,1.1532613014887756,1.167795953569078,1.1632612431193876,1.2579576546156173,1.2627003754055601,1.167795953569078,1.3758907869320685,1.3758907869320687,1.166804213255446
2020-09-16,1.3696422996480808,1.1698571746622781,1.2562396648969607,1.1698571746622781,1.1636924623807965,1.174447470477782,1.1698571746622781,1.2637109248500784,1.2710040833002696,1.174447470477782,1.3928557183763641,1.3928557183763643,1.1845926790924395
2020-09-17,1.3524747829601378,1.1633652922574764,1.2556497164741904,1.1633652922574764,1.1615527565261248,1.1679191998238194,1.1633652922574764,1.2630356913863618,1.271219416138476,1.1679191998238194,1.3883565077068576,1.3883565077068578,1.1718072255508551
2020-09-18,1.3449744370014327,1.169784073967103,1.2614536971776527,1.169784073967103,1.1704472873029597,1.1743467754495334,1.169784073967103,1.266873195610597,1.2793736414097445,1.1743467754495334,1.4008396589540244,1.4008396589540246,1.1706954338785334
2020-09-21,1.3328920668486142,1.1593494850363926,1.2490034826268193,1.1593494850363926,1.1585279744224786,1.1639058221526082,1.1593494850363926,1.2546174700266424,1.2668693566249865,1.1639058221526082,1.3887883044638845,1.3887883044638847,1.1612453553539142
2020-09-22,1.321725726631616,1.1451803585257179,1.2343163606854348,1.1451803585257179,1.1421199889330411,1.1496612903080357,1.1451803585257179,1.240470778426742,1.2517511512901744,1.1496612903080357,1.371385876430477,1.3713858764304772,1.1462366198479175
2020-09-23,1.3142984431142293,1.1454923048978312,1.234756711868032,1.1454923048978312,1.1427846092119247,1.1500112302741095,1.1454923048978312,1.2367225905417758,1.2543859178683505,1.1500112302741095,1.3702116992195559,1.370211699219556,1.1445688821093964
2020-09-24,1.280024282610276,1.110377755897623,1.2031300284061006,1.110377755897623,1.1055179623370681,1.114786187386193,1.110377755897623,1.2068727828307209,1.2235332129439318,1.114786187386193,1.3417963803353228,1.341796380335323,1.1167744921416614
2020-09-25,1.2804109957631666,1.1050692707445782,1.1905421643635958,1.1050692707445782,1.1023133609730873,1.1094808539490864,1.1050692707445782,1.193807465610423,1.2093742640331895,1.1094808539490864,1.3262349187891302,1.3262349187891305,1.1189980754863047
2020-09-28,1.304243055209848,1.1281551927632911,1.2094190695699027,1.1281551927632911,1.1293021236387963,1.132611709813826,1.1281551927632911,1.208207365318312,1.2302233492004029,1.132611709813826,1.3495471556090854,1.3495471556090857,1.137342487389498
2020-09-29,1.3029172604574244,1.1274035854157742,1.2114170276166674,1.1274035854157742,1.129149695740516,1.1319017595374514,1.1274035854157742,1.212763193912551,1.2326066236473987,1.1319017595374514,1.3521122610480736,1.3521122610480738,1.1401217154201098
2020-09-30,1.3098424716298922,1.1352710256148024,1.2186387023950147,1.1352710256148024,1.1383314388083006,1.1398341038065596,1.1352710256148024,1.2167272262642892,1.2419828593082907,1.1398341038065596,1.3604852464180268,1.360485246418027,1.1451245267953651
2020-10-05,1.3087557332360666,1.1352391730514089,1.2217001837221975,1.1352391730514089,1.1409138638480305,1.1398047346643125,1.1352391730514089,1.2203146787905157,1.2418591091823,1.1398047346643125,1.356164707111372,1.3561647071113723,1.1456805733216415
2020-10-06,1.3283474293739246,1.148732685785226,1.2372680513917595,1.148732685785226,1.1578450741843491,1.153360961591207,1.148732685785226,1.2372183953326277,1.2570987491115833,1.153360961591207,1.3739874900650846,1.3739874900650848,1.1590217720092713
2020-10-07,1.336284539966978,1.1498023356013296,1.2403060515054751,1.1498023356013296,1.1604892166180907,1.154422733349549,1.1498023356013296,1.2382440185132946,1.2616605718316438,1.154422733349549,1.3837700005273004,1.3837700005273006,1.1651366764370794
2020-10-08,1.3617741808902692,1.1615301288412878,1.2449120557792175,1.1615301288412878,1.1654832368746324,1.166219964284649,1.1615301288412878,1.2439766453228283,1.2666071153855676,1.166219964284649,1.388431427197129,1.3884314271971292,1.1807012575491986
2020-10-12,1.3741763379192635,1.153411206189806,1.2382230143331308,1.153411206189806,1.1669862484606066,1.1580794411779758,1.153411206189806,1.2356857215150843,1.2590258431154278,1.1580794411779758,1.3770802307917351,1.3770802307917354,1.190151536993972
2020-10-13,1.3770382484260388,1.1491854183331423,1.2422096028610712,1.1491854183331423,1.167778499470756,1.15380208467936,1.1491854183331423,1.2394144091913493,1.2649293936066928,1.15380208467936,1.379821699549725,1.3798216995497252,1.1907072821400173
2020-10-14,1.3702825024244842,1.148175384753528,1.2441919481214123,1.148175384753528,1.1678583525200539,1.152724494618816,1.148175384753528,1.2389715277636728,1.2668334700784771,1.152724494618816,1.3828103339581483,1.3828103339581486,1.1862601154507304
2020-10-15,1.3558950274843335,1.143612423148636,1.242432288313674,1.143612423148636,1.1613548340757114,1.1482094995251177,1.143612423148636,1.2363116828012182,1.2664335007178613,1.1482094995251177,1.3794402254390574,1.3794402254390576,1.175142399647667
2020-10-16,1.3447868084397963,1.1360928413300866,1.2339143322377981,1.1360928413300866,1.1524776180258087,1.140643787073331,1.1360928413300866,1.2337727317022333,1.2535177341615125,1.140643787073331,1.3615716598755332,1.3615716598755334,1.170139588272412
2020-10-19,1.3689997933377271,1.1538798691592453,1.2490459458741,1.1538798691592453,1.1675916705390348,1.1585152862996848,1.1538798691592453,1.2490760818607127,1.2672108576412597,1.1585152862996848,1.3743697432043283,1.3743697432043285,1.185148524698563
2020-10-20,1.3563354449167906,1.1577162414206426,1.254093883252297,1.1577162414206426,1.1717821809226585,1.1623804476344406,1.1577162414206426,1.245980076675638,1.2772199557276027,1.1623804476344406,1.3817218806602252,1.3817218806602254,1.1784777746646324
2020-10-21,1.3602364419176436,1.1564681501966483,1.2552698689045785,1.1564681501966483,1.1692277092731496,1.1610726181289754,1.1564681501966483,1.2507339817694068,1.2774695524181026,1.1610726181289754,1.383499107895334,1.3834991078953343,1.1779219290585101
2020-10-22,1.3652927343390404,1.1587202933968201,1.2575504243911866,1.1587202933968201,1.1685119308667586,1.1632392390913753,1.1587202933968201,1.2572238999773442,1.2786026611054246,1.1632392390913753,1.38936885420008,1.3893688542000802,1.1795895663369542
2020-10-23,1.3581922586600639,1.15678754072468,1.2579262964235383,1.15678754072468,1.1644243892607284,1.1613318045608012,1.15678754072468,1.2551096196384373,1.2806128119485938,1.1613318045608012,1.3905825648517491,1.3905825648517494,1.1795895663369542
2020-10-26,1.353510237830407,1.1556695635200158,1.2523603888811405,1.1556695635200158,1.1636375966436687,1.1601959017721588,1.1556695635200158,1.2528722133789654,1.2742521090763068,1.1601959017721588,1.3826641714571979,1.382664171457198,1.1795895663369542
2020-10-27,1.3455664749503928,1.1512249418608191,1.2500771156285744,1.1512249418608191,1.1611793473686833,1.1556889435256965,1.1512249418608191,1.2497836956596142,1.2733342295083805,1.1556889435256965,1.3875633283405564,1.3875633283405566,1.1729190172231778
2020-10-28,1.3378397244395437,1.147443920172792,1.246236364460406,1.147443920172792,1.160489042283668,1.1519683122595834,1.147443920172792,1.2456580039473126,1.2699428983576693,1.1519683122595834,1.3792015028051392,1.3792015028051394,1.1673600588615691
2020-10-29,1.318261456558601,1.13394583805091,1.2384302706498052,1.13394583805091,1.1462811333560312,1.1383641955147814,1.13394583805091,1.2396783703596126,1.2590163433216395,1.1383641955147814,1.3716776225025673,1.3716776225025675,1.1545746053199848
2020-10-30,1.3037836804706315,1.1228133656297583,1.2256502242761713,1.1228133656297583,1.1335091065286995,1.1271524503270498,1.1228133656297583,1.2272884553446224,1.2463211231332554,1.1271524503270498,1.36137766982754,1.3613776698275402,1.1451245267953656
2020-11-02,1.3107453060429626,1.1209403537296094,1.2193869998375775,1.1209403537296094,1.1316668571263917,1.1252069108868148,1.1209403537296094,1.2236931384940912,1.2396749267213838,1.1252069108868148,1.353088727056001,1.3530887270560013,1.1495716934846525
2020-11-03,1.3281601273841999,1.1377480240942306,1.236060408881376,1.1377480240942306,1.145311771964625,1.1421199666936257,1.1377480240942306,1.2450009653104779,1.2529898889447337,1.1421199666936257,1.3643279530703247,1.364327953070325,1.1629129926323594
2020-11-04,1.3504618061760911,1.1461567936927795,1.245198086130586,1.1461567936927795,1.152869452343565,1.150615690181092,1.1461567936927795,1.2524431346327651,1.2637365740587618,1.150615690181092,1.3766700994551686,1.3766700994551688,1.1801457133233078
2020-11-05,1.3554739985043256,1.1548471571337595,1.2518580267763117,1.1548471571337595,1.1596023441154952,1.1593755896035627,1.1548471571337595,1.259736579174432,1.2710419250191818,1.1593755896035627,1.3816180765340307,1.381618076534031,1.179033720730832
2020-11-06,1.3616075704844712,1.1636719086155047,1.2605727966749163,1.1636719086155047,1.1738232667665751,1.168257656823147,1.1636719086155047,1.2662078770947411,1.2787033933862466,1.168257656823147,1.3869020824844533,1.3869020824844536,1.1862601154507306
2020-11-09,1.37992275601941,1.1799037347860202,1.2716957394822752,1.1799037347860202,1.1860209960151673,1.1845929736406016,1.1799037347860202,1.2758997469650055,1.2934854092364634,1.1845929736406016,1.4024899663810633,1.4024899663810635,1.201825098403158
2020-11-10,1.3594130143322571,1.1669517009979777,1.257081156210431,1.1669517009979777,1.1665988905615643,1.1716002430097434,1.1669517009979777,1.264485391572756,1.2786504930970777,1.1716002430097434,1.3861578423955976,1.3861578423955978,1.1907072821400175
2020-11-11,1.3743465367558756,1.1727375026460933,1.2629533102874573,1.1727375026460933,1.1738908084442696,1.177312305021058,1.1727375026460933,1.2795800372578041,1.2770691915725618,1.177312305021058,1.3821856152357783,1.3821856152357785,1.2090514931230565
2020-11-12,1.3754059458918513,1.16932148146045,1.2594482613020168,1.16932148146045,1.1647113883839533,1.1739646873792509,1.16932148146045,1.278334152774062,1.2718329871163259,1.1739646873792509,1.3753745076865806,1.3753745076865809,1.2096076401094098
2020-11-13,1.3863872443023568,1.176379305582317,1.264845832703967,1.176379305582317,1.1723506537325585,1.181174661902314,1.176379305582317,1.2845569235339913,1.2772853519806076,1.181174661902314,1.383671538389645,1.3836715383896452,1.214610551944742
2020-11-16,1.4410266084176424,1.1976434099437638,1.280513576392619,1.1976434099437638,1.201070200157354,1.2026042701001385,1.1976434099437638,1.2942271404032517,1.2963925567910692,1.2026042701001385,1.3995410824512091,1.3995410824512093,1.254078302401509
2020-11-17,1.444214227187077,1.1975315898708532,1.2777047021072896,1.1975315898708532,1.200844136830719,1.2024674097677217,1.1975315898708532,1.287800742221744,1.2945854482971515,1.2024674097677217,1.3974761767267385,1.3974761767267387,1.2629725353200059
2020-11-18,1.4740110850946107,1.212728701225691,1.2839780485855052,1.212728701225691,1.210738458855432,1.2177979446998695,1.212728701225691,1.2911290026925024,1.3024853630401725,1.2177979446998695,1.4033835769330805,1.4033835769330807,1.2713107217122264
2020-11-19,1.4590738967845203,1.2128931766999618,1.2866011204617578,1.2128931766999618,1.2123040073730973,1.217979992438668,1.2128931766999618,1.2911328269518059,1.3065430241685172,1.217979992438668,1.4080221839570493,1.4080221839570495,1.2690873392877369
2020-11-20,1.4539566494010583,1.2104509269168713,1.2882445109118281,1.2104509269168713,1.2146918222345071,1.2155163120317993,1.2104509269168713,1.2918581586683118,1.308084954046494,1.2155163120317993,1.407462394804823,1.4074623948048233,1.2674195010891387
2020-11-23,1.4761051005284964,1.2220157415804374,1.3017511321950366,1.2220157415804374,1.2318229761388524,1.2271460882913456,1.2220157415804374,1.305621728804313,1.322705126442323,1.2271460882913456,1.424438215163712,1.4244382151637123,1.283540128727534
2020-11-24,1.464326462067232,1.2157074154979108,1.3022530706505882,1.2157074154979108,1.225553825097524,1.2208121854638072,1.2157074154979108,1.3036855717207028,1.3227630114398647,1.2208121854638072,1.4190583680068167,1.419058368006817,1.277425626140034
2020-11-25,1.4486359981420232,1.2009350320514496,1.2900181185663397,1.2009350320514496,1.2104918817735157,1.205908551004667,1.2009350320514496,1.2952318300359746,1.3082004086627428,1.205908551004667,1.4050759263927897,1.4050759263927899,1.266863755943093
2020-11-26,1.4575695725034972,1.2147725381875727,1.3053905801859038,1.2147725381875727,1.2266972516332453,1.2197781288591087,1.2147725381875727,1.3076603626651444,1.3244218977199018,1.2197781288591087,1.4276131250223407,1.427613125022341,1.2768694791536805
2020-11-27,1.4592480432288493,1.2198075723408033,1.3121172338265255,1.2198075723408033,1.2318574190486133,1.2248618849954798,1.2198075723408033,1.3164189831931603,1.331428188712405,1.2248618849954798,1.4404781338877684,1.4404781338877686,1.274646197189268
2020-11-30,1.4360932912705542,1.2052545923298097,1.304061770791443,1.2052545923298097,1.2204295051448044,1.210215143398205,1.2052545923298097,1.3112356317183764,1.3203274987633464,1.210215143398205,1.4298654282408112,1.4298654282408114,1.2596372607631172
2020-12-01,1.4628029099449915,1.2239979101842173,1.3134068882608183,1.2239979101842173,1.238069438996484,1.2290652536642968,1.2239979101842173,1.3203738809045298,1.3294256850037143,1.2290652536642968,1.438530300690786,1.4385303006907861,1.2707548761061036
2020-12-02,1.4848018393404512,1.2318932173840544,1.3190609518314316,1.2318932173840544,1.2482304802551238,1.2370798031196837,1.2337651081931347,1.3240705675725675,1.336115260720641,1.2388728878101856,1.4483460530625472,1.4483460530625474,1.2829843835814885
2020-12-03,1.4810523375070892,1.2334953780312028,1.3191794515522555,1.2334953780312028,1.2486314321110652,1.238684558256124,1.2343728081696301,1.3242815828914312,1.3356511746873885,1.2394831036606773,1.4416771450187134,1.4416771450187136,1.2829843835814885
2020-12-04,1.496670941209462,1.2416437727427614,1.3234599877317819,1.2416437727427614,1.2562629668572236,1.24681943838728,1.243213927907812,1.3291022021055254,1.3410034284403833,1.248360825577743,1.4489882269920618,1.448988226992062,1.3041081239753702
2020-12-07,1.520550712030731,1.2425072079916275,1.3240461457240937,1.2425072079916275,1.2588000114727398,1.2475555284620388,1.2428767076368683,1.3317679255792538,1.3402663763250147,1.2480222092170454,1.4471038128321845,1.4471038128321847,1.3163376314507553
2020-12-08,1.5461873811738966,1.255134805705071,1.3349159355167373,1.255134805705071,1.2719723419069922,1.2604386067651265,1.2540925789430482,1.3399248481581405,1.3485610464640443,1.259284514158335,1.4533897949715426,1.4533897949715429,1.3346816415136402
2020-12-09,1.541778741492018,1.2670456805246826,1.3515897982720995,1.2670456805246826,1.2863634426009491,1.2725798932300327,1.265385445260504,1.357418179691359,1.3635720873898418,1.2706241328697525,1.4754619870997387,1.4754619870997392,1.3346816415136402
2020-12-10,1.519460967790188,1.2516779072608113,1.3371415069135926,1.2516779072608113,1.2699650093451516,1.257145803496398,1.2505977476992371,1.3405437999206464,1.348673935599549,1.2557752143356402,1.4624769044043517,1.4624769044043522,1.3185611143353215
2020-12-11,1.527088061061031,1.2489399291944898,1.333688976179881,1.2489399291944898,1.2702313992790826,1.2543955164876779,1.248070845121913,1.334113449128232,1.3475239671349968,1.2532378503978894,1.4635180781781898,1.4635180781781902,1.3202286511536885
2020-12-14,1.5081067174450482,1.2433231764366224,1.3320125192766923,1.2433231764366224,1.2651489521527544,1.248619227321983,1.2431615457136136,1.33406204920922,1.3433026409990756,1.2483082265215975,1.4599671963949161,1.4599671963949166,1.314669994172311
2020-12-15,1.4946400966040514,1.2288347588137474,1.3119905120495445,1.2288347588137474,1.2493268734055734,1.2341813186147557,1.2295366371751173,1.3089918154076732,1.3269040873154871,1.2346269109493353,1.4468992432316048,1.4468992432316052,1.3013287954846813
2020-12-16,1.522361100975829,1.2601049665967916,1.3396904667812615,1.2601049665967916,1.2828439799731093,1.2654141750070425,1.259507741715944,1.3346654421392286,1.3486136934899502,1.2647220956703014,1.4689161503621393,1.4689161503621397,1.3257876095152974
2020-12-17,1.5172907379937195,1.2546513484532409,1.3337174453440204,1.2546513484532409,1.2739360709476526,1.2600965021030015,1.2554910968983028,1.3308995333085147,1.343098076610078,1.260688821968935,1.464476550866854,1.4644765508668545,1.3185611143353217
2020-12-18,1.5216965973418095,1.2549487551202685,1.33070514041843,1.2549487551202685,1.2756039362024996,1.2604430893781573,1.2552218164386946,1.3225730499534312,1.3449854693714536,1.2604184266899547,1.4674455565953097,1.4674455565953102,1.3141139476460348
2020-12-21,1.5339991929566672,1.253177980783448,1.3318078072896982,1.253177980783448,1.2714986917031765,1.2584835847787912,1.253687136205687,1.328391362424751,1.3462742907596057,1.2588773928906478,1.474844015219968,1.4748440152199684,1.3268994011876194
2020-12-22,1.5144720641411857,1.2399300655946337,1.3163953997765763,1.2399300655946337,1.2607208998154444,1.2450272721639064,1.2406407350559825,1.3155779766272828,1.330478416837024,1.245776979724048,1.4586820507289657,1.4586820507289662,1.3118906656816225
2020-12-23,1.5158216135942237,1.243886175583121,1.3240863172100499,1.243886175583121,1.2646752021797594,1.2488805211101979,1.2431186771341356,1.3252511949984256,1.3386361392804842,1.248265180466476,1.468610343897288,1.4686103438972884,1.3135582024999894
2020-12-24,1.5183693800695182,1.2450655788029692,1.3252269656249513,1.2450655788029692,1.2658195029471409,1.2499132194286298,1.2443397445935114,1.330968064601616,1.3342311815320782,1.2494913031372843,1.4600140275539408,1.4600140275539413,1.3207847981400422
2020-12-25,1.5205566305975076,1.2451880611906205,1.324818647672495,1.2451880611906205,1.2657471830721057,1.2500476246036765,1.2450933197973018,1.3352679735567283,1.3322650714772903,1.2502479981375743,1.4580760192438307,1.4580760192438311,1.3224521340382553
2020-12-28,1.5319962553018098,1.2535771895683967,1.3334807466046608,1.2535771895683967,1.276260207050096,1.258514356113861,1.2534256274073299,1.3426581909725253,1.341354733837933,1.2586148014475464,1.4681274604502974,1.4681274604502978,1.334125996827672
2020-12-29,1.5336574314698903,1.2584440926627487,1.3337444268111425,1.2584440926627487,1.2845494855884192,1.2629211452461102,1.2583460765586105,1.3434458597831986,1.3382691151881172,1.2635556212266839,1.4659492120391049,1.4659492120391053,1.3330140042351961
2020-12-30,1.5612341614563086,1.2764074446051266,1.34573647251945,1.2764074446051266,1.3030389064481005,1.280841985272007,1.277641920709809,1.3502999465642354,1.3524410355492091,1.282931350048631,1.4837506257475113,1.4837506257475117,1.3519142617445115
2020-12-31,1.5720495549164895,1.2766981584786583,1.3477631632321017,1.2766981584786583,1.3049231414290137,1.2813633669113733,1.277929479675761,1.3529698701954742,1.3546501922761378,1.2832200995068535,1.4829386272313076,1.482938627231308,1.359140756924487
2021-01-04,1.58848529426929,1.2871935073330518,1.35985941414382,1.2871935073330518,1.3115515947132588,1.2920758166482273,1.2879379536357833,1.3630133858137814,1.367593564882687,1.293270008484734,1.4966108830881197,1.4966108830881202,1.3824878797428584
2021-01-05,1.6014171400759463,1.2869973669692882,1.3649347911587038,1.2869973669692882,1.3122529403956842,1.2919153342558947,1.2865659617717773,1.3658190357334685,1.37426490484521,1.2918923365832302,1.5059591844662563,1.5059591844662568,1.3852673086936242
2021-01-06,1.6133500733217283,1.2774854568334062,1.3574318019701952,1.2774854568334062,1.3109704822565185,1.2826278698045626,1.2750376539930226,1.3451473584421578,1.3745245157395523,1.2803163016843777,1.5080312440849584,1.5080312440849588,1.4002763455798521
2021-01-07,1.653640312120233,1.2949136386871944,1.3759952776589695,1.2949136386871944,1.3332728558205122,1.3000704070980253,1.2884702558989314,1.3601904284671156,1.3933402977560687,1.2938045144758297,1.5301772607346502,1.5301772607346507,1.4330734464627655
2021-01-08,1.6911566083309308,1.3107076631077146,1.3877088049793527,1.3107076631077146,1.3491163070276067,1.3161490953294377,1.305436855703508,1.3704492067915182,1.4049127414927955,1.3108413558945329,1.5387981652119267,1.5387981652119271,1.4586442530858572
2021-01-11,1.7026240905724197,1.3191848329301472,1.3938000710890879,1.3191848329301472,1.3612126268620257,1.3247343740030009,1.3155568352323548,1.3778345769514584,1.4128926720648483,1.321003232073576,1.547575946253901,1.5475759462539014,1.4708739614813964
2021-01-12,1.717135354284897,1.3180165692236538,1.3857462455383822,1.3180165692236538,1.3617130308261676,1.323797785761961,1.311984030505924,1.3616128492185275,1.4091302995405683,1.3174156359585447,1.5439131945131592,1.5439131945131597,1.46865047859683
2021-01-13,1.7556803781491077,1.3431575713138062,1.410873411044667,1.3431575713138062,1.387923705896067,1.3491413069460625,1.3393197257124598,1.379338421371616,1.4383508458749688,1.3448645007675166,1.5781375295216333,1.5781375295216338,1.5042271088905865
2021-01-14,1.7270551047547882,1.340170080804443,1.4173889757879685,1.340170080804443,1.3865016815844553,1.346200283469903,1.3342064284314181,1.3889440095650316,1.444817157702846,1.3397300344686005,1.5860723959075793,1.5860723959075798,1.4903296627565263
2021-01-15,1.7390185176449477,1.3193262399331034,1.399993269477862,1.3193262399331034,1.3666443469446816,1.3254132297344399,1.3098111088666655,1.3695575579326447,1.4292424518878535,1.3152337184376675,1.5749151624105668,1.5749151624105673,1.4953326750519356
2021-01-18,1.7513236326866202,1.3182404784778623,1.3973431556014977,1.3182404784778623,1.3668931652102205,1.3243852829700815,1.3097132678179333,1.3671595956836584,1.4277851960128183,1.3151354723276225,1.5858626277644412,1.5858626277644416,1.4942210842997679
2021-01-19,1.8014807839578397,1.340562887799696,1.409791989407873,1.340562887799696,1.3885363173162648,1.3469325743933227,1.3338444709586954,1.3706089171838594,1.4442317792981931,1.3393665784942677,1.610012945732843,1.6100129457328434,1.5336887342964578
2021-01-20,1.8359781482936588,1.3198081893918825,1.3864150753952833,1.3198081893918825,1.3665522375723556,1.3262740113613505,1.3122694183434689,1.3405058728575212,1.427446010674624,1.3177022052999026,1.6035838805054325,1.603583880505433,1.5364681632472235
2021-01-21,1.8984136402564724,1.3425388121708484,1.4061064981567497,1.3425388121708484,1.3884086437590533,1.349150726785844,1.3362801766670132,1.359655162330775,1.4510918272408464,1.3418123680085607,1.6316441450960018,1.6316441450960022,1.5898335607582044
2021-01-22,1.8558701408272449,1.360778806089374,1.432265096757379,1.360778806089374,1.40507263533003,1.367697048297206,1.3549775519154048,1.3843965410385355,1.4821051939529564,1.3605871502702906,1.6607169988024655,1.660716998802466,1.5614332960659933
2021-01-25,1.8211707405296431,1.3573537801466629,1.432586654085937,1.3573537801466629,1.399561057470419,1.363989754771204,1.350975783453685,1.395934562064724,1.473218719124396,1.3565688145128636,1.6450888441800486,1.645088844180049,1.5404174497948253
2021-01-26,1.781879792779328,1.34171989175907,1.4195914548837874,1.34171989175907,1.383418883287714,1.3483304876080662,1.3339940790035112,1.3858190751202433,1.4560528058895612,1.3395168059154277,1.6242701353003615,1.624270135300362,1.5091773796455628
2021-01-27,1.7819128607677064,1.3536264781322143,1.4299405940358765,1.3536264781322143,1.3974168450900237,1.3604525863357904,1.3449812343520635,1.3937681413734022,1.465517881480462,1.3505494480164955,1.6354432925449458,1.6354432925449462,1.5114493847473274
2021-01-28,1.7432940126677676,1.3283041202188504,1.4028225098146945,1.3283041202188504,1.3656333830324332,1.3350428119649422,1.3222841536662406,1.3743449258445872,1.4342690633202995,1.3277584015625343,1.595221675068198,1.5952216750681982,1.480777315873506
2021-01-29,1.710381120221925,1.295140251380516,1.3741697883547233,1.295140251380516,1.3309538277764514,1.3016386148551347,1.2918656778123063,1.3459177462325782,1.4079916088092677,1.2972139934141003,1.571848425105833,1.5718484251058331,1.456353261029537
2021-02-01,1.7593093181950445,1.3137732819974244,1.3819029025449427,1.3137732819974244,1.352126515173732,1.3204522493850532,1.312533877602093,1.3452423456108542,1.4189612980505777,1.3179677594181576,1.5864510846521132,1.5864510846521134,1.485321326077035
2021-02-02,1.8146717002710373,1.3433524369254712,1.4063157097767955,1.3481624929199696,1.3843648828965083,1.3501601769257974,1.3413853211671014,1.3630023876573394,1.4485945472043198,1.352281107385664,1.6249448125980996,1.6249448125980999,1.5273532195395254
2021-02-03,1.8121513691176612,1.3488477861866566,1.4095775560574022,1.3515277282604101,1.3885886458317402,1.3556740006400327,1.348332062565927,1.3675405245568144,1.451744581580216,1.3573589193021176,1.6196257806080308,1.619625780608031,1.5262175183688742
2021-02-04,1.8036047910238797,1.342676131918016,1.4104240228005118,1.3425445617665306,1.380295023837904,1.3494705940888148,1.3409068481172,1.3699030216501034,1.4486397437259562,1.3461031710517357,1.6055996958817276,1.6055996958817278,1.5171292970416619
2021-02-05,1.8158486135935332,1.3468772300672702,1.4151770722653911,1.3462465361210374,1.3840381542230469,1.3537312924845073,1.3457318523475592,1.3802809406778878,1.4571094231040889,1.3506164741321445,1.61576013400805,1.6157601340080503,1.5313294293877673
2021-02-17,1.895682911147609,1.3849563439634212,1.45085038041532,1.3901746606010967,1.4264733794814817,1.3919905747620136,1.385602293523621,1.418700455978662,1.5018847555211137,1.39822120402375,1.6665606205409016,1.6665606205409018,1.596649274683267
2021-02-18,1.8911119991628502,1.390649949427375,1.4635293746107352,1.3941441069819596,1.4296482183667356,1.3975668657342217,1.3911110760539611,1.4314741703046203,1.5133221318014887,1.4016586962985171,1.6813406219470308,1.681340621947031,1.5943773700415795
2021-02-19,1.8741205140223776,1.3916149347955986,1.473580921280748,1.3896072780821735,1.4244092829209223,1.3984984792553812,1.3927090182236654,1.4528418776347412,1.5176087452469769,1.3970746306221429,1.680764157208381,1.6807641572083811,1.5773376331585764
2021-02-22,1.8750577310214742,1.4076315256493244,1.4885496198761181,1.4057874653904308,1.4398590973906271,1.414624756079993,1.407945953644915,1.473197517208889,1.5298641521437326,1.4122607538803804,1.6834983631208056,1.6834983631208058,1.5767694309629814
2021-02-23,1.8575766777977185,1.4141566045478962,1.4944126725253943,1.408479958620453,1.443182571656793,1.4209086725104363,1.4156583247536885,1.4846199193049225,1.5339209122844948,1.4159950258561027,1.6823749883335495,1.6823749883335497,1.5733614233103346
2021-02-24,1.815763236170018,1.3930217776645815,1.4854219529121286,1.383640355271837,1.4194950114122644,1.399825674843632,1.3956593450158068,1.479165480294673,1.5219763912427149,1.3920142863809761,1.6668166481839721,1.6668166481839723,1.5500731700970938
2021-02-25,1.8421303016155872,1.4068935349045169,1.4995060815665087,1.402315361545839,1.438290003257376,1.4137106396532946,1.4072073134348972,1.4955493731420135,1.5415001907712296,1.4083368459080412,1.6833614955011742,1.6833614955011744,1.5625693990769527
2021-02-26,1.7645047054882064,1.3629349942971316,1.4720823892800732,1.3606623417932524,1.3938190637955965,1.369419819893978,1.3621588466781258,1.4815607677251594,1.5048943328031117,1.365351359334963,1.6493941538845487,1.649394153884549,1.5154251927552613
2021-03-02,1.771484784885704,1.364142689204425,1.4641848494473009,1.3592434645870217,1.39403131054231,1.3706863892678067,1.3630471782556037,1.4714112324361928,1.4994622004409908,1.3630453178946285,1.6449737277342,1.6449737277342003,1.5159933949508566
2021-03-03,1.804555966795363,1.3811905934004614,1.4778260932199945,1.3723578400070462,1.4081908355922286,1.3874023684274164,1.3816854438787367,1.4847265843780566,1.5168075052173435,1.3761363906457578,1.6552908927138288,1.655290892713829,1.538145042852753
2021-03-04,1.7503315973212892,1.351948938684805,1.455691982149373,1.343049219781952,1.37900358832501,1.3582869215823956,1.3539880704034264,1.4676814976823789,1.489202675628626,1.3482855657910848,1.6315195315621245,1.6315195315621247,1.5080412766346036
2021-03-05,1.7480488033769552,1.3464131620894468,1.4506468337394638,1.3371912264514627,1.3731761260457365,1.352930350991874,1.3517171122985452,1.4610428792574497,1.4815874427653493,1.345769925742994,1.6285361331629844,1.6285361331629846,1.4989534571476995
2021-03-08,1.7391198032941118,1.3394165020825122,1.4469719133300127,1.3276197003053989,1.3644626009218166,1.3455928076663937,1.3453109153363598,1.4580474856081116,1.4771485667388964,1.3352270997901572,1.6209641900347753,1.6209641900347755,1.49781735413674
2021-03-09,1.7296856180937665,1.331304706990361,1.4400278617906803,1.3121878352667586,1.351240684925699,1.3363974232854878,1.3391613214965594,1.462428171083301,1.4602265895436624,1.317774491711988,1.5997412793312136,1.5997412793312138,1.4921375423024827
2021-03-10,1.7364122666466226,1.33812827302275,1.4496518206533182,1.32274613429209,1.3614284338209002,1.343397039111035,1.3446043624142354,1.4674183025377305,1.473616410936035,1.3283355234034204,1.6118934222591486,1.6118934222591488,1.4983853554121813
2021-03-11,1.7735146943516362,1.3698593406376445,1.4802142103510065,1.3587209936825415,1.3960399843486404,1.3756470131662717,1.3712208999314406,1.4926243002894062,1.5082315372476505,1.361661530054997,1.652928073464271,1.6529280734642713,1.5301934268368849
2021-03-12,1.7843117295457882,1.3713191004217489,1.483334682944874,1.360862845539296,1.3985524750013636,1.3766860609931828,1.3713626312400344,1.4975020960514307,1.5151754101546544,1.3625251092683086,1.6673658223890013,1.6673658223890016,1.5364412399465834
2021-03-15,1.7787854529734872,1.3732618384162134,1.495265679434034,1.367523298321243,1.404369157404575,1.3775959918674323,1.3712699623363331,1.5167450728460414,1.5274549777371242,1.3677946917908264,1.6808238275748284,1.6808238275748286,1.5324653314785726
2021-03-16,1.78607854019924,1.3813359653745407,1.5057337994097089,1.3796759952685016,1.4156343612236966,1.3862123298752633,1.3779143980080477,1.5298854796544281,1.5437331315608966,1.3805315025737868,1.7117833360442185,1.7117833360442187,1.53757744341762
2021-03-17,1.7701986934528642,1.3745035140156203,1.501215170788037,1.3717262754376325,1.4080716467857213,1.37870818496356,1.3674831054407863,1.526790353751253,1.5367346503903012,1.3676455230577675,1.7056242160081554,1.7056242160081556,1.5245133136223967
2021-03-18,1.7697803667081387,1.3839923584522231,1.5087177038792479,1.3795866456672925,1.4165414297951078,1.3879432287119535,1.3746938199658605,1.5394649275604135,1.5423110644401308,1.371967620340327,1.7070099702649186,1.7070099702649189,1.5324653314785728
2021-03-19,1.7412212955305846,1.3687839295332052,1.5047903975612256,1.3676648433749885,1.402865887617209,1.3723593830336587,1.358624098757115,1.5393502736442675,1.5406689173160786,1.3600176548787763,1.709558219922503,1.7095582199225032,1.508609478830199
2021-03-22,1.7465352068623545,1.371610788001515,1.5077106233662516,1.3708519169795514,1.406696961707227,1.3727252948799806,1.3577097050668583,1.5531598763717338,1.541003311555071,1.3589202377342866,1.698543434224725,1.6985434342247252,1.5154251927552616
2021-03-23,1.7479945502633418,1.369893576875591,1.5039775484098317,1.3698533114279918,1.4056511585365077,1.372374407460031,1.3550810063255447,1.5425201362669005,1.537680051590247,1.357284219032316,1.7009525900437392,1.7009525900437394,1.517697298317103
2021-03-24,1.7094681231119346,1.366568448426363,1.5099353784477076,1.3685887511798214,1.4035623662343455,1.368900731435272,1.3519559589809733,1.5497878564070104,1.5433651259825634,1.3567566589955495,1.710665952412891,1.7106659524128913,1.4938414456687292
2021-03-25,1.7081719862273046,1.3688455430767301,1.512229992306186,1.3688328242524253,1.4053470391630283,1.3722392354649968,1.357782511205177,1.5454719868388362,1.5489784418966672,1.3606344766318286,1.722360760381799,1.7223607603817992,1.4989534571476995
2021-03-26,1.7475684217694458,1.3906879552538531,1.5365304094985162,1.3923190651641384,1.4299674481067612,1.393164304478872,1.3782703450442457,1.56117182559785,1.5795570865483688,1.3831978340622988,1.7674787076521865,1.7674787076521867,1.5262175183688742
2021-03-29,1.7716874854467815,1.4053565247972506,1.552558412528741,1.4102809777722052,1.4478124270165036,1.4070663445139482,1.3900746825081223,1.5802488254344773,1.5976329854348874,1.3982593876554101,1.781004195443557,1.7810041954435571,1.5387130441281942
2021-03-30,1.7723303962307264,1.4179928944848275,1.5652750721246012,1.4235737391220105,1.4622745322021133,1.420089608824461,1.4043248634301486,1.5918166307602999,1.6115113461659019,1.4144365602631286,1.7959529860741623,1.7959529860741625,1.5438252565273185
2021-03-31,1.7478730180981603,1.408512764499761,1.56583602787313,1.4141621140596805,1.4532811525752376,1.4096982361466186,1.395698323363085,1.5847721177945386,1.6200848642334411,1.4060971399682476,1.8127690861683976,1.8127690861683978,1.5307613276522494
2021-04-01,1.7827587090403385,1.4175559313919286,1.575200877282742,1.4262915993781193,1.46481323492805,1.4179477330659584,1.3971208376754334,1.598460791881759,1.6348085697099324,1.4105962056238497,1.829548687748644,1.8295486877486442,1.542121252700995
2021-04-07,1.8057432752604394,1.4346145577976803,1.6133124676800632,1.449104037320133,1.4897265588129949,1.4321264682634547,1.4055936706984493,1.6395206239422244,1.6729788259948672,1.4267599613414783,1.8863889746648301,1.8863889746648304,1.5654096063743126
2021-04-08,1.8173513949363072,1.448987562358135,1.6290108459774744,1.4619704001789606,1.503526448112473,1.4468789491221663,1.4226100759916191,1.6549476999268335,1.6885241330848224,1.441464097680695,1.8888020670786259,1.888802067078626,1.5705213164730518
2021-04-09,1.8066079697733246,1.436813289246595,1.6210327849771207,1.4507578858813568,1.4941209993627094,1.4357285235347481,1.4103842498241057,1.6475055012182387,1.670067315767502,1.4312143920908638,1.8748678857658858,1.874867885765886,1.567113308820405
2021-04-12,1.79071064554983,1.4225795333547642,1.6106881821828134,1.4362880247804037,1.4805524172514417,1.4180185411312178,1.3936139944025383,1.648301068820922,1.647825228821063,1.4134418218506974,1.8433473650847605,1.8433473650847607,1.5580251879532698
2021-04-13,1.7880381286539346,1.4155415972462482,1.5954130924314078,1.4275781259047275,1.4714289676678782,1.4112023323260448,1.3899484931073516,1.6259712114267733,1.6383538746540611,1.4080880617014695,1.8485591737194438,1.848559173719444,1.5580251879532698
2021-04-14,1.8023801782992444,1.4157059679853201,1.5882331115419037,1.4280356287518754,1.471997562062516,1.4108377190178474,1.3894780846094645,1.6193665434785947,1.6288431822340432,1.407813356038888,1.8320951764852549,1.832095176485255,1.5665452070848869
2021-04-15,1.8226927345019999,1.4310711277016603,1.6075442249270062,1.4436605614295108,1.4875806987969693,1.4256407883768003,1.4054032686795181,1.6437701543354475,1.6541385136587317,1.424168135865965,1.8620141319880097,1.86201413198801,1.57960933688011
2021-04-16,1.8107374165114012,1.4473699873452537,1.6225229820590665,1.4588529481621386,1.5025191589969595,1.4393181207142325,1.4205407784957098,1.6608486478940963,1.6701074279038481,1.437517602789618,1.8710839149948366,1.8710839149948368,1.5818816433621055
2021-04-19,1.7977630560591045,1.4508860531234908,1.6252008390606552,1.4641590421124882,1.5109719692730024,1.4396568870671909,1.4217065516239902,1.6737911026438752,1.6730279654317077,1.4410246584246431,1.8743884259077268,1.874388425907727,1.584721147438926
2021-04-20,1.8017067529905912,1.4661155963052075,1.6363964611886244,1.4798633479177614,1.5278823027967923,1.4543484581470079,1.434074306998355,1.6878676376454058,1.682943458725714,1.454018593768017,1.8877973896201898,1.88779738962019,1.5818816433621055
2021-04-21,1.7747337978381503,1.4497509284307124,1.6295828438573357,1.4644409533396763,1.5150669330810742,1.4343510991703055,1.4152431814171258,1.6922288070957745,1.6764593532604057,1.4359519189077874,1.8848866297705378,1.884886629770538,1.567681410555923
2021-04-22,1.7676053834924004,1.4367512744599382,1.6059328712734462,1.45072272238227,1.500047936034726,1.4227414826626015,1.4083839845439146,1.664994607477221,1.6545703294687335,1.4281037805995231,1.850936374270192,1.8509363742701923,1.5665452070848866
2021-04-23,1.8005445669290034,1.4637018711544492,1.6375833476215258,1.4781729948730151,1.5299154254587861,1.450747385453642,1.4370087383803283,1.6953676622140121,1.6962978999889795,1.4577038191295506,1.9135432552708251,1.9135432552708254,1.580745339430992
2021-04-26,1.825185950370496,1.4852677697873855,1.6616659760097399,1.4992250790537693,1.5496574489502377,1.4692665195118029,1.4546726076805983,1.7293517832078642,1.7187701359287388,1.4740903446419256,1.933543635179125,1.9335436351791253,1.6040333917240788
2021-04-27,1.8257781858253184,1.4865605524908199,1.6627102608618567,1.5026266983407288,1.5533525277527007,1.468941461715008,1.4548568722698276,1.7332683252025112,1.714206025673557,1.4771946417541204,1.9345381006071194,1.9345381006071196,1.6046014934595967
2021-04-28,1.811030642451153,1.4911063599723091,1.6666271197367943,1.5074644714266086,1.555774488604761,1.4724443601614134,1.4539002136272852,1.738338362218733,1.7178879987036095,1.4761086656402396,1.9363275547215337,1.936327554721534,1.5949451703968662
2021-04-29,1.8095722034478492,1.4986088349243503,1.6743965437917,1.5157820883139654,1.5677401298867302,1.4787715008489233,1.4640751266888008,1.7377837395344151,1.735682353762094,1.4875316988851595,1.9583191106826408,1.958319110682641,1.5972175773389388
2021-05-03,1.777685392403803,1.479613192636467,1.6432698219860424,1.4980952670091712,1.5522688284366877,1.4564625085800829,1.4381095823520653,1.7159094333152878,1.6985366477149941,1.4628393486563598,1.9026979508982833,1.9026979508982835,1.5705213164730514
2021-05-04,1.7718696868575674,1.449795132730221,1.6028699296289417,1.4659801730440443,1.5192812686899015,1.4321880817450787,1.4252857274446207,1.6676317864073815,1.6583494810067803,1.448357372923808,1.8720218940276796,1.8720218940276798,1.556889587242695
2021-05-05,1.7498565672647,1.4251910545968491,1.5805628955696667,1.4400222733368733,1.4917706511928275,1.4035408147795025,1.3964732403147866,1.6526894797975344,1.6339300744061926,1.4168180145880147,1.8254948004682678,1.825494800468268,1.5421212527009946
2021-05-06,1.7526637171204797,1.4221516837140353,1.578420669800612,1.4369794759815504,1.4873282388350708,1.4022207527881638,1.3956396825128483,1.6498143904475817,1.629079935838204,1.4162274594350013,1.8125572538947878,1.812557253894788,1.555753182851505
2021-05-07,1.7893110382349313,1.452991006298218,1.6197769324801081,1.469450772462666,1.5215703274226031,1.4303599365179718,1.4195836989702377,1.7012401705776579,1.6677289970428744,1.442179945744649,1.8670615890466786,1.8670615890466788,1.5835851448880438
2021-05-10,1.7651509308849977,1.4431490543956929,1.605915583922227,1.4623125948746478,1.5141142748536471,1.4139627097564815,1.4010411898731634,1.6919310818796207,1.6545622865442455,1.4262044769170015,1.8351246396303067,1.835124639630307,1.5727932211147393
2021-05-11,1.700687459490831,1.3729030126592177,1.5230806190085795,1.3901692463764548,1.4384904327209012,1.3437803037140075,1.3370551055076385,1.6078697487112483,1.569864864926611,1.3599809524406201,1.7234851174206907,1.7234851174206907,1.513721490309169
2021-05-12,1.6595850174382467,1.3256735243428202,1.4602278666246553,1.3393654223888478,1.3855256980140902,1.301282652641897,1.2996138875416618,1.5229834996726979,1.5145291264190008,1.3185788655090873,1.6774909831061127,1.6774909831061127,1.4699850907199703
2021-05-13,1.6332757718527566,1.3247507433082049,1.463540999225446,1.33624223079582,1.384970539259275,1.3061515506475199,1.3072378570711432,1.5264574719942379,1.5156605926093725,1.3237403427604242,1.6808531983754178,1.6808531983754178,1.4484011427132841
2021-05-14,1.6599408644021751,1.3411259720836555,1.4797384968034617,1.3552276990213485,1.403543987222503,1.324497724823243,1.3227344613985756,1.5475365744856202,1.538756951489494,1.342992566561949,1.6919442315924191,1.6919442315924191,1.4648731797010772
2021-05-17,1.6343111709069007,1.3171604794124663,1.4385782482479643,1.3295800546554455,1.377451744810149,1.303601529069542,1.3032735694585174,1.4994427333581342,1.4973736140977731,1.3218027108826558,1.6487816891648355,1.6487816891648355,1.4370410167443846
2021-05-18,1.7038639061869336,1.375234698267559,1.5108476667452,1.3911692850049815,1.4404108329765153,1.358132435626122,1.357618576656095,1.5722177329932794,1.578193126686787,1.3809075981074987,1.7406522589912188,1.7406522589912188,1.5029293656157106
2021-05-19,1.6923682329046559,1.3716146317429372,1.5131747124199701,1.3865198075633038,1.438306142341685,1.3483507864922395,1.3476655520676248,1.5813382099391602,1.5826573039962908,1.3685360769597608,1.7439033843669773,1.7439033843669773,1.49270534265777
2021-05-20,1.692730702401823,1.3720700966910575,1.501946312166359,1.3877956518658394,1.4383339901102183,1.344536871978448,1.3412940818722574,1.5716753694097434,1.572144209126863,1.3629529071030557,1.7233031301137796,1.7233031301137796,1.4824814201599068
2021-05-21,1.714741059255114,1.3965707390848834,1.5309620884359203,1.4121088513143596,1.4634044745948351,1.363671604328527,1.3601240285119602,1.5966437286466604,1.60359942977995,1.3810758444120592,1.751030890778691,1.751030890778691,1.5034972664310748
2021-05-24,1.7086122429707642,1.4067297529391345,1.5546373071965331,1.4230058217892911,1.4747074556855193,1.3709374472207996,1.3685743379124307,1.6183710558639308,1.6370345342492947,1.3900053359628135,1.787401195084963,1.787401195084963,1.5012251608692333
2021-05-25,1.7488999172760482,1.4317160538955735,1.5794246572109651,1.449555733977798,1.499943433965927,1.3991969182394002,1.3974450678826513,1.6344777586853665,1.6626135179236774,1.4217142852505646,1.8313165616987988,1.8313165616987988,1.5267854191842385
2021-05-26,1.7552441767065958,1.4375598518064625,1.5832737303348177,1.4564096498295758,1.5061291751711445,1.3993100445435287,1.4013660474701712,1.6341724888497522,1.6686715886315175,1.4268244254946076,1.8361999424739288,1.8361999424739288,1.5279211203548897
2021-05-27,1.7506872858997056,1.4411506995069798,1.5874828357960156,1.461060837568941,1.5130533392279586,1.3985392459395545,1.3996213323050486,1.6370884310469835,1.6756635671612543,1.426126601564809,1.8452993928650387,1.8452993928650387,1.517129297041662
2021-05-28,1.7731771871231485,1.4573077893226964,1.6041169769673407,1.4782684118463483,1.5300461157623555,1.4104056329565866,1.4125555083454548,1.6572560512969539,1.6915224632319095,1.4398808500632223,1.8645940516731077,1.8645940516731077,1.542689053056282
2021-05-31,1.7947146926557511,1.475804979662263,1.6194154957661453,1.494605325340619,1.5463091598546455,1.4327179260083676,1.4371718961640043,1.6695146238872842,1.7061368021948842,1.4621199603435129,1.8978594492644034,1.8978594492644034,1.5574574880580598
2021-06-01,1.8006298345810103,1.4856479174085668,1.634380571369202,1.5043798275331197,1.5574463696510026,1.4363042149967002,1.439810681323827,1.7029718448357258,1.7117920008714427,1.4636415185788647,1.8983652175496728,1.8983652175496728,1.5642734029032765
2021-06-02,1.7902398000908937,1.4758951196863992,1.6245541660175562,1.494078236612842,1.5466552070297317,1.4263889310557487,1.433482938805208,1.686643959389638,1.7007152517479358,1.456529031627648,1.8882473180198753,1.8882473180198753,1.5642734029032765
2021-06-03,1.7955549627891425,1.4823656412126645,1.6346909104052334,1.5008240962069208,1.5536913294708903,1.4319627403396253,1.4381211328244716,1.7002179852989916,1.7110755394383454,1.4618818735380794,1.9050390031150366,1.9050390031150366,1.5631376012725482
2021-06-04,1.7893374506444129,1.4729634235083362,1.6204536758664267,1.4913571887123644,1.542998662676004,1.4229759299714884,1.428503788800674,1.6843089288175157,1.696599007090564,1.452165693893217,1.886612742436732,1.886612742436732,1.5557531828515054
2021-06-07,1.7819011625531584,1.468960467016301,1.6199295296911544,1.486257455148618,1.5387762860111813,1.4221261227673887,1.4278883978425572,1.6851695556704778,1.6946799318623533,1.4499544910626385,1.8909262465334422,1.8909262465334422,1.5597295936199016
2021-06-08,1.7779926322283144,1.4728481297172313,1.623483083380827,1.4919530232589246,1.543199288562179,1.4211412505088055,1.427257745138855,1.6824638043425617,1.7031584596653042,1.4522902420726809,1.9156337450564402,1.9156337450564402,1.5506412718326124
2021-06-09,1.7693950499887994,1.4660496411982775,1.6201202929516434,1.485850295156336,1.5366729038332287,1.4160268029432235,1.4255400361709132,1.6807482179411675,1.7031607738369487,1.45280375927306,1.9167537909647878,1.9167537909647878,1.5392812463237897
2021-06-10,1.8034877098498632,1.4867121710543414,1.6437076502851153,1.5049066155913935,1.5558679372432829,1.437900825858892,1.4484706342209979,1.699720858048899,1.7228912172655073,1.4731547241084508,1.9348225102037508,1.9348225102037508,1.5631376012725484
2021-06-11,1.810568994250162,1.4910458480063353,1.6497564029694185,1.5098788299991621,1.5605327937834113,1.4370795194200916,1.4512655299696584,1.7074904925258325,1.72671035689489,1.4765725035257296,1.9476345475597234,1.9476345475597234,1.5688176140269596
2021-06-15,1.833111241245496,1.5117684916285143,1.6707267005650255,1.5329163417062657,1.5851776610868564,1.451188945699532,1.463654956629933,1.724103163895959,1.7572732247518477,1.491939304863064,1.9813912782095586,1.9813912782095586,1.5773376331585767
2021-06-16,1.8265463590551654,1.5137150142866045,1.6665399507597047,1.5340936822372342,1.5861925906169216,1.4497778654675582,1.4640886278563119,1.7183481544928372,1.7528618133410303,1.4903942381886865,1.973039104624603,1.973039104624603,1.5756332274919451
2021-06-17,1.836912114417009,1.5226341885478696,1.6906889171864086,1.5446429295347088,1.5981053447801117,1.456001430854147,1.471292718903955,1.7464868453213194,1.7851883864551983,1.500350036646172,2.0138477838040987,2.0138477838040987,1.57108941820857
2021-06-18,1.8325150148318656,1.5258788235970313,1.6945859255037197,1.548129507067276,1.6027164213206935,1.4535376476886395,1.473153148295653,1.7411527782469551,1.8016718131893747,1.5024152954039567,2.039694507481604,2.039694507481604,1.5676814105559231
2021-06-21,1.7865637861047248,1.508906491827603,1.6805586252355709,1.532368424598046,1.58783412999806,1.4312518028746957,1.4570218728996134,1.7126901162460357,1.796677832354619,1.4879821426231934,2.0482042894206,2.0482042894206,1.530193426836885
2021-06-22,1.7718269187626745,1.497678303088357,1.671599054708935,1.520999402969738,1.5762329560760393,1.4202906098438957,1.4443239105429324,1.7081361632364513,1.7835508337349646,1.4746399210734173,2.0247703599946285,2.0247703599946285,1.5318973302031316
2021-06-23,1.8147228988357778,1.520367167604561,1.7001841192366314,1.5433187873873957,1.594487798120451,1.4497443407000545,1.475964232814978,1.7394023090866837,1.8002649597784277,1.5071234175787456,2.0286472171765566,2.0286472171765566,1.5568895872426958
2021-06-24,1.8101296443603325,1.5315549481543085,1.7150317058502895,1.5561492829095256,1.6090459786205171,1.4549248121467624,1.489436944576777,1.74847304052608,1.8244398361228429,1.5236208806358678,2.067677556267142,2.067677556267142,1.5529132769343768
2021-06-25,1.8176146413090388,1.544288099990001,1.7238558476039836,1.567173570884135,1.620732255294153,1.46357710211824,1.5024503083533614,1.7512497926049237,1.838914635170319,1.532860301658201,2.101519658904264,2.101519658904264,1.5557531828515054
2021-06-28,1.8186135671115342,1.550337955962355,1.7302976902749414,1.5744532373897289,1.6309786244378357,1.4620812431617662,1.4936636355316237,1.764592914100349,1.8448849554987305,1.5245231988234889,2.1122729232201642,2.1122729232201642,1.558593390148865
2021-06-29,1.8287281858616966,1.5519152140227457,1.727465628610287,1.5743825110694245,1.629500655224503,1.464877456284525,1.500435520618269,1.7620851722277056,1.8410650225263225,1.5286118749014979,2.1021038781114436,2.1021038781114436,1.5631376012725484
2021-06-30,1.836999807378575,1.5690567440278222,1.7394602360736753,1.5932680870181881,1.6506850988427215,1.47425735860011,1.5054995832502762,1.7712385997161681,1.86599734341334,1.535595475646937,2.1473879518497516,2.1473879518497516,1.5784730329489969
2021-07-01,1.8287050522915451,1.5591771476244602,1.7248616171232447,1.582679774364044,1.6401473761038075,1.4597034602159553,1.4890658357851532,1.7527410861161468,1.8498368144838346,1.5169860638702064,2.1326085557811867,2.1326085557811867,1.5710894182085702
2021-07-02,1.8225942002759346,1.5656300852314158,1.7464338056459436,1.5896659888326985,1.6466040298677513,1.470644797087838,1.501335629304059,1.7627097780924093,1.8728488381473887,1.5321232535699851,2.1679297909656077,2.1679297909656077,1.5710894182085702
2021-07-05,1.8344634192866207,1.5793387068283322,1.7751856801843924,1.602124803495516,1.6611668649717584,1.4894935524047477,1.5224063876535876,1.7961919089462635,1.9065318243089027,1.5524247667277944,2.208215711681391,2.208215711681391,1.5858575518301168
2021-07-06,1.8370379087742308,1.580848646422141,1.7703410153737213,1.6046675695358,1.6636323331323575,1.4867464268538204,1.5185352355253665,1.7954386807519036,1.8963761231349474,1.5488943965783146,2.1941317692113955,2.1941317692113955,1.5875612542762092
2021-07-07,1.8391264286637556,1.577580454457867,1.7762353600500422,1.6017248813629454,1.660694196166803,1.4908166297104768,1.5266371241787011,1.7975812901551924,1.8997197361014784,1.5610839133933756,2.1865272710064514,2.1865272710064514,1.5790412351445922
2021-07-08,1.8311211212950214,1.5839898036865818,1.781946734311503,1.6083958701189718,1.6658358307781926,1.4873691676694225,1.5233304981622526,1.8034522326267588,1.912381998591362,1.5558802131303964,2.2174954142228462,2.2174954142228462,1.577337633158577
2021-07-09,1.8109074003324688,1.556151415948462,1.7676589659843052,1.5803324818362086,1.6381869541419494,1.4718898005729706,1.5063566569139835,1.7943711134954063,1.8938068750775925,1.5423856102039544,2.189732417129085,2.189732417129085,1.564841404178718
2021-07-12,1.8371971730589325,1.5765712915763426,1.7969604820298224,1.6016664312161797,1.660104215378693,1.48949362444549,1.5206164788113197,1.8159219824750295,1.934231424330491,1.5568828078752377,2.2583841359354757,2.2583841359354757,1.5790412351445924
2021-07-13,1.8630814463905925,1.5771858429444379,1.792465475029338,1.5990759441060078,1.658585494861622,1.5044366551545967,1.5413205147805193,1.810974999086759,1.924381078594587,1.5762764359242405,2.2454081690860694,2.2454081690860694,1.5921053649398156
2021-07-14,1.8738332653714553,1.5766544581727715,1.794680395533522,1.595788143765604,1.6556151451566736,1.5095616467823771,1.5398166137201583,1.8160044241073134,1.9149548199281665,1.5693771580222329,2.2231365917769126,2.223136591776912,1.5960814743279805
2021-07-15,1.8851369883534217,1.5959619414193147,1.8131959073342894,1.6175991233678217,1.67692636540821,1.5153536103087224,1.5431047628547296,1.8368266454514535,1.9463649405732808,1.573711668743606,2.2821740036489384,2.282174003648938,1.6108497084096043
2021-07-16,1.8406449631862378,1.5980377537213077,1.8206426559836169,1.6184807074667737,1.6783460483753532,1.5129094288048262,1.5406990938220035,1.8393401352663281,1.9497677913378344,1.5678112807148954,2.286200005094935,2.2862000050949347,1.5892651576424561
2021-07-19,1.8195121913418901,1.5816185153943074,1.8237475831735004,1.6028815175263793,1.6609427490075326,1.496320055647654,1.5300404929384364,1.8485207592491977,1.9608846040588246,1.5594349789225277,2.3103010023181505,2.31030100231815,1.5710894182085708
2021-07-20,1.804252813774275,1.5522935810260468,1.7886427628435229,1.5724239044024118,1.629284631348691,1.478366190149286,1.5081998703010064,1.8203472386915946,1.9221351738106585,1.5382128255372505,2.2531167205468488,2.2531167205468483,1.558593390148866
2021-07-21,1.809019265930517,1.5469415270082676,1.796438862380703,1.5658854144519834,1.623386929256804,1.4856471434995155,1.5148656092439805,1.8285999896948946,1.925165577785388,1.545492394594577,2.2586276635201643,2.258627663520164,1.5568847651589999
2021-07-22,1.8223959971876327,1.5517631967814511,1.8152388170394098,1.5669145520721985,1.6269549700308052,1.494979829348855,1.5309712012640009,1.8432752966180312,1.9402099533636872,1.5576557532496094,2.26996428479048,2.2699642847904795,1.5677043154534835
2021-07-23,1.8095793762660686,1.5473342052203638,1.809330491152963,1.562387230892225,1.622069749771532,1.487640188597018,1.52153012106087,1.8388809713227356,1.9220375302839021,1.5477012002199575,2.2452158032470733,2.245215803247073,1.5677043154534835
2021-07-26,1.7931030535103762,1.5320100462845587,1.8178822653569056,1.5465986659809092,1.6052273841905262,1.4836106016809214,1.525192605871388,1.8528181146545215,1.9311721691105905,1.5561051780268353,2.2498315598398917,2.2498315598398912,1.5540374251961722
2021-07-27,1.7868455522099869,1.518036587340598,1.7992445775225192,1.5315998839220757,1.5901773821911216,1.478490123591934,1.523549634419228,1.8301647531481815,1.9082956792992054,1.5568091143187923,2.2180541837093846,2.218054183709384,1.553468318859884
2021-07-28,1.7769513542937843,1.502476937788315,1.7690266501804246,1.5148752013842735,1.5727989305450172,1.4562277928591965,1.5051865780780285,1.805673901931128,1.8794068291350674,1.5327520755896749,2.1847819485382707,2.1847819485382702,1.5289816773879348
2021-07-29,1.801213597237167,1.53700119062786,1.8035110616546464,1.5514252246824267,1.6097470922795256,1.47900741814106,1.528217689413184,1.8276367574900705,1.926089220373363,1.5580806141301018,2.265975017927688,2.2659750179276874,1.5546070338328455
2021-07-30,1.783125435596287,1.510815284332363,1.7881632502516798,1.5242467864516687,1.582475462377238,1.465136274142034,1.51823760873725,1.8166765386794386,1.9099823238846112,1.5507746478108184,2.2352698542534584,2.235269854253458,1.5494821634640172
2021-08-02,1.8111801094914977,1.5308410106306456,1.8078570484558056,1.5443979321495598,1.6042937534022916,1.4815379289180137,1.5340452242610212,1.8345140399339663,1.9298842867868338,1.5664814102739808,2.2771651288709385,2.277165128870938,1.570551554956234
2021-08-03,1.822210924981367,1.538633761793814,1.8131117830988457,1.5535527130124027,1.6148905262494417,1.4886344836346423,1.5437057814415183,1.8327117072171586,1.9384480266692083,1.5794422264660068,2.283813242969751,2.2838132429697504,1.576815743058486
2021-08-04,1.830020404441994,1.547032523994184,1.8159039692618044,1.564309996747057,1.6278524763994966,1.4953346869129232,1.554935044203748,1.8367660061330615,1.9409846802243438,1.5959056073496447,2.2949741625795914,2.294974162579591,1.5859270702034116
2021-08-05,1.8320410008455785,1.5509107135122193,1.819248423782401,1.569401970972692,1.6297345333175473,1.5033078365487484,1.5643762072646172,1.834375317977769,1.950579668619821,1.6098444411189456,2.2983926203339466,2.298392620333946,1.5830796297805068
2021-08-06,1.8181032817911005,1.5417049912904492,1.8059968190370423,1.5615363578962584,1.6206129474736353,1.4898143733561855,1.5505018142789357,1.8244047878040568,1.9391176927054425,1.5960324595097637,2.287053339560456,2.2870533395604555,1.5808020993745064
2021-08-09,1.8197885752354472,1.530132121914334,1.7822385548955832,1.548512953905679,1.6083267852968832,1.4778643196573606,1.540357498549554,1.8069878653513618,1.914495264556829,1.5827576639006131,2.2506260157222466,2.250626015722246,1.5762461344218126
2021-08-10,1.8071414250212534,1.5186460917012496,1.7648316355483251,1.5363595318159051,1.5945029069409744,1.467691270339481,1.5298329252351588,1.7868541865025716,1.8974920554384673,1.5714358854946096,2.2258407050423226,2.225840705042322,1.5677043154534833
2021-08-11,1.7978945216248612,1.5032846173446903,1.7410065420712455,1.519827636349769,1.5771886170917933,1.4553390489440448,1.5132884778693407,1.7678476995084864,1.8678849819304495,1.5520406717080342,2.171926455244789,2.1719264552447886,1.5625796460048091
2021-08-12,1.7902875285281814,1.502841697457186,1.7558216142107035,1.5206983658701434,1.5780120814373761,1.449179619703379,1.5065533236312727,1.7858267255315488,1.8799456436610285,1.5456164746077847,2.18682226441344,2.1868222644134394,1.5597319042016733
2021-08-13,1.767666351204866,1.4737172340802602,1.7164302910268132,1.4878935312533028,1.5454402381214973,1.4225765861932795,1.4709191854928736,1.7568450759976075,1.8334875852506547,1.501950006704824,2.146520773348078,2.1465207733480773,1.5449263994314772
2021-08-16,1.7677359254227811,1.4626799632335066,1.6933286997343422,1.4766956505773117,1.5341990983571212,1.4132419111055141,1.458508958890679,1.7271678307119351,1.815762376005063,1.4891551596980401,2.1364694687864154,2.136469468786415,1.5415098526722844
2021-08-17,1.7637475003623257,1.4542760755160569,1.6797014131011767,1.466806747717821,1.524430681814746,1.4043926486659923,1.4448977994172871,1.725151962996144,1.7942359610545355,1.4718176443461293,2.1046463438113996,2.104646343811399,1.5301207942012045
2021-08-18,1.751413620613065,1.4657669298017233,1.6989904104557179,1.4784341042079527,1.5342186012739285,1.4107080963997995,1.4588311864112393,1.739606784675217,1.8180807796899916,1.486287744449325,2.134786113308548,2.1347861133085475,1.5363846809232253
2021-08-19,1.706824230596292,1.429983617582293,1.6480390278901667,1.4432518239858927,1.4954774084525557,1.3796704063715202,1.4249567129198866,1.6892125523514043,1.7620023189590432,1.4536254143640777,2.0417303881982125,2.041730388198212,1.5010783886967154
2021-08-20,1.6942468972694624,1.4310072773817841,1.657948731266247,1.4453598111106094,1.4975804210926609,1.3770067274005613,1.430662519587282,1.6861298966603897,1.7773994306173406,1.4618405715724303,2.0588702795678837,2.0588702795678833,1.489120022969193
2021-08-23,1.7392168143691664,1.4709182041552784,1.7016737458692728,1.486971818259568,1.5415002097847368,1.4101964892895922,1.4617023910597964,1.7260592016893646,1.8327752556386305,1.49445526381038,2.1383526009036675,2.138352600903667,1.530120794201204
2021-08-24,1.7499428939263382,1.4704003952391689,1.7039263800633637,1.4862575868306538,1.5417072256980935,1.4114256907085765,1.4669570874984192,1.7303869813625057,1.8258757056867332,1.5011437016787357,2.116839638499763,2.1168396384997625,1.5346762568535128
2021-08-25,1.7884854985282201,1.5019833840261645,1.7340477404771528,1.5204701221985388,1.5778741217948933,1.439104656499757,1.4975943565836871,1.758796714627457,1.8612607263632024,1.535747498734991,2.172464777453111,2.1724647774531105,1.549482163464017
2021-08-26,1.7978529563188066,1.4878872522003526,1.7221516905043606,1.508051512824217,1.5637506326862347,1.4250615336190247,1.4817537457387822,1.749315744473836,1.8527673266143596,1.521878497664025,2.1667924043066153,2.166792404306615,1.5603017137585007
2021-08-27,1.810894956946808,1.4959808408117732,1.7219798046079386,1.5168284534657712,1.574239025280376,1.4351459037938368,1.492502572276525,1.7495921259141098,1.8482645371448567,1.5346863479642907,2.1493834524549817,2.1493834524549813,1.5733989953791387
2021-08-30,1.831310242963887,1.5154450556828822,1.7400463700339142,1.537646977499765,1.596917818541045,1.4560023205476706,1.519790220154686,1.7568924057439432,1.869904686938546,1.5669456727460624,2.181121630994492,2.1811216309944914,1.5887743097061624
2021-08-31,1.8468730410181289,1.5144508763826727,1.7425614819613375,1.5340381277496304,1.5937684949768498,1.455750382775092,1.5270368062241082,1.7581656305457711,1.8652113971408908,1.5709009826254456,2.1784545895109937,2.1784545895109932,1.5984553459478383
2021-09-01,1.8498456256906521,1.523257435001377,1.7642210921160963,1.5412155691877438,1.6014071368600988,1.4698271704171704,1.5377443466406664,1.7796018781789391,1.8819371363170974,1.5807309535860232,2.194368613298477,2.1943686132984768,1.6058579476428207
2021-09-02,1.8340476785138358,1.5122285462963938,1.7474094079687217,1.5306081785159797,1.5902244733151227,1.4591255115007662,1.5271692947738509,1.756966594245579,1.8702245984085213,1.5718877876665198,2.1675344040820193,2.167534404082019,1.5933297723584712
2021-09-03,1.8638906537986686,1.5287280529231198,1.7590873737946167,1.5463963054348067,1.6092007987750858,1.4794414352497565,1.5461664098707508,1.7714138717398769,1.8734364476442724,1.5883035090081117,2.1797418733353005,2.1797418733353,1.6161080902207854
2021-09-06,1.8763610385432747,1.5213537714613194,1.7433259916663715,1.5387785702537782,1.6002019217906887,1.4777013728113173,1.5470066054669984,1.747339784944834,1.8519594299888396,1.590605682917014,2.137051700576496,2.1370517005764955,1.623510892835922
2021-09-07,1.8637551440844413,1.5205802997427567,1.7342069614039801,1.5396484626258882,1.6015756334046691,1.4695160047070988,1.5372422578656206,1.7474667450952561,1.834791132180655,1.5816261630110762,2.1378810976925147,2.137881097692514,1.6161080902207856
2021-09-08,1.8486495660096929,1.5055879856528818,1.705869560023184,1.5255251124049511,1.5853360994826802,1.4507724742962458,1.515299828798905,1.7236429556548918,1.8118026882277458,1.5595530478461552,2.111617771483999,2.1116177714839988,1.6018715913268007
2021-09-09,1.8516877413072257,1.5106403800010908,1.7265360878404543,1.5313481205086354,1.5915938955495819,1.4599944883586118,1.5274225708790348,1.7390268179716546,1.8361305469999303,1.5758262932353073,2.1388740999071247,2.1388740999071243,1.5978857373111652
2021-09-10,1.868256575736404,1.5306120521773,1.7478193533014577,1.5533963479500734,1.6206996238065114,1.4807634416812814,1.5549968831572294,1.7530186168117208,1.8638252892441183,1.6104832596746874,2.1818591228189574,2.181859122818957,1.6166776988574587
2021-09-13,1.8533821907703705,1.5236763546316343,1.738721743879186,1.544782686720321,1.6104078213510995,1.4700349904871899,1.5433833394499348,1.7521347927180868,1.847784741233974,1.591855994795753,2.17319982877946,2.1731998287794596,1.6109829184717261
2021-09-14,1.8518781152716317,1.5263149530321285,1.7406827054510785,1.5481098134648337,1.613082444196878,1.4750335865727835,1.5476368621945649,1.7488863517533644,1.8473662419355745,1.5983009724659725,2.1657513741286065,2.165751374128606,1.6126913425414382
2021-09-15,1.8384707360489851,1.5193162839714927,1.7301308131127997,1.5408354882829869,1.6072318307936142,1.465377971417867,1.5367785346650609,1.7416308638801248,1.8424052676796563,1.5864684353403447,2.1779551705277154,2.177955170527715,1.6030107081400704
2021-09-16,1.8309967748222904,1.517838359824369,1.72915653727419,1.5399141626700996,1.6053800119536317,1.463377176932886,1.5285959665921887,1.7395194979289996,1.8401095122247888,1.5791128437232864,2.1685729340575857,2.168572934057585,1.5956078050648568
2021-09-17,1.8336284576544863,1.5222929151521662,1.7449302269352072,1.5449140086324633,1.6145671729590096,1.4695922849327323,1.5387436333264293,1.742761562890688,1.867383834283874,1.5924308387990556,2.201135752720751,2.2011357527207505,1.6001634686373194
2021-09-22,1.7917865347902358,1.4883706829074574,1.7151774932371753,1.5115456645348346,1.5796102677844042,1.439633953811311,1.5053865835124731,1.7133129491315124,1.8338971286819934,1.5626624980501496,2.1604580694060527,2.1604580694060522,1.5625796460048094
2021-09-23,1.8072467074281249,1.5093004197365945,1.73827912026702,1.5323168465683412,1.6033391133436838,1.4583925835896134,1.5271473273775669,1.7340410775499762,1.862984068753323,1.5841352408211669,2.194031889636881,2.1940318896368805,1.571690973149735
2021-09-24,1.8331766018026552,1.5267741682865341,1.7517329709474425,1.5522340322214498,1.6255203516882208,1.471156755695836,1.5338097331286256,1.7467480682649783,1.8830903784680968,1.5938356933500863,2.229408025217209,2.2294080252172086,1.5904828342359514
2021-09-27,1.8410620618554674,1.5295438852275163,1.746048519321778,1.5565018149538425,1.6290116822884073,1.4681179879889892,1.519973642063465,1.75176287686296,1.8719696846759493,1.579096782259328,2.229034310762386,2.2290343107623856,1.5944689896318178
2021-09-28,1.8225064617563225,1.5192437413130353,1.7318088555113673,1.5470332422490347,1.6148916174785466,1.4519171210549555,1.5000238856981563,1.740418513876389,1.8509108172388244,1.5588878757966036,2.198986952754038,2.1989869527540375,1.5830796297805068
2021-09-29,1.779457039878627,1.4832755685648173,1.6866232694138148,1.5101584734056717,1.566741708813816,1.4094678175409587,1.458132793667335,1.7099653757823765,1.789661756675991,1.5140403329014123,2.1186100174677733,2.118610017467773,1.5489128562075747
2021-09-30,1.782572421015316,1.4885780406001123,1.6995334689874275,1.5149518488892817,1.5767155408748486,1.4170228416479216,1.468123855292024,1.7135515915061739,1.8022373417771176,1.5248295567747283,2.1568673732430605,2.15686737324306,1.560871422855251
2021-10-01,1.7498954616692557,1.4489038329965636,1.6529785873888652,1.4735791973873267,1.5307104762030947,1.3849623777686744,1.4321013117768788,1.6736388201863732,1.7446021139796288,1.4869309356715565,2.0771155237688226,2.077115523768822,1.5255649297085871
2021-10-04,1.736390788995434,1.4314670021317766,1.628589082730371,1.4540462108102443,1.4998253715391263,1.3695492362379327,1.4202586459706996,1.6481425523757298,1.7083742255242549,1.4722093780870449,2.0325722204720287,2.0325722204720282,1.5164538034838155
2021-10-05,1.7420512723847432,1.4408925555715326,1.6476674875010555,1.464376678432859,1.5200878083520832,1.372535173227704,1.4178800003285026,1.668277198349214,1.7299562456315527,1.4706733401422998,2.0571637004652494,2.057163700465249,1.514175971697584
2021-10-06,1.7358535567352273,1.4331071451979094,1.6277428090010357,1.455364195242848,1.4982681524630193,1.3609335211751012,1.4018218423879076,1.6527745433955991,1.6976706232890018,1.4489102728804426,2.026509282860015,2.0265092828600144,1.5147452789540263
2021-10-07,1.773044803390381,1.4720895230711435,1.678064933533062,1.4952383534594118,1.5416910871273428,1.4026954427913019,1.4445091164142723,1.6944024653203256,1.7595653117790542,1.493699097919258,2.097366877841539,2.0973668778415386,1.541509852672284
2021-10-08,1.7623792301066898,1.4671451593065377,1.6795613147900852,1.4926246377325447,1.5387644025685774,1.3979859087408895,1.437098356858996,1.6970823144440728,1.7562674724799543,1.491552349966785,2.093306230579845,2.0933062305798447,1.5284122696714149
2021-10-12,1.7492006471049395,1.4449855597901398,1.6581222008007444,1.466602026834285,1.5015422319918728,1.3802153980962428,1.4238003991601162,1.680028523563623,1.7244809338704363,1.4717004016159816,2.0485164337251622,2.048516433725162,1.5130372567246224
2021-10-13,1.7333327469940178,1.4287610246835394,1.6359951776479993,1.448866926979664,1.4814658575107102,1.359801603994733,1.4032005919424178,1.663126230953453,1.6925488601028862,1.4462498170181939,2.0271125941251342,2.027112594125134,1.5079119845154862
2021-10-14,1.7364880260414601,1.4289108644667547,1.645640258291537,1.4500725698207768,1.4970388855353907,1.3603893900472102,1.4164770030182319,1.6673076093143786,1.711699263898599,1.467772968696259,2.058053440238635,2.0580534402386346,1.511898139911353
2021-10-15,1.7939092107160752,1.4556820537219566,1.670027820480211,1.4770488891440992,1.518970278728346,1.3888328962364225,1.4392757706841826,1.6900403657087975,1.7353463275012058,1.4904896549024225,2.0787692313554507,2.07876923135545,1.5517600957103255
2021-10-18,1.7786257617389212,1.4553749428745897,1.6695301261329893,1.4772930297482767,1.5147370154714555,1.3879013124845778,1.4316797710474334,1.69157384897838,1.7257775639582418,1.4810746764983083,2.0676012193156925,2.067601219315692,1.5472044321378626
2021-10-19,1.8085972993054558,1.4797537996401124,1.6976244092385118,1.5022371773656242,1.538143244057474,1.4189767108860025,1.4580820007103097,1.7110792890752782,1.7633875802703431,1.509168142246992,2.111497546927474,2.1114975469274735,1.5597319042016733
2021-10-20,1.8042878034326248,1.4776622710617695,1.7017483448310606,1.499371310874318,1.539759525648562,1.4167467695693305,1.4601594827292237,1.7141649891128765,1.7709615752329038,1.5098495424229055,2.1085492895336597,2.1085492895336593,1.555746251106192
2021-10-21,1.8005309501320883,1.47648786286036,1.706616380287314,1.4979785930277039,1.5390645013035686,1.4151833039645378,1.4582203880169102,1.7172505820627764,1.788416207192598,1.509022096222099,2.1454628620636247,2.1454628620636242,1.5500517721006906
2021-10-22,1.8033002712618296,1.4709687911729665,1.7138064729665048,1.4923098271231163,1.5312170789853945,1.4177178609206127,1.46226417617365,1.7200891329599437,1.797000165858158,1.5140443791254163,2.1416996028405735,2.141699602840573,1.5546070338328455
2021-10-25,1.7948280497236717,1.4745117499254536,1.7163368499095215,1.4966437408843245,1.5370992712595815,1.4156103014688446,1.4538690691833902,1.7305204248845774,1.7984856010901178,1.5031949756463387,2.1365817371641413,2.136581737164141,1.553468318859884
2021-10-26,1.812657432139557,1.4888820188751946,1.7281947489564022,1.5095635044403288,1.5503037304370977,1.4339695729190967,1.4806970293277528,1.7391427286155279,1.8130888461361876,1.5264447960635843,2.1498947177395857,2.1498947177395853,1.566565700940599
2021-10-27,1.8177501215720022,1.4973311337199895,1.7459937581850498,1.5201044453872146,1.5667000919994103,1.4459619728373552,1.488683094529184,1.7435953347805178,1.8348633915207135,1.5407491708317866,2.1776073495413213,2.177607349541321,1.566565700940599
2021-10-28,1.8088060009018314,1.4926468332560383,1.7531349952361004,1.5135426955611642,1.5536762645275208,1.4467664203054074,1.4868794888759167,1.7509324969767408,1.8434585631363152,1.5388291660694517,2.198704354165993,2.1987043541659927,1.5620098364479824
2021-10-29,1.7973581451728147,1.4863580977156363,1.7569587080837983,1.5067041993384842,1.5654197798659064,1.4397505784479914,1.488673779468504,1.7581556368656799,1.8669882309413606,1.5427659176000987,2.2404935063150004,2.240493506315,1.54663482350119
2021-11-01,1.806647199918197,1.501874099603355,1.7815323132987735,1.5231739703379195,1.5772369799859836,1.4581502853964015,1.5036701708149571,1.7779247691775006,1.8925461330965427,1.5587699090749962,2.2570970278871605,2.25709702788716,1.5546070338328457
2021-11-02,1.8100303708186924,1.5023831114569,1.7658398231699217,1.5245037484764423,1.583284016066676,1.45641519726433,1.4966278119470384,1.7655237015296483,1.8724080587829137,1.5539130396055167,2.2467493412185005,2.2467493412185,1.5517600957103261
2021-11-03,1.8116632400162689,1.5051083745368556,1.7784874900547787,1.526311459638597,1.5854001120058065,1.4554404225117288,1.4910455084737093,1.7923811951013038,1.8851839298315327,1.5441693059921993,2.2674531912771774,2.267453191277177,1.5557462511061928
2021-11-04,1.8041358591649728,1.5053828452605533,1.7838050069548546,1.5256712894774602,1.5823565065399638,1.4576909066378854,1.4926390874051187,1.7987886800900315,1.8924066361419238,1.5471902120015804,2.258618385467517,2.2586183854675164,1.5506207779769026
2021-11-05,1.8371159399739436,1.527019019273686,1.7981701534176524,1.5491668859273138,1.6034152710645746,1.4815124454406996,1.5088270980877723,1.8061580832980741,1.9126537471469878,1.5692197201027251,2.29940860061706,2.2994086006170598,1.5728297885827744
2021-11-08,1.8476984283858586,1.5395612208449563,1.8057315533876395,1.5640646213278984,1.62220822611455,1.4873705881896835,1.5062772318890074,1.8270262024747526,1.925559668325109,1.5642465492002653,2.3383145153023808,2.3383145153023803,1.5853577629469702
2021-11-09,1.8681230794961428,1.5505168949992112,1.8204887016015885,1.574589307097139,1.633828748388937,1.5053507032687123,1.5307669004756868,1.8289164727206721,1.9551263791600078,1.5891702981978402,2.379242279569651,2.3792422795696506,1.6024410995033977
2021-11-10,1.8696365133960131,1.5504778178823915,1.825316024973622,1.5741178474949267,1.6310466857882988,1.506914105556222,1.5363002281927016,1.8313065871191874,1.965183813478536,1.59571534631034,2.382520558641083,2.3825205586410827,1.6001634686373205
2021-11-11,1.854993226556746,1.5414245443967245,1.8232798196852944,1.5631922000502962,1.6209507556346232,1.503094655781927,1.5342986697964371,1.8246578525024109,1.9545774174880655,1.5935105319481628,2.3559022006396253,2.355902200639625,1.5859270702034127
2021-11-12,1.858264174377395,1.5520321036982223,1.8366667829025471,1.571439884672374,1.6346561567263906,1.513668805522551,1.534544267279768,1.8293666125773878,1.9689913654694278,1.5903185101741377,2.377490360796997,2.3774903607969966,1.591052342412549
2021-11-15,1.8738825422867897,1.567871957478541,1.8589915626512483,1.5863745979119739,1.6505649974359786,1.533765813645351,1.5532082415348654,1.8432181370851823,1.99337618536021,1.610735317017412,2.4054647458815244,2.405464745881524,1.605288740846457
2021-11-16,1.8798525601418767,1.5727030297971558,1.8654515113794519,1.591295505363055,1.6581914647093903,1.53934915119688,1.5655792037205845,1.8400581224138493,2.0136892898898857,1.6243507230632217,2.4428272677851095,2.442827267785109,1.6081357794290538
2021-11-17,1.8830728553646885,1.5781203041207008,1.8817759311024091,1.5959171631362408,1.660270577874834,1.5489449329193097,1.572795839514258,1.851496507728418,2.0470192342235705,1.6329705742936824,2.4975549173733436,2.497554917373343,1.613260750257959
2021-11-18,1.8933290607236402,1.5875586512982132,1.8872466839573732,1.605964651934037,1.6687347024357322,1.5586806183856445,1.5742287635011394,1.8598374132200395,2.0397969148830786,1.6326009257821268,2.489878647688946,2.4898786476889456,1.6223720774028845
2021-11-19,1.9011611289996604,1.5876752229350177,1.8894831175488833,1.6052700902690147,1.6643512443820812,1.566711241428253,1.5794093060092977,1.8585329734588183,2.042969670763167,1.635899752705823,2.4771278504433116,2.477127850443311,1.6263583332588278
2021-11-22,1.8978727013592789,1.5899430128128051,1.8972908466824678,1.6060900914268395,1.6656854170742954,1.5704194870309378,1.5899446085821196,1.8633351487549414,2.039199978594704,1.6457688392584122,2.467863333888188,2.4678633338881877,1.6223720774028842
2021-11-23,1.8804695069289732,1.568466745670496,1.867394047189431,1.5860552546219957,1.6414047553702025,1.544314605123157,1.5619159845799837,1.8421423329289388,1.9941144779916138,1.6188130262533933,2.4094604201981715,2.409460420198171,1.6069967630758608
2021-11-24,1.8670131105374101,1.569211930434203,1.8729660683516292,1.5870909831925157,1.643972518861941,1.5403301387217045,1.5582290751352572,1.85356763189925,1.9994396124970253,1.6144562764660793,2.405947966635901,2.4059479666359,1.6001634686373207
2021-11-25,1.868530807194067,1.5717768952743114,1.875145723775266,1.590397256280338,1.645928370477212,1.5436634075463702,1.5600436905605326,1.8593616189507511,2.00451239839519,1.6182900439221828,2.4118522972617296,2.4118522972617287,1.5995940609208015
2021-11-26,1.8404811234252338,1.5427760330481646,1.8420881093664148,1.5612679914059304,1.615405698675367,1.516137520406649,1.533329486310796,1.8287502719030824,1.9700059094417852,1.590759163203732,2.364715769743395,2.3647157697433943,1.5733989953791403
2021-11-29,1.8398069091500167,1.5494888459357803,1.8477719782217288,1.5679945532525714,1.6249247310836252,1.525786660524325,1.5395583086243847,1.8240971435149858,1.9807289170659301,1.6002714060326952,2.3807604780782303,2.3807604780782294,1.5733989953791403
2021-11-30,1.8487593828713473,1.5567263745105757,1.8684409498294579,1.5752954542570845,1.6392684096116255,1.5356579467621636,1.5497001733267548,1.8393690161313663,2.00686475553009,1.613633971169732,2.4322553064020656,2.4322553064020647,1.5716909731497364
2021-12-01,1.8642672293588547,1.5724230927347185,1.8794123232430844,1.5920480837174589,1.653880309162989,1.5508401100780576,1.5491489388240924,1.8551456979952394,2.014008808431912,1.610325894822149,2.42472196348345,2.424721963483449,1.5978857373111666
2021-12-02,1.893794071586598,1.583329539139513,1.873133867379774,1.6022014450899504,1.665063107188655,1.5578608010730528,1.557773336726331,1.8524735502219136,2.0113839411852728,1.6187935189338458,2.4273314637729575,2.4273314637729566,1.614969174327671
2021-12-03,1.8823678976507685,1.5820053912954082,1.8868131189618365,1.6018835091157666,1.662943880952968,1.5587764909019135,1.551385797874525,1.8685970523147182,2.0209311219142307,1.613188525631777,2.435653576639195,2.435653576639194,1.6143999675313059
2021-12-06,1.8716411712804524,1.5844566704525698,1.8858987458515784,1.6056923970053407,1.666449217594583,1.5570776645177067,1.5532476285392038,1.8683911465605516,2.02301894645787,1.615292789676465,2.4311838391411507,2.4311838391411498,1.6098442034987661
2021-12-07,1.8837800669781777,1.58675638410532,1.888643763616773,1.6095813687425267,1.6650358109813663,1.555286360541281,1.5514144446269924,1.878079095411026,2.0269400087201905,1.614412896873772,2.424750065996493,2.4247500659964922,1.6149691743276713
2021-12-08,1.881889022768885,1.5963159615491103,1.9001757548740046,1.6203529065358624,1.6778359116612107,1.5649000538714708,1.5644134062493327,1.8922739816399932,2.04499656712538,1.6282566442831525,2.4552889658158787,2.455288965815878,1.621233362429923
2021-12-09,1.8937289930426762,1.6006586423542015,1.9002478169466748,1.624757840056281,1.6798528267873447,1.5675274266264951,1.5705412285074931,1.8942600494929291,2.0516163760663924,1.6344611319465512,2.4579462487497863,2.4579462487497854,1.6172471065739795
2021-12-10,1.8850955394737432,1.5939450001968507,1.8926998195459857,1.6167456076078235,1.671341274856582,1.5627369056420974,1.5625090967040167,1.886774539415896,2.036932966193284,1.6277522676426894,2.4320337998413972,2.4320337998413963,1.6166776988574603
2021-12-13,1.8745771341485606,1.5866491312236009,1.890457365107233,1.611394542794533,1.6625063106900795,1.5576027427483472,1.5623631997255454,1.8841906800510484,2.037436524953553,1.6288708868564803,2.4398624276916054,2.4398624276916046,1.61155222572817
2021-12-14,1.8622918599251719,1.5712775311371194,1.8600844843015312,1.5956974148154102,1.6429646980421415,1.5427381909256548,1.5486188899146234,1.8538339399277934,1.9877731047264893,1.6126129931355224,2.356255771705528,2.356255771705527,1.595607805064858
2021-12-15,1.8665905366717275,1.5758799197013924,1.873526832535281,1.5998802669959904,1.650090914194731,1.5478894018397553,1.5511450631652568,1.8661612721524565,2.0176867924668587,1.6152006140019177,2.4081813705220836,2.4081813705220827,1.5978857373111666
2021-12-16,1.8877132942039094,1.591171248361503,1.8961523032103773,1.6153475811623703,1.6687721782703853,1.5671307391102407,1.568952189093017,1.8802100617573942,2.0509751964882152,1.63623273093714,2.466589540538974,2.466589540538973,1.6178165142904988
2021-12-17,1.8894627030080986,1.5889673234474209,1.8868226977712108,1.6134759478221172,1.6626840609891578,1.5588594804584157,1.5627063826098992,1.8817444014543778,2.0333582597750546,1.6276143468332562,2.4500404401016995,2.4500404401016986,1.6161080902207867
2021-12-20,1.865777485175247,1.5725873295182702,1.8797309689529946,1.5970104349622096,1.6447445960127578,1.5415897769065972,1.544547352787116,1.8817584272119283,2.0168341753515913,1.6087810769318052,2.4286878327046177,2.428687832704617,1.6018715913268018
2021-12-21,1.87574652232393,1.5917091878388732,1.900164956047652,1.6167630016380308,1.6687501895932295,1.5607828051498756,1.5612649453838514,1.8964207980610195,2.0477964115905065,1.627971236296953,2.47003861045173,2.470038610451729,1.6155387829643442
2021-12-22,1.8840931990485064,1.5979023202774585,1.9107808496612755,1.6230466495709712,1.6754276605264744,1.5696723187907822,1.5755495841174516,1.904129428789918,2.05749894796485,1.6445512322756466,2.4835679539706796,2.4835679539706788,1.6155387829643442
2021-12-23,1.9017193053404404,1.6118501286038112,1.9261523478172367,1.636699954222124,1.6882147082774226,1.5843020431435528,1.5888607046436027,1.9174933083824126,2.0658473362592336,1.6591157057010848,2.4850952203274352,2.4850952203274344,1.624650009649193
2021-12-24,1.902056813943464,1.6175831747909375,1.9277828240615498,1.642345031059445,1.6939558818091736,1.5904619149496173,1.5927604339182686,1.9152514271476195,2.0615253599027983,1.6621937619321778,2.4717977415118257,2.471797741511825,1.629205773681733
2021-12-27,1.9125889873222217,1.6300386462352676,1.9410011529803524,1.6554276499528129,1.706093999139146,1.6046675113985474,1.6038695719419835,1.9269093565124629,2.0734887208846335,1.6740944985221067,2.483152338350016,2.483152338350015,1.6417336475858515
2021-12-28,1.9343064492761386,1.6430093796204752,1.9487725864231322,1.6685369944491817,1.7222785067237643,1.618355099760065,1.6132307552599285,1.9371546032591156,2.0803437856605544,1.6844559312400376,2.4864607871637654,2.4864607871637645,1.6548310296665665
2021-12-29,1.9377185153733771,1.6461280190366836,1.954565235309522,1.6707250411095143,1.7251079912549065,1.6221161223299785,1.614777390483522,1.9449238727725557,2.083984050846761,1.6850255547987325,2.4876121281819112,2.4876121281819104,1.6622339327417799
2021-12-30,1.9348517903015487,1.6439227432511478,1.9587315322821168,1.6676695150082845,1.723922369595519,1.623408208564143,1.6131032509568977,1.9451740850458366,2.085933732433909,1.6833038241544505,2.487893333965409,2.4878933339654083,1.6571087609927209
2022-01-03,1.9568691918904373,1.639249849636608,1.9533711441683999,1.6606370003011517,1.7159670001257379,1.619238147568448,1.6081918262243713,1.9351727580928606,2.082610218974399,1.6759451546532522,2.487155054038737,2.4871550540387366,1.667359004030762
2022-01-04,2.0031799881309733,1.652298240939008,1.957713650099762,1.6738939958350603,1.7290969879910514,1.632866950226573,1.6134638083743407,1.94358414247848,2.0746242381793953,1.6789499050121262,2.4699209068463053,2.469920906846305,1.7038039107701564
2022-01-05,1.9925169927580397,1.6497215517386634,1.9519492708651776,1.6717167680923348,1.7256787731227765,1.6296419073460997,1.6113506659650885,1.9414919153597736,2.0649323944103855,1.6760921238403093,2.4574911287677836,2.457491128767783,1.7003876653911942
2022-01-06,1.9734847343093171,1.6334427972064278,1.9351071047967017,1.655474123761415,1.7066077352496463,1.608506013251561,1.5875406705638457,1.9310530580676712,2.0326890538597886,1.651202689015059,2.3990231201091525,2.399023120109152,1.6844426419674203
2022-01-07,1.9446338389014133,1.61102411300517,1.905570539419989,1.6339281024485346,1.681899362808798,1.5834473659915604,1.5706877583722232,1.9092402211924036,1.9927029082206487,1.6346934851776482,2.3459782206518476,2.345978220651847,1.6696367353569161
2022-01-10,1.9586788033442981,1.611600304289584,1.9105370355042472,1.6347388576651583,1.6808072699111973,1.5852892349484713,1.5798580557136657,1.9137002319473895,1.9857893703535199,1.6441397322573617,2.343195820984092,2.3431958209840915,1.6804562856514
2022-01-11,1.966168952942361,1.604090799467446,1.8906516859607414,1.6279063200295922,1.6720010789798523,1.5737328182863566,1.5614656249875463,1.9052115915306518,1.9488471384166843,1.6256497984946408,2.281886710240988,2.2818867102409874,1.6889983055398834
2022-01-12,1.9828298622477194,1.6092336519209591,1.891184724491816,1.6336950221351731,1.6768797324353615,1.577043101620414,1.5718523700968665,1.9039570905279586,1.9385898291305323,1.637986920154982,2.2557544608201683,2.255754460820168,1.7032345030536373
2022-01-13,1.9853818266782541,1.6109429173407013,1.8873161654060204,1.6347085183697752,1.6762372304277187,1.5797933804213677,1.5690875894324519,1.9049074845477112,1.93107772217365,1.6331009716977205,2.2348913523161573,2.234891352316157,1.7117764224820435
2022-01-14,1.9928763460990095,1.5966191495662787,1.8711974007149224,1.6205718072493025,1.6622898128353114,1.5650691683565219,1.559089861431477,1.8945639726530976,1.9179409680992905,1.6229686378013541,2.222095197702751,2.2220951977027505,1.7117764224820435
2022-01-17,2.0162728775940084,1.6080877819723594,1.8914953754526307,1.631671763139356,1.6750812743632568,1.5815764042098581,1.5600747712682081,1.9096180174854958,1.9335490446553103,1.6213326513249924,2.234352666210897,2.2343526662108966,1.7311374903646253
2022-01-18,1.9847952546612604,1.606942447733357,1.8987818823257903,1.6302029193736638,1.674195906056053,1.5805568940480446,1.5599908912046394,1.9153892946737388,1.9494355674562556,1.6213681556142583,2.2565943222084814,2.256594322208481,1.7117764224820433
2022-01-19,1.9665666794525305,1.5967724096255425,1.8891306695448917,1.6202512469156205,1.6620999701069852,1.5701808774054546,1.5512063839833754,1.9031946211834432,1.9325949926864257,1.612463468766416,2.2414484719043175,2.2414484719043175,1.6912757354858066
2022-01-20,1.9628876811842062,1.5980553918221083,1.8967618112818834,1.6201756999383758,1.6640755005087842,1.5708542239949908,1.5499451688224117,1.9116397257642095,1.9461282850513124,1.6115933782448775,2.2521018394158077,2.2521018394158077,1.6981094317646548
2022-01-21,1.9292377066055846,1.5678562803822123,1.8563736696400204,1.5897769937225958,1.6312517875316142,1.5428398475164327,1.5237387181704862,1.8768497169806517,1.8992195673788546,1.5837151551069717,2.191959513742158,2.191959513742158,1.6602829980461542
2022-01-24,1.9500013846403785,1.5724474769096761,1.848159572429488,1.5943919195432426,1.6344595591126774,1.5443191727262864,1.52274197586922,1.8644656421092212,1.890997269270322,1.5821580625672933,2.1761234377729304,2.1761234377729304,1.6759956573117931
2022-01-25,1.9136385880960527,1.5427057081395126,1.8157080771167127,1.5645255955534638,1.6019534858514435,1.5162036751781791,1.4947791471279352,1.8413095945402913,1.8493025208142657,1.5505470121698877,2.108891102639648,2.108891102639648,1.6486439949034617
2022-01-26,1.9027011357160932,1.5370543898429476,1.8177279894425367,1.5588828828858703,1.5956679945978278,1.506347550498655,1.4895147735763106,1.8424918960698184,1.852367171479082,1.54635417861445,2.116908020397712,2.116908020397712,1.6474805667515544
2022-02-07,1.9107011686298734,1.5522582508950664,1.8474292115943034,1.5743705180175809,1.6112787865812304,1.5103214493333836,1.4811340549984346,1.8870925214344512,1.8832853524808424,1.5374748627234744,2.1639622321125414,2.1639622321125414,1.656209341923208
2022-02-08,1.9031752309348844,1.5577488739482703,1.8647923668746538,1.5817828077271128,1.6153767198279605,1.5162369243227471,1.4886219560091756,1.9081525529205319,1.9071871530711422,1.5425400854443088,2.199913208324572,2.199913208324572,1.6631926232567313
2022-02-09,1.9238208459535397,1.5793915976404727,1.8929695182087618,1.602286762133624,1.6402242347024532,1.540101778815653,1.5061059369155112,1.9327885952564756,1.9428071419981896,1.5597413672071203,2.2358494461451692,2.2358494461451692,1.6690120745980392
2022-02-10,1.9551452915556855,1.590118610015974,1.8951607960102572,1.613895190540136,1.643675899505727,1.550825062021355,1.5193645577359107,1.9371526024693824,1.9415021081720245,1.5750783416761827,2.228611150711003,2.228611150711003,1.6882163243004011
2022-02-11,1.9518901466937544,1.582091838837338,1.8871775730500588,1.6059665694644933,1.638472052787205,1.5420725195639176,1.5117097142829892,1.9275368387557377,1.9329609908122574,1.5696410328541137,2.2300494729452613,2.2300494729452613,1.6870527956884167
2022-02-14,1.9112624766961746,1.5478018935894367,1.8480736510982478,1.5728689253151866,1.6054961189637018,1.5005530007118186,1.4814887907284404,1.9010411996857948,1.8813090983961855,1.5321487285738677,2.1609943578164343,2.1609943578164343,1.6608651641924546
2022-02-15,1.9037254045535672,1.5455135711058183,1.8526865331244966,1.5717123724928233,1.6055487852041181,1.5016867817460813,1.4855098791998562,1.9028140688761823,1.8991603979820093,1.5431107871600522,2.1992373360415893,2.1992373360415893,1.6532996162525542
2022-02-16,1.9401994486218783,1.5728772112884524,1.8818582849532013,1.5980576227053165,1.6394639779109907,1.5288909015171481,1.5118917644147303,1.927877765103588,1.9394048474830048,1.5680499219471449,2.2393226257613,2.2393226257613,1.680651178200809
2022-02-17,1.9408816209439266,1.5765829501883242,1.8860417048534721,1.6003198000396541,1.644548875048586,1.5337895146537874,1.5144001332862216,1.9328976597994647,1.9393679757491176,1.5671139350218768,2.2445433225279796,2.2445433225279796,1.6818148072728702
2022-02-18,1.9280751929388824,1.5758371752768048,1.892437486134934,1.5993647992847504,1.646298580628767,1.5306047370745846,1.5188409644992364,1.941321613527568,1.9557121464860627,1.5644456826945607,2.279138857764827,2.279138857764827,1.6771592863838547
2022-02-21,1.9205179596025062,1.5761951091140827,1.8957138923076748,1.601324872182335,1.645039926349756,1.530584374130407,1.5168902067404357,1.9533364673074125,1.9508516995469238,1.5613245531306816,2.2761869733398763,2.276186973339876,1.6736673945669007
2022-02-22,1.8948722899800925,1.5460955655498134,1.8566868097955052,1.5714508066942399,1.617636248045476,1.5020318798275418,1.4840931536528648,1.9202718637483784,1.9028886366366993,1.533049924280562,2.209080013042309,2.2090800130423087,1.6509719562681238
2022-02-23,1.8990316897656083,1.5582747394667886,1.8749833391287685,1.5851824058206725,1.6315644423487272,1.512028898822606,1.494104639079412,1.9423242549076247,1.9219429619617328,1.5403528803989914,2.2391038884944163,2.239103888494416,1.655627376697062
2022-02-24,1.8417263402806086,1.5168824727494274,1.823040975833883,1.5433726443169722,1.588755206809553,1.4690718754205736,1.4585220249538238,1.8925448126296769,1.8617252206856516,1.5053422485559493,2.160623986496315,2.1606239864963146,1.6154734839142846
2022-02-25,1.848056752415115,1.527597937525923,1.8335454401308875,1.5571659930979462,1.6032579251819998,1.4767451528069753,1.463025139704474,1.9069186045305555,1.8758250614595662,1.5132117643127978,2.1792185540888767,2.179218554088876,1.6119819939376385
2022-03-01,1.8674360423046066,1.5605197557545492,1.8708909817226271,1.588516313512607,1.6331087003398872,1.5080096169355162,1.4967390666146716,1.936033352255103,1.9217290960091995,1.5407439613316574,2.2447933071011748,2.2447933071011743,1.6346774322364157
2022-03-02,1.8604495185813716,1.556844408100401,1.8711649900483964,1.5874124067869575,1.6310175050715656,1.503360001722126,1.493808888070392,1.9378874346597514,1.9214267663889144,1.5404465359133355,2.2466274545614873,2.246627454561487,1.6253663904583848
2022-03-03,1.86455069275298,1.5611967113623861,1.876774009588533,1.5913351756878809,1.6354368823141103,1.5052709818173953,1.4962331926763608,1.9480148468975473,1.9222070365173498,1.5380660980806213,2.243843588107451,2.2438435881074508,1.628858081355185
2022-03-04,1.8394973136813813,1.5374725368477553,1.8557826084511084,1.569038213114714,1.614954056555739,1.4780535269552775,1.4735578199751174,1.9355723952743955,1.896289461093432,1.5083790356675986,2.2267938529415825,2.226793852941582,1.6113998277913386
2022-03-07,1.7758537678027684,1.4800069385304737,1.787833838517418,1.5113694539181823,1.5571472337009553,1.4171668006037146,1.4119777848752046,1.8812388076992783,1.8094010604774184,1.4478520310647285,2.118206459719577,2.1182064597195764,1.5596069318658687
2022-03-08,1.7343313005530618,1.444009568055608,1.7441693405882401,1.4747891007810765,1.5204576668108905,1.3847236125955138,1.3752345681842042,1.8404175384829424,1.7561113951357346,1.414447512282462,2.0559189777307663,2.055918977730766,1.5264360190363835
2022-03-09,1.7531647544524476,1.4628116985675708,1.7663647603133257,1.4926682305099144,1.538822484350016,1.401323366306382,1.3927766219871298,1.8657363749062263,1.7774882082961456,1.4279167941407833,2.085345188439198,2.0853451884391974,1.5421484773818683
2022-03-10,1.8027258433746463,1.4960147604987453,1.809068384208083,1.5214023590078847,1.5749531101891219,1.4376348884904473,1.4279417216090846,1.903018554339734,1.8332080808469267,1.4633704027300953,2.1599230700993526,2.159923070099352,1.586958393354046
2022-03-11,1.7745561677400568,1.48049487068742,1.7939946245193206,1.5101810905448876,1.5614447465852914,1.4179964642521612,1.409595810093519,1.9003410391423317,1.8023688846518964,1.4429468336298392,2.114470712262463,2.1144707122624626,1.564262553214961
2022-03-14,1.7692597663647824,1.4797467075220065,1.7962255748834481,1.5142748978330445,1.5628298347821485,1.4121025734688277,1.4064387822491522,1.9123784564036024,1.7963752828396082,1.4361794821411002,2.1187642986121102,2.11876429861211,1.564262553214961
2022-03-15,1.7220171593187736,1.4368106316302205,1.7463204958151721,1.4738723734423207,1.5217758451877799,1.365719116619743,1.3601097307905767,1.8817661606103306,1.72449515457027,1.3894366202317792,2.036357880430795,2.036357880430795,1.5322554703776912
2022-03-16,1.7279194843326116,1.4393833154560656,1.7518904195431282,1.4742413798768013,1.5213173704646052,1.3717204446203042,1.3605514191764339,1.8818415100380106,1.7290293135172763,1.3957880524935855,2.038308611828453,2.038308611828453,1.538656987405222
2022-03-17,1.7964498131479514,1.4910988010729769,1.8098135818615244,1.5226081604454282,1.5713330757554866,1.426496708987455,1.4140009911720244,1.9268366296911041,1.7931389205330988,1.4463274460945728,2.1118012840975924,2.1118012840975924,1.5875403585801922
2022-03-18,1.7931473362831227,1.4881445021807942,1.8146589509932207,1.5179461313075662,1.5675784500360885,1.4256020570879795,1.408841706657806,1.9299025574926978,1.8079146656118545,1.4427695025808147,2.1286392887446124,2.1286392887446124,1.584048466763238
2022-03-21,1.8077050281053617,1.4994396003887747,1.8266723123818875,1.5284076878847634,1.5762407748601714,1.435059239832058,1.4167966568014823,1.941340475389662,1.8204815000841232,1.447820050725292,2.1391539641152715,2.1391539641152715,1.5945235394536381
2022-03-22,1.802490428074451,1.4987127503072364,1.8289904543050113,1.528619495446605,1.577607354625634,1.4345080842970799,1.4132010956819498,1.9435002598082352,1.8224147214913906,1.4453808511692614,2.1294206161657825,2.1294206161657825,1.5921958794692075
2022-03-23,1.823003412322801,1.5148282870175647,1.8472300716281367,1.5439615809464835,1.5966148478879723,1.4532679221395504,1.4300666393625558,1.9508796845380314,1.846433010664723,1.465108935362626,2.1607225047785326,2.1607225047785326,1.607326272128469
2022-03-24,1.8200078402533164,1.5069363221942045,1.8424740279239997,1.5359320787798376,1.5899408359573723,1.4454253296116095,1.41943723877661,1.9453645230926695,1.8365867188354863,1.454020523231489,2.152298619711949,2.152298619711949,1.6061626430564075
2022-03-25,1.8275499697051587,1.5007600265241274,1.830979530987579,1.5260763718032515,1.5870225772829405,1.4409806608797515,1.405465561062819,1.9325592946954202,1.829489542871719,1.440165639799692,2.1519266117356715,2.1519266117356715,1.6084902025807613
2022-03-28,1.7996695965078546,1.4909475388578755,1.8226254593536624,1.5194688453153262,1.5780173785188278,1.4306733195029646,1.39500071933932,1.9281784032072868,1.8234418544933906,1.431851854669959,2.147552135620504,2.147552135620504,1.591031647636684
2022-03-29,1.8054099979702263,1.487519893348451,1.8279513416431512,1.5147873925952668,1.571971202449175,1.4296214665096687,1.4029114676750656,1.9241340943761764,1.8301302299018374,1.4411404308019076,2.157301992006473,2.157301992006473,1.5927776437751995
2022-03-30,1.8328365249274683,1.504638460905996,1.8476149736879417,1.5291034944064217,1.5882649283968946,1.4473549306018616,1.4269651354757396,1.9361523978184128,1.8458493969882417,1.4615485071159997,2.177707577839547,2.177707577839547,1.6125637582436305
2022-03-31,1.8237751439443057,1.4973344963052337,1.8353812459189505,1.523580138958468,1.5805748306406058,1.4398009231490851,1.422661422921109,1.924736963312424,1.8329772561929065,1.4602713233131503,2.164659285043177,2.1646592850431765,1.607326272128469
2022-04-01,1.8073691849042592,1.4909208279267225,1.8281707397035543,1.5215929681889058,1.5745883296535381,1.4302566050037187,1.4174420560754188,1.917024213852298,1.829721428941909,1.457587910274023,2.1585364771934765,2.158536477193476,1.5939412728472606
2022-04-06,1.7808322238164964,1.4755740477478663,1.8116476498674223,1.5029991012340425,1.5625533530282756,1.413799800959936,1.4021965753819496,1.9074197972883984,1.8018524239869227,1.4403669316997798,2.1228989861835754,2.1407177316885253,1.5857945633618302
2022-04-07,1.7437475608161561,1.4447441258652376,1.7700011566912206,1.468034932947606,1.5339640225910165,1.3825034874848554,1.3712240660930497,1.8683294329598377,1.7538538108663266,1.401150074991583,2.0579017149669068,2.107946315829726,1.5572791714213605
2022-04-08,1.7468608073232177,1.4473526554332143,1.7770247174233529,1.4723999691233094,1.5431627089182505,1.3815010142949824,1.3743072429337329,1.8808494930842072,1.7507986962165591,1.3979688051524883,2.0542056219226956,2.106053328021114,1.566008549353476
2022-04-11,1.7153251049857543,1.4177561764544768,1.7297004059649765,1.443290989227415,1.5117439418288205,1.3483278199143907,1.3460347585375365,1.8428656328696893,1.6910545000201098,1.369439418989837,1.9809871599255051,2.068520087941321,1.5415668135359526
2022-04-12,1.7105273934634875,1.4122242631488306,1.7217373675814556,1.4381579894243648,1.5077197738618984,1.3428099668245896,1.3424200547072347,1.8327102193121254,1.6862247734697335,1.3666965767885482,1.968250584879094,2.0618704079565036,1.542730543068091
2022-04-13,1.751939372145159,1.4394056254008014,1.7473032970108267,1.4652128324470264,1.5243820198746352,1.371827771952414,1.3657844269585377,1.8576804203211734,1.7141581848259837,1.387616650595319,1.9982355279738835,2.077575996291234,1.571827699314553
2022-04-14,1.7499702089752087,1.4360093563389429,1.7454383139855827,1.461387165462463,1.5262844235276756,1.3700925289970594,1.3657872963361017,1.8539174335502933,1.7095554255610406,1.3904650176128244,1.9911086794672312,2.0738710853387103,1.5660085493534763
2022-04-15,1.7147509386164788,1.4056432973314381,1.7078183315833289,1.429092408911761,1.4991954086486714,1.3343754535078223,1.3352989441819259,1.833838195787538,1.6540330536800405,1.3441424442893501,1.9291116011752907,2.0415840611870357,1.5392389526313681
2022-04-18,1.7098364362846123,1.3999355678069167,1.7021407612917479,1.4226316436982998,1.4920320025815712,1.3332938764779616,1.333793537476885,1.8239902305973255,1.6527156181531806,1.3512630194632231,1.9191819777647885,2.036329787438404,1.5310918413056296
2022-04-19,1.7219762376257943,1.4098287180274574,1.7123816273907246,1.4348632610317804,1.5041274044984179,1.3417281766330835,1.3416865503733761,1.8387632825864542,1.6617378496663773,1.360956353816515,1.9285550248149361,2.0413023786591458,1.536329226960714
2022-04-20,1.737005719870287,1.4219458038092283,1.7258278934225135,1.4479427188469813,1.5096604198099188,1.3556394372124299,1.3505608460219758,1.8477699786953345,1.6760692809209121,1.3762856644052412,1.9371638276491756,2.0458584243713043,1.5438943730603063
2022-04-21,1.7315504414105365,1.4262815053170106,1.7338388563011051,1.4519556294886138,1.5129032849662618,1.3612384018116173,1.3562042552782003,1.8513984506342096,1.6829969372139548,1.3797846039826787,1.937253443378046,2.0459057464127466,1.5450584039726758
2022-04-22,1.7099549242658756,1.4083641365146264,1.7126936674004436,1.4330272695296895,1.4946806522189946,1.3411267678982637,1.3371636148887722,1.8397317138136275,1.6498831766399435,1.3546877398935353,1.8988835111010063,2.0256447771514976,1.5316737060716987
2022-04-25,1.6678963542128211,1.3661643455415553,1.6520979010840968,1.3887378816417595,1.45146687774303,1.2984744407165254,1.2950697213611861,1.7836912285574076,1.5869771328416713,1.3090505265746721,1.824249646724393,1.9858367276610203,1.5043223450435983
2022-04-26,1.6641121598552344,1.362402987627974,1.6440645134376053,1.3840514640421089,1.4495042776807139,1.2964807227539548,1.2929419065330383,1.7760289400334788,1.56940685844706,1.307343957611407,1.803981796835682,1.9748051671583247,1.5043223450435983
2022-04-27,1.6170207582682727,1.3363265870181449,1.613977203728394,1.3580599698049645,1.432775412967107,1.2703314064537403,1.2692889716489821,1.7447462923727382,1.545976926985778,1.2825516875293512,1.7795310283586516,1.9614221319153617,1.4728973278925517
2022-04-28,1.634789892236286,1.3531899450015281,1.6247633722314232,1.3754980899887708,1.4358726368547081,1.2894943075938756,1.2810550112516963,1.7540380884030944,1.5556449125022305,1.2978284941369524,1.7739535484257127,1.9583483466296758,1.4792988449200828
2022-04-29,1.6549539229682733,1.3686188560038564,1.6450868272422048,1.3903720389816279,1.4521706505337653,1.3034522472777423,1.301656485168205,1.76903891966499,1.5791932482114683,1.317351676949053,1.8062950295941966,1.9761999657518516,1.4985030946224447
2022-05-03,1.6424306111033176,1.366452138641695,1.6463655412478335,1.3881938554517115,1.454778336081125,1.3014538750885065,1.3032649605727928,1.7679450223182402,1.581874142810971,1.3187909802683109,1.8093006492633124,1.9778441338943347,1.4874461571659752
2022-05-04,1.6517813810122273,1.3742957447634943,1.6525936080416668,1.3923189183084845,1.4569349216086032,1.3086536672693272,1.3111106867171285,1.7749787680277715,1.584448182239562,1.3159458347451878,1.8188156420367672,1.9830448098153561,1.4874461571659752
2022-05-05,1.6737926650530226,1.3901586323837494,1.6753429744965436,1.4038040660530013,1.4694957315410295,1.3254022878136895,1.3237135843555214,1.7980301895626563,1.6049357652874667,1.3197514394992444,1.854836133991993,2.002681283124662,1.5043223450435983
2022-05-06,1.6368685885275966,1.3651366877468643,1.6406240850020037,1.373896640300748,1.4514830676701433,1.2980895347073245,1.2966504169474118,1.7751445076246226,1.5611099253990697,1.281174606547107,1.804769227540023,1.9756524651558431,1.4740614592649979
2022-05-09,1.607204402851898,1.336028555249204,1.5981907731682041,1.346330221588301,1.419028911284474,1.2710947416029628,1.2677042973939874,1.722729869315917,1.5232322186939002,1.257958121799092,1.7601935871356449,1.9512543392051789,1.4496197234474741
2022-05-10,1.6053284705187516,1.3383244902488791,1.6043138917699473,1.3523551594241356,1.4177131805814656,1.2740255108182417,1.2682708903496849,1.7303149424703093,1.5325555174763912,1.2555914532017471,1.7798212471932837,1.9621334144204894,1.4432185078001742
2022-05-11,1.6097992390275817,1.337717393030224,1.6000029908576705,1.3452233588462248,1.3998609101108186,1.2760325688572376,1.270420574672871,1.7148334486440922,1.5298717905188994,1.2531605347135488,1.767500151733671,1.9553418242139744,1.4455460673245282
2022-05-12,1.5701755781899835,1.3135748558987823,1.5784969337556642,1.3194704060204911,1.370694115984927,1.2550496616263798,1.249934427029283,1.6869359037956753,1.5174282198945337,1.2323183987999138,1.7509863255410876,1.9462074049041695,1.4112116258830585
2022-05-13,1.5956580531151392,1.3410447480781686,1.6112132097849616,1.3528349417952836,1.3901333145734438,1.2843705297253951,1.277613810933611,1.7073347399157994,1.5551422070809733,1.259741735235677,1.8049106685627614,1.9761756445650198,1.4240142580978123
2022-05-16,1.6118402946131187,1.3438528531099703,1.617293968840725,1.363901780538818,1.3974493787320936,1.291473835316012,1.2786469805868457,1.7092276228438381,1.5614868013986907,1.2817569565824358,1.7969601893112068,1.9718232010526624,1.4315796051175587
2022-05-17,1.6365911344519446,1.3588790214781656,1.645357825646322,1.380362873581433,1.4009362538433254,1.311017708908399,1.2943939551127686,1.7321419376861555,1.5915037850102158,1.3063661934321167,1.8411287786951973,1.9960565284861724,1.4472917620828125
2022-05-18,1.6589655967432615,1.375374308611896,1.6590495941475123,1.3945314032081055,1.415782698078856,1.3250412785041588,1.305590256207063,1.7525938429588364,1.6015791769667393,1.3103168208766514,1.845292015892607,1.9983133116302108,1.4630045218085284
2022-05-19,1.623091603563234,1.357655560385603,1.643787784199372,1.3825581619096432,1.4014189554283638,1.309532021809894,1.2868149897063754,1.7370250140427193,1.5904886505717755,1.2954458456243023,1.8342240040824116,1.992320396919935,1.4350710950942047
2022-05-20,1.6403482498754443,1.3652258321734676,1.6505209430064003,1.3948312650168804,1.411101830284221,1.3135353466065334,1.2937360126783288,1.7430993973958124,1.59580068052029,1.304847697950883,1.8430405151776508,1.9971086111308551,1.4507836538997665
2022-05-23,1.6368646682280363,1.3647526745511378,1.6474780089162608,1.401611104076028,1.4175552866747283,1.3055581468879267,1.295604178025759,1.7508839341977962,1.5931817506737636,1.2949624415407397,1.8525980712131138,2.002286868825844,1.4536933795704203
2022-05-24,1.6106636548359186,1.3416502730853428,1.6170475061691627,1.373023450376185,1.3975176030485084,1.2796269560752616,1.271489495531692,1.7258841115756738,1.5577625335736514,1.2655033770463378,1.8228410683983782,1.9862061935521882,1.4373989559987892
2022-05-25,1.6248051177302623,1.3550019550529366,1.6358015720686265,1.3833157098517326,1.4112468192159027,1.2934283060046563,1.2852960008001186,1.7446236315802117,1.5731770584004492,1.275801723461016,1.8410236324227265,1.9961122467747963,1.4484557929951818
2022-05-26,1.6016310395619144,1.3427124004815623,1.6241665101127996,1.3673777344300964,1.393751438441257,1.280814828809342,1.2715611576259127,1.736559492099484,1.5554425040057631,1.2602185377872288,1.8300481012407537,1.9901621894747812,1.4304155742051894
2022-05-27,1.643568224646831,1.3707188767829974,1.6532031091980064,1.4011169461538069,1.416143997805982,1.3096607594538536,1.2990119167342606,1.756733559588267,1.5949062080274217,1.2895408898652008,1.8837883249623584,2.0193832141112757,1.4606766609039437
2022-05-30,1.6884970380246542,1.4011919464586151,1.6901269946602988,1.4234527320451011,1.4334069764843118,1.3443745161280145,1.33377784147141,1.7806558648359094,1.6363050433329633,1.321688959488623,1.9303818244584414,2.04435686150103,1.4961752337178595
2022-05-31,1.7194832522408918,1.4187328788369478,1.7046182909756318,1.4295545478749057,1.4421507095563997,1.3653149128018,1.3555633797335538,1.7878329605846994,1.6529952904079712,1.3409935115367648,1.9355546128999528,2.0470959635298387,1.510723862071129
2022-06-01,1.69714428670848,1.4104657042913826,1.7065040026302027,1.421938027615031,1.4392361325813239,1.355189961263121,1.346714777495477,1.7957051454872448,1.6497758198739834,1.3247803047682516,1.933079588155162,2.045787136299925,1.5031585150513826
2022-06-02,1.677281480293954,1.4008651053763257,1.6995829613570128,1.4151989683027637,1.4339749448034351,1.3444989687434268,1.3348848275893586,1.7919511058502393,1.6381094162877974,1.312085766950371,1.9208852716572673,2.0393344853122928,1.487446157165975
2022-06-06,1.6808793582640655,1.4070076480484668,1.7004795947263236,1.4214849163216507,1.4370542324078446,1.3486213962799012,1.338973582673066,1.796046106460636,1.6339544652835265,1.318312363062679,1.9167404464804099,2.0371342797499215,1.497920928476144
2022-06-07,1.6694472412271655,1.4010490233539488,1.701825090942876,1.4143720644758955,1.4385296644030923,1.3428271638432918,1.3361831797265866,1.795440632345359,1.6404871154108576,1.314686835599435,1.9198618964273222,2.0387930365996176,1.4827905358168825
2022-06-08,1.6922312976724165,1.4155258283640624,1.707577208092043,1.4232467521062497,1.4568589968898842,1.3571685781878997,1.3532860831987399,1.7995432987745281,1.6428886557821092,1.3240764253053243,1.9236057260984918,2.0407809123624525,1.4990851603086677
2022-06-09,1.6863148041366274,1.413560250493158,1.7069280527009552,1.4209324241752086,1.4570204220970797,1.357715391303648,1.350430190125423,1.792998902475768,1.6451757128554798,1.3238717839819751,1.9094084186600653,2.0332498487889294,1.4944293380394211
2022-06-10,1.6628150518213298,1.4033030376355633,1.6983732954465969,1.412460860938722,1.4525118726799522,1.3477470796078452,1.3380534427807882,1.780429095738608,1.636218883722998,1.3143804221263378,1.8974200253579105,2.0268668773327927,1.4792988449200826
2022-06-13,1.6156981488894873,1.3607255919833707,1.6512383232786503,1.3708991324102664,1.4112759005627908,1.3042042903714517,1.2943032260490799,1.737701415718967,1.5816978804973572,1.273432756387544,1.835377737314981,1.9937293914447027,1.4379808207648588
2022-06-14,1.6081150007797147,1.3559312082191393,1.6468495184820853,1.3655875814555363,1.4168700191092845,1.2986316841135859,1.2902857762555393,1.7339586134739151,1.5731187492326029,1.2645971562927645,1.8275565423811662,1.9894813977214658,1.435652859400197
2022-06-15,1.5975604110554484,1.3487789342036989,1.6390926842682163,1.3546498103156204,1.4087457485524035,1.2912257270571603,1.2842272096531746,1.730053918064082,1.5603051727330222,1.2556033429337419,1.8068742676782183,1.9782240166692582,1.4286697789868277
2022-06-16,1.5896973290470633,1.330340268929567,1.6063489438469198,1.330859447396293,1.3871016400201837,1.2735921059023905,1.2656611629487038,1.7005067108456582,1.524773931828365,1.239665237926259,1.7674770261041346,1.9566573335672515,1.4257600533161738
2022-06-17,1.566291417317099,1.3094419299238085,1.5842209513351055,1.3187405269231183,1.3741672544624415,1.249954278735568,1.2397385189983552,1.6805801822957454,1.5031905658350646,1.2141790364375002,1.745741920864953,1.944626582266387,1.4065559040738889
2022-06-20,1.5466060985852839,1.2839879281134021,1.5342380777127582,1.2828846910785032,1.3339193918279209,1.2271866611232194,1.2154320698313568,1.62721387879102,1.4465161254284609,1.182426061167845,1.6686704006141502,1.9017006133061138,1.3937531713990579
2022-06-21,1.5765245892677244,1.3159164117966144,1.57771582228552,1.3142557856035293,1.3617036605318638,1.262518105982919,1.2489033418533022,1.667248812558142,1.4853951115944022,1.2126949415712966,1.7086668458838643,1.9244915924208286,1.4222684628794506
2022-06-22,1.5349640288492081,1.2735724282273397,1.5299777126243137,1.2736478137235887,1.3198939136075023,1.219190045021183,1.2096170023726736,1.621469259679908,1.4273887671630392,1.1779316226287124,1.6315541592188065,1.8810651288263063,1.390843445728404
2022-06-23,1.514254885949432,1.2626515018146636,1.5934063895067625,1.2583237274755623,1.322956707716609,1.2165655848220427,1.2130650980342788,1.6074116651439798,1.6154677691494896,1.1762270847307896,2.039442699023508,2.128604391443525,1.372221261712265
2022-06-24,1.5206620776563402,1.270857042257013,1.611880308901667,1.2734576389755539,1.3370324998983871,1.2227346829101255,1.2237667056810575,1.6268917490691122,1.6376378402649427,1.1942230252582315,2.0650195139524876,2.14195189088615,1.3751310878429959
2022-06-27,1.5587340367215308,1.3031662842960254,1.653325538419116,1.3132630473199418,1.374463925033618,1.2533186225487083,1.2575798407950236,1.6633239321966053,1.6927457493703901,1.226909570569518,2.1462175321565846,2.184063417545669,1.4077198345261808
2022-06-28,1.5464793238823407,1.2849525631908867,1.627934593667506,1.2980093675068312,1.374971027657384,1.2306409221759114,1.2399364833371938,1.6479950462755435,1.6579744280199074,1.2045771974188917,2.0964675376199944,2.1587497805395257,1.3943351366252037
2022-06-29,1.52727453963189,1.2698635977662598,1.607872085475259,1.281888084288488,1.361773250843164,1.2169119785354336,1.2188631522553395,1.6293913477423296,1.6396366257856623,1.1898982687751964,2.0785564748363887,2.1495281965751887,1.3826963344026653
2022-06-30,1.4804494870322173,1.230785554343865,1.5534228053367218,1.2383937942665162,1.315367635957525,1.1753681080150822,1.1851546529013388,1.5782017913550972,1.5766730673820295,1.149029308428605,1.9922986134167247,2.104926640749664,1.3477796263548185
2022-07-01,1.4164643999711617,1.1827942258712258,1.4851352369784943,1.19098882829382,1.2603180396883182,1.1235257793060909,1.1373685906016493,1.5224579303022505,1.4969750582257135,1.1052732510918892,1.8855738361113252,2.048547585555486,1.2983146917940103
2022-07-04,1.392626146081905,1.1785873189512361,1.4834038930601636,1.1882587003915575,1.2574698159763316,1.1183742475300682,1.1312115003497583,1.520726064767177,1.4917498017503454,1.097035108315057,1.8804159957887896,2.0457457643971053,1.2855117581990254
2022-07-05,1.4051174796793828,1.183516961884703,1.5011727041458576,1.1774085998611483,1.2552974219411894,1.127602692244834,1.1421513154411915,1.540174276076347,1.498818382752788,1.1054550789210322,1.8773045437447144,2.0440532559695694,1.2919131747664794
2022-07-06,1.3685884286492924,1.1497688899195788,1.4600023213676194,1.1408749219374474,1.2302336647367769,1.1021136435918075,1.1171716572215797,1.4994032052439021,1.454893728964191,1.0817737639148426,1.8245606188605021,2.0153388441946065,1.2668895741828867
2022-07-07,1.4225380535731065,1.1820052461785384,1.4996119073512613,1.1580767888033028,1.2507376695765056,1.1432943521781946,1.1551536524456762,1.531360817494438,1.4998067702375606,1.1028735420796891,1.8791686978692848,2.045497826498516,1.3047159074413104
2022-07-08,1.4458684185633237,1.1960988609009793,1.5240312932024018,1.1686813034821837,1.2508859877626037,1.15681175024488,1.1704321146079415,1.5623701566275034,1.5236425792926958,1.1138015464037165,1.9071676031576668,2.060736399804005,1.3181005048822103
2022-07-11,1.4303441577190543,1.183219212616652,1.5078667783875097,1.1592186378114215,1.2406538280117743,1.1432695842901717,1.1627469620967652,1.5494745723216377,1.5045540783078253,1.1082745364583426,1.886240879651467,2.049430508075753,1.3064618031197488
2022-07-12,1.390189390444412,1.14876728047,1.4628622425062459,1.1411324698116274,1.221321686269428,1.1094001355422665,1.127351065673379,1.506548165667887,1.4511298445585237,1.0882248918829998,1.8304129431850131,2.0191015407016586,1.2750369868888562
2022-07-13,1.4375427023622152,1.1729837868945594,1.490071823553524,1.1604568165298574,1.2346412886990763,1.1345179070921438,1.1513192740469138,1.5368311430030974,1.4790498361313982,1.1170748315729255,1.869196857071347,2.0404925226038286,1.320428265326718
2022-07-14,1.4568077959499437,1.1933202748878287,1.5163301373011753,1.1817417109180555,1.253908537676023,1.1545069905576524,1.1738620416818997,1.5574503001824125,1.513583191995885,1.1427446207393888,1.894978127093123,2.054564472410412,1.326829681894172
2022-07-15,1.489481272781262,1.202440278735273,1.528233681270239,1.190674156023101,1.2565910179794684,1.1669693382941189,1.1830822000204553,1.5652849605094614,1.529822700940327,1.1593694126291185,1.91669959400816,2.0663398469052967,1.3442883372983265
2022-07-18,1.5059134842639292,1.2218000306790133,1.5574290174467353,1.19836208250844,1.2715506185256988,1.1843756204382203,1.1997646421022317,1.5934260563569225,1.567390554698738,1.1679325350443857,1.9707794092631423,2.095490809717618,1.350199508689949
2022-07-19,1.4987004338726153,1.221326833651862,1.5590112102621903,1.1974450752520607,1.2716558666557387,1.1796651732351855,1.2008306622892526,1.6036839739193178,1.5727890373119875,1.1679085742566366,1.9666337933938909,2.0932868339926323,1.351381923796412
2022-07-20,1.5135925243123642,1.2357052841384235,1.5796779885358996,1.210441514267585,1.2670230666119393,1.1986473607937003,1.21568303884094,1.6179405409754632,1.5938299040001638,1.1863257878459077,1.9935459375291962,2.1076094895836683,1.360249333874346
2022-07-21,1.5404738806978258,1.2647989122514494,1.6143386271239906,1.2309975948971743,1.275655265797563,1.2300082840021282,1.2428817772591054,1.6469791538744176,1.6336709440139463,1.1993010150406165,2.039726372056118,2.1320208463048154,1.3756193238172876
2022-07-22,1.541560642426662,1.2614270747459941,1.6133236903886166,1.2246590965096382,1.2743161791483248,1.2256746948955857,1.2393996668644325,1.6435186470814354,1.6345412708462588,1.1947967972985647,2.043005068197665,2.133734372348858,1.380939589035909
2022-07-25,1.5331954692565821,1.256564222580781,1.613340319950479,1.2299087975171041,1.286946463548038,1.2162441757599907,1.2313422572836354,1.6419193720588294,1.6292483544630825,1.1940605212498794,2.0465718559142156,2.1355969662474603,1.3797573748496
2022-07-26,1.5161544019851325,1.2398835853945158,1.5876723192821622,1.2200410529913448,1.2793230201990338,1.197486027469148,1.2143376972956892,1.6178889005547938,1.599083777143644,1.1769464410393,2.017301652236868,2.1203252429521973,1.3673431212925848
2022-07-27,1.5325425913653126,1.249047507066961,1.6051569261534189,1.2314762537981545,1.2873231624381516,1.207193458873359,1.2245807399494784,1.6368165349184316,1.6254036710621287,1.191978389266527,2.0477335025307934,2.1363182453612333,1.3797573748496
2022-07-28,1.5277265719614392,1.2436483111763683,1.5930455567587793,1.2365185415065199,1.2942127426642271,1.200343430006486,1.2217089217393344,1.6260030212029348,1.6133211230492712,1.193069614974911,2.035153362710337,2.129756067667109,1.382122104602449
2022-07-29,1.5467068060382139,1.2545778067400555,1.6076526945500795,1.2476000195771495,1.2985623421352455,1.2083734098492405,1.2316295133111599,1.6467856114897546,1.6273189839786788,1.2002177341777704,2.0438470362153307,2.1343049641377214,1.3951273647925417
2022-08-01,1.5413101872690602,1.2583517371007575,1.6100124968317393,1.2418349774031145,1.2917715773919056,1.2085154756326146,1.232984934630813,1.6560670249810756,1.6198217375574262,1.1949759639441182,2.027786277392356,2.1259191709065486,1.390989514680383
2022-08-02,1.5104934403512744,1.2383944085194247,1.5833551221762754,1.2298493357231601,1.2798046938066736,1.1890402007663095,1.2143405873011288,1.6253956963287421,1.591499599765501,1.1832070408426687,2.0003960129466107,2.1115612750743775,1.3688368621777165
2022-08-03,1.523964825027154,1.2368621026045865,1.5706833060675143,1.222874852823471,1.2720994591871873,1.1876777819406856,1.213058190084507,1.6147164363972903,1.5760765191584438,1.1737055005576453,1.98898313577634,2.1055377204097123,1.3771292387748184
2022-08-04,1.5196502338615208,1.2322411978611545,1.5656247114769366,1.222801311811131,1.2759641947317584,1.1838768814010636,1.208601195723233,1.6100214594959308,1.5689149560597697,1.1725610727359028,1.9856240437726669,2.103759752866187,1.3806831144592906
2022-08-05,1.5653875191174562,1.2667879149932664,1.6026070292867787,1.2491224280406492,1.2999042968523429,1.2211753427571694,1.2432856211057777,1.6419539264067153,1.608957860644717,1.2037247835424174,2.0377509136385648,2.1313738450732926,1.415629558689934
2022-08-08,1.5579321027164466,1.2648572896480281,1.6055944274896135,1.2589203005632303,1.3115596841054755,1.2202749635359855,1.2419307705349425,1.6454770226871216,1.611301217315055,1.212774471450616,2.0423874400999185,2.133798619162603,1.4126680960796174
2022-08-09,1.5542409482035993,1.263966611851201,1.611894294992195,1.2674295542708547,1.3338397052894881,1.2198610848805758,1.2411272523507484,1.6564787664104483,1.6171058435139047,1.2215732514380746,2.0518482599759205,2.138740748161049,1.41148347085146
2022-08-10,1.529128031619578,1.2482685480993996,1.5974087136557367,1.2692412317834212,1.3307541047708447,1.2016198511174403,1.2256706719737926,1.6434242713364213,1.5955130928213992,1.226239762089797,2.0341879747073617,2.1295366631259163,1.3966755550394157
2022-08-11,1.5647579438246302,1.2709991192567152,1.6285408630446594,1.2786881890687563,1.3390133584709036,1.2252438550183367,1.2482289064023009,1.6762645980206523,1.62617644425906,1.234479653877172,2.062539378360667,2.144376823986537,1.4221451983649538
2022-08-12,1.5777674759642408,1.2849778441229758,1.6501997935247528,1.2880476830154388,1.3408836409477956,1.23795003970149,1.2604399317578496,1.6982051474887896,1.6527040538947797,1.2474021690230979,2.0900967313291803,2.158702210850924,1.4310298875761343
2022-08-15,1.5978366292921615,1.302874118774638,1.672818993848809,1.303265280686137,1.3502311012963937,1.2585727817214163,1.278672559284679,1.707446155002638,1.6789034480145908,1.2664692797868868,2.119689426688182,2.1739842348689917,1.4440607650858654
2022-08-16,1.6005900362646304,1.302154236783581,1.6672554945639184,1.3067436022168468,1.355814766929173,1.2595902296948456,1.278541714001075,1.7022237786318324,1.669237717569019,1.2674493963437239,2.1015370466156966,2.164675562663038,1.4464298146220265
2022-08-17,1.6046914082552681,1.3037311785995378,1.6672798780588753,1.301948145997461,1.355531699599436,1.2598359090127964,1.2795342541445038,1.7062099010381826,1.6624903603646903,1.263553441113159,2.0915853020211492,2.1595501954075873,1.447022328156259
2022-08-18,1.5943371957858403,1.3049663888083518,1.6756877301636681,1.3196249618313616,1.3710861309361098,1.2621018581214014,1.2816587142589306,1.7099108331992188,1.675618410579268,1.2814483601755156,2.121793264043912,2.1751449718257625,1.437545225870923
2022-08-19,1.5954416591715805,1.3095685649147157,1.688945621450787,1.3270565121304208,1.3669837281344688,1.2679428609338201,1.2860504540419806,1.72434708920352,1.6834048626244398,1.2929072097890144,2.140851980007723,2.1849139419937447,1.4399145767873145
2022-08-22,1.5765679954704979,1.29642873622681,1.6788216789479802,1.3160266103225815,1.3590829159548274,1.2553201034148376,1.2722265400163757,1.720223754901796,1.6717099625310685,1.275368004904515,2.112650240908181,2.1705228552856304,1.4221451983649536
2022-08-23,1.5532084368176824,1.2783551416575072,1.6572667595122834,1.301832483306331,1.34692659478846,1.236631461028021,1.2543039745010853,1.6977190334335275,1.654915669997039,1.2604591106983678,2.096123423197188,2.1620330837957153,1.4002294307238878
2022-08-24,1.5478391317655962,1.2718961964320707,1.6518078849377034,1.299664251883111,1.3417284324857033,1.2296003036372174,1.2476349707925283,1.6925156355126931,1.6477900943442525,1.2607009835502643,2.0821790451352413,2.1548416640612564,1.3966755550394157
2022-08-25,1.564855496901628,1.287330328017089,1.67448146753571,1.3154089185729085,1.360017010299057,1.246228773037116,1.2631543316290301,1.7085276419701374,1.6686615322249256,1.2788038013663188,2.114426309966174,2.171527969202032,1.409706533009224
2022-08-26,1.5728676843399345,1.2900807735448234,1.6796017962192848,1.3118546221864258,1.363677269919123,1.2500319953589896,1.265296903816063,1.7172011277667671,1.6744951326530302,1.2757525801915843,2.1142019167302375,2.1714127426307304,1.4168143848382455
2022-08-29,1.5312612301721085,1.2558353865125247,1.6386037864433756,1.2891290716138468,1.3413328685477213,1.2177939837534442,1.2309062500479186,1.6776123927577091,1.6306483012698822,1.2523911342741496,2.0658898879555783,2.146603060529533,1.380683114459291
2022-08-30,1.5315068064788624,1.263078159924058,1.652519755960897,1.3069774813157347,1.3622178538458198,1.2268934519624441,1.2381559352311418,1.6914485746223602,1.6418979876258548,1.2727387945425994,2.076085803132481,2.1519001924946104,1.383052465375683
2022-08-31,1.5520726415880892,1.2735853585729913,1.6663629924158665,1.3126111725891574,1.3709104213178005,1.2392271700903679,1.2487460511386623,1.7026350499186362,1.6533858653429583,1.278942847470227,2.087879567676745,2.158012416795443,1.393121779815021
2022-09-01,1.511770591126039,1.244303744251671,1.6352954415892846,1.2838187550368447,1.3414700290375536,1.209157944719497,1.219576070898272,1.675178414179714,1.6239119020032717,1.2491671125309454,2.0586418014369117,2.142902478568706,1.3640983612650879
2022-09-02,1.494348928767671,1.2295231860245357,1.6268533650638841,1.2795329160646207,1.3396927314859228,1.19815917432618,1.2046604288012082,1.6619299631025668,1.6111067250844864,1.2463300068656362,2.050293996678409,2.138557737415797,1.3492905459131204
2022-09-05,1.4937233469384033,1.2255288564657538,1.6054881994475685,1.278835873078739,1.3381721847577495,1.1934410987204713,1.2027954535395224,1.6420483269106512,1.5872636172366352,1.2432219832310913,2.023231705315455,2.124444085256593,1.3522522094435907
2022-09-06,1.498080073531345,1.2245509173170213,1.591003545006969,1.2751640143958733,1.3356569539422007,1.1906486934688327,1.2023337264298624,1.6292870160097015,1.5691123883961626,1.2375613982421894,2.006060291896279,2.115428877661233,1.361136798194694
2022-09-07,1.4606860680332248,1.2062516667309011,1.5741970637783045,1.2617535154895203,1.3253617596232121,1.1736216719710402,1.1839594102643305,1.6079318901534425,1.5520834152059353,1.2249958858539118,1.9832890719965972,2.1034225345941895,1.3291518165743674
2022-09-08,1.4750017133990578,1.2242798013854588,1.603248766870678,1.2905773276316492,1.3536660958320128,1.1948171756069588,1.200629072318175,1.6391884838739577,1.5804477899039262,1.2542440012573484,2.022489529913089,2.124210005193458,1.3386288183996264
2022-09-12,1.5052680821402706,1.2442462329411281,1.624414572769433,1.302864967305842,1.3688938509990114,1.2125783414311841,1.220539746133553,1.665252696335181,1.6036649236941924,1.2677594910546648,2.051735412391554,2.1395684026666295,1.3670599243354808
2022-09-13,1.52064189616424,1.2524864162513965,1.6343278726834956,1.3149889588946202,1.381196254720944,1.220762044014843,1.229424193016945,1.6693503735165898,1.611513501814825,1.2815954477901195,2.071450426181743,2.1498479007707387,1.3741677761645024
2022-09-14,1.4887035195155547,1.2338474690998742,1.619462715933137,1.2980705728097703,1.370071967077135,1.2020115052546978,1.2109552256676177,1.6526987818239351,1.602675294151419,1.2650226549222607,2.0654157342658164,2.1467163583540643,1.3463289828427265
2022-09-15,1.4894183649285715,1.2373280715233324,1.6245606721544907,1.2990384522738068,1.369204805690251,1.2042314322633692,1.2140968717964793,1.6618714890155146,1.6060377708273978,1.2651174514090573,2.0694583000205484,2.1488172046610403,1.348698032378887
2022-09-16,1.4755292481447055,1.2259572361718116,1.6119774440261707,1.2912097211765454,1.3639356645486256,1.1924376277865085,1.2031989547590138,1.649739972175115,1.5950307701548345,1.256807720084474,2.0544909421706588,2.1410465440838635,1.333298205793072
2022-09-19,1.4596675747890921,1.2125593604653955,1.5927925587540142,1.2792060942961194,1.3512431660941717,1.1831603357019742,1.190260476740701,1.6292292047577044,1.5763479596522065,1.2467128469121016,2.0371425822343503,2.132006921342107,1.327375079652285
2022-09-20,1.4787138120263923,1.2182908187888137,1.5992490643548758,1.2847620469225265,1.36221833859059,1.1882985275589644,1.1963136111641721,1.633912369161453,1.5847144541438207,1.251323593971949,2.0503005868900406,2.138892290398164,1.3392211310137048
2022-09-21,1.4645592159076506,1.2093675344467747,1.5839732388680998,1.2770403317897734,1.351482689740971,1.1765363733277419,1.1877137637619903,1.6182022172735442,1.574720308578122,1.2449745265401524,2.0329687874977984,2.1298519447201127,1.3279672918062866
2022-09-22,1.446399442237806,1.1963049155048902,1.5750709369705136,1.2755873712706274,1.354389769199278,1.1649121267675486,1.1745429386501522,1.604840845367113,1.5713952831439106,1.2451144153830707,2.0463821426844593,2.1368782357298963,1.311974650306008
2022-09-23,1.4224993852069365,1.1818985309485883,1.5546520270286461,1.2533234167414733,1.3338808979051462,1.1465429913492946,1.1587628068747287,1.591459569156123,1.548453801514859,1.218971190313334,2.0146028531876063,2.1202859114869517,1.2995360854103553
2022-09-26,1.3880624269639745,1.145832992145264,1.493476988710189,1.2177564752389718,1.297169835117792,1.1106123374255201,1.1252085097917228,1.5312061213264636,1.489940984382493,1.1839249024221035,1.9440268769295632,2.0831467681782354,1.2752512682331287
2022-09-27,1.394631270326333,1.1530505452402104,1.5062851630456229,1.222252848281653,1.3059051315141796,1.1185278257412368,1.131760722751609,1.5414933577796093,1.5015094509726565,1.186884485530033,1.9459267165682774,2.0841646668632823,1.2734744308509698
2022-09-28,1.3584107495095776,1.118302601085153,1.4470646350425567,1.1910048663815709,1.2623868228582822,1.0839781731993245,1.099229088390524,1.487276539819369,1.441562887611417,1.1604901761204007,1.8846149088950146,2.0513309783882394,1.2468201622972743
2022-09-29,1.3585561707326153,1.1272976255143488,1.4633541261671608,1.2100168549851202,1.2840931277535237,1.0929965282055685,1.1074343269625537,1.5030945736872419,1.4646912110848742,1.1782253643279648,1.909798921900774,2.0650368940623163,1.2426741749188774
2022-09-30,1.3380425731632268,1.129291011196485,1.4741368463827071,1.2127551578801459,1.2906016539609033,1.0927958910423845,1.1072009055665113,1.5158539308428343,1.4781980641960448,1.1802687034699129,1.9206527078535411,2.0709049119399294,1.2254969081904412
2022-10-03,1.3261271431165575,1.1230263931527926,1.4681350946011407,1.1919971077778795,1.2713609141474793,1.0826053304280812,1.1015656672219705,1.51599789689204,1.4676766593965862,1.1605428333714642,1.9009272758974691,2.0602706380389444,1.210689092838474
2022-10-04,1.3644327631520707,1.1555945098695,1.508835076477907,1.2226637839395744,1.3074213409446895,1.117920604192417,1.132930503715958,1.5570758229257862,1.5083004838152485,1.1892246841562815,1.9478121792787435,2.0856781302214444,1.2414893487705663
2022-10-05,1.4000191355174296,1.1719835389658078,1.5208287374740264,1.2331861789798801,1.3235508522966526,1.1351371685064988,1.1495884918223942,1.5655466332717831,1.5203526774283123,1.2025712738407508,1.9695975248053186,2.09734178527183,1.2705128677805764
2022-10-06,1.4104194395687786,1.1731611911784063,1.5260986063712032,1.233726909959165,1.3259278802266437,1.138045651883978,1.150559333348852,1.5691757208691168,1.5258431151661864,1.2027828526546076,1.9784619946330846,2.1020614863122473,1.27939745653168
2022-10-07,1.3785698952979044,1.1544404235584536,1.5094160213026988,1.2285364882179513,1.3225864586996048,1.1181100272996218,1.1298532093598015,1.5584381842133128,1.505734846882748,1.1960309533158886,1.950686508999534,2.087306141308834,1.2580742024248468
2022-10-11,1.2918406528136754,1.1068254809640445,1.4455347329795731,1.1799897815968876,1.2601375706286406,1.0663160687914057,1.0838614230398436,1.5034137832429875,1.4455057394741602,1.1476695615019312,1.8702317261910013,2.0442613564397245,1.192919613956036
2022-10-12,1.2844883256777386,1.1055422339375889,1.4451587383323687,1.1876625338086861,1.2621406789771064,1.071649634241924,1.0800290946775373,1.507642252822779,1.4390433339876285,1.1542530351784055,1.8840957169812067,2.051838390938058,1.1869965882753262
2022-10-13,1.2668007692359162,1.0815437095266371,1.3940962704836206,1.1663183632411471,1.236379775645905,1.0493653336895268,1.058541479698714,1.4547467632870552,1.388388426604956,1.134600660149405,1.823908925208155,2.019065753944538,1.1727810855374374
2022-10-14,1.31338761606092,1.114130678984401,1.4406996523995061,1.1817915461233974,1.2482252345522045,1.0825426375792762,1.0869126597769976,1.507721060250083,1.4317842794659639,1.1460279891008693,1.859969909201503,2.039025494485366,1.2065429045399232
2022-10-17,1.2839013660470895,1.1056170989019223,1.4362668742696731,1.1755438568368015,1.2425885929761233,1.0747282242366027,1.0774252694368616,1.5070744286695075,1.4239404796792419,1.1425334671599965,1.8457107097334744,2.0312095424362426,1.1840349247448558
2022-10-18,1.3086014674804298,1.1199064657148723,1.4504848532517765,1.1741201992217185,1.2367324455431254,1.0866892435012423,1.091810359501246,1.527432963695709,1.4368655802762595,1.1391628370087525,1.8558426656881784,2.036784664666993,1.197658215328743
2022-10-19,1.2854862577890611,1.1127098463522207,1.444675347914222,1.1751813890478817,1.2363406265260297,1.0796229970408757,1.0859596191761518,1.52204556184162,1.4313483978528025,1.1434624382131102,1.850877965277824,2.0340602888760295,1.181665674288541
2022-10-20,1.2864682245350874,1.1084916695915068,1.4358627909972876,1.1628362060712727,1.2220697284110151,1.0728951091700627,1.0802751067523606,1.5234922719290316,1.4208571154268896,1.1341730201797444,1.8357872846595042,2.0257681824396045,1.1751503359937523
2022-10-21,1.2640110197530299,1.0922806952941826,1.40846439746323,1.139717436951301,1.19494575562772,1.0538788072489689,1.0646400707882213,1.5010486059834716,1.3959711665034984,1.114449830463402,1.799519603956347,2.005757717656109,1.1715963598492032
2022-10-24,1.2668220254076277,1.104725655060786,1.4228592317007014,1.1469762166180266,1.2004321870894339,1.066375898924061,1.0770875409437524,1.5160825773629396,1.4111204217546491,1.1186010627858207,1.8125434726688985,2.0130159673374433,1.168042484164731
2022-10-25,1.2299840338900547,1.0869773945823784,1.3982232200998912,1.1341323501048755,1.1808739140655942,1.0469559181782913,1.059477351662337,1.493323046582898,1.3839741565829229,1.1041942919069498,1.7774591193100275,1.993533575720341,1.1455346048297406
2022-10-26,1.2403725213032886,1.0903556709601216,1.393453067997407,1.131842824441534,1.1758936744798696,1.049779785067818,1.0646334079359707,1.485639722633929,1.3805487628148014,1.1034845154648614,1.7641596877558952,1.9860754960792606,1.156196332343234
2022-10-27,1.2695590476690426,1.1140043752543147,1.431541904361618,1.1535777783467036,1.2125670640102983,1.076119558287506,1.087898200936037,1.5119030509962272,1.4206677993382795,1.1252882322968323,1.8228280341000165,2.019099650830742,1.1727810855374374
2022-10-28,1.2529936481170512,1.1024424741429757,1.4134549946526072,1.1563405920898118,1.2202091279521814,1.0645578042238113,1.078027507463256,1.4880866934714145,1.4040675556264692,1.1286258966492924,1.8060069284637443,2.009783498159886,1.157973169725393
2022-10-31,1.279803822095524,1.1186958436230983,1.437093581157629,1.1670741543878602,1.2345070752343805,1.083465640995763,1.0934859203268439,1.5122382826071175,1.421834916308494,1.139447449084005,1.8295761223759641,2.0228977825635464,1.1733733981515162
2022-11-01,1.286595226093728,1.1263659583949053,1.4514030147129424,1.170684860304148,1.2413567876815146,1.092906949072527,1.1013012111961302,1.5281540223905388,1.436476156026337,1.1416984586411947,1.8479212021044555,2.0330395363418816,1.1798887364463049
2022-11-02,1.2966857561029235,1.1339866407530312,1.469423366118532,1.1764171711569478,1.246902071465039,1.101729112439008,1.1076966723518982,1.548755160249371,1.4504391398825494,1.144926209939129,1.8658404461563867,2.0428967022149305,1.1846273378190115
2022-11-03,1.2778982587205046,1.1324306980530898,1.476388255527698,1.19092812562172,1.2581993600175185,1.100714753924188,1.1055400934787263,1.5563701834020058,1.462231462737337,1.1598095612697328,1.887495627346671,2.0547517615075486,1.1692271093928883
2022-11-04,1.2759768478437052,1.1348471227066848,1.4852779932616895,1.1993030376647018,1.2669916401009393,1.1038145232163064,1.1081633666040047,1.5639987503888777,1.4719720667548701,1.1677430544081897,1.9003827081254858,2.06176628158042,1.1710040472351244
2022-11-07,1.3015397997438984,1.1565704274075148,1.505884346561479,1.2007628901347753,1.2691066504903235,1.1229098740963641,1.1305240263370053,1.5854365735087241,1.495277746446244,1.1707881385647196,1.9260191582685924,2.0756730510586086,1.1911426761138
2022-11-08,1.3203444282419532,1.1634818902844555,1.5102638927191723,1.203202952107204,1.266563147487119,1.1285778096857197,1.1368264214739827,1.5908013009507944,1.4996981701172234,1.1699337798020732,1.9356754254863773,2.080876336174369,1.2035813414695296
2022-11-09,1.3647727772965776,1.1895360374112984,1.5406421061455222,1.2095391807498566,1.2721701334695767,1.1564267038624645,1.1625836744864022,1.6220076262942387,1.5276683839033047,1.1773631585044775,1.97104888220331,2.0998897999095036,1.2379354730860939
2022-11-10,1.3451760473783485,1.182293085649141,1.5336648501954744,1.1954546063606046,1.256850351677669,1.1477351655891237,1.1551488096141806,1.6210836348752187,1.5227008922331706,1.161960911598373,1.956866563948595,2.092335115266458,1.226089321264597
2022-11-11,1.4262315320928998,1.226626433465391,1.5653695162140335,1.214264273452632,1.278840346332045,1.1941541531921613,1.200227571277332,1.6420736382631345,1.5485328602996729,1.1798680314866383,1.9824800555582671,2.106028437260616,1.2912437088132533
2022-11-14,1.4402556753683595,1.2409826719535393,1.5811696247646634,1.2220709050971763,1.2874460723197592,1.207148987919876,1.2151360003309004,1.65738998037057,1.5609142802575602,1.1876799075152513,1.988581501307862,2.1092692815306564,1.3030899610948272
2022-11-15,1.5080779546729297,1.2609647965976385,1.5973106904628,1.2136160670557739,1.2820430235497846,1.2286701971379175,1.235070491302292,1.671113935124483,1.5719634463729657,1.1792690819805909,1.9894685555856968,2.10973972650313,1.3587673468182246
2022-11-16,1.5193983341822763,1.2616687455432596,1.6024552365593465,1.2163550219112267,1.2853463470383046,1.2324369548625955,1.2351364272740313,1.6773094654500116,1.5743764941020144,1.1841342239685426,1.9971652592324622,2.1138207262759368,1.356398196821987
2022-11-17,1.5161816806878183,1.2614626564274463,1.6112126733989405,1.2271801437019763,1.2934344715382196,1.231874742217312,1.2356886455934801,1.6856729992486237,1.5882147345528854,1.1963800041220765,2.0211688437668145,2.126523549504779,1.3569906098961426
2022-11-18,1.5161523121458198,1.2563065909966442,1.6051905435251983,1.218713947330089,1.2898797032943121,1.2268414036644033,1.229685214166676,1.6787382168950205,1.5838081161334776,1.1902112438868022,2.0287717664391502,2.1305231644200906,1.3534367342116704
2022-11-21,1.5033856597783195,1.248005615536748,1.5946224956758637,1.2095856873296278,1.2827617791689492,1.2173565547535943,1.222032217118878,1.66793428957381,1.5725483064271184,1.180967897485792,2.019036008893882,2.125411141146576,1.3486980323788869
2022-11-22,1.52070445195828,1.2536181419293777,1.5983946500995068,1.207317923741698,1.2798698683005052,1.2208473111503106,1.2274129211928764,1.6687041759336485,1.5759110703178292,1.1798167028945656,2.0225286129080464,2.1272494489951277,1.359952172966536
2022-11-23,1.5257034576000048,1.25927863072012,1.6094470392263158,1.2158201100620714,1.2881110464381196,1.2256276809140314,1.2327310677421386,1.6770955612209077,1.5939430127627532,1.1871915919704163,2.0550294723564266,2.144341280208835,1.369429174791795
2022-11-24,1.5460988334516885,1.2825884476036145,1.6385246756011038,1.2387220740435265,1.3133257714125715,1.2489531421650593,1.257054136212128,1.699215783402921,1.620676756116571,1.2105058936382476,2.0850168639938933,2.159986603703947,1.3824599518414493
2022-11-25,1.5464082710979719,1.2780192644114847,1.6282428130057816,1.230259300284263,1.3013291539937357,1.2432457378213222,1.2526764541789792,1.6850244292723666,1.6099542967086269,1.2008867949773006,2.074397605571159,2.154486059240618,1.3824599518414493
2022-11-28,1.5099205755418161,1.2623518119472197,1.6248119492689204,1.2380834605186113,1.306125389331162,1.2291999950331554,1.236549729336884,1.6801885027631593,1.6108690396168688,1.2091229883872856,2.071839289694708,2.15315751550432,1.3546214598999047
2022-11-29,1.5244615070368495,1.2696783148483735,1.6295978111903633,1.2361554137481678,1.310197989285138,1.2352725932245592,1.2446924639034456,1.6857903694249203,1.617461969898996,1.2057629799991392,2.0797268537263935,2.157256088173136,1.3670599243354804
2022-11-30,1.5404334945055527,1.2883623418103263,1.6537659877663475,1.2525510121959817,1.3302460091783326,1.2547003601700972,1.2644111528664783,1.7052859098935522,1.64442406698349,1.2232900104657567,2.111850159840553,2.17391649662121,1.3783138640029757
2022-12-01,1.5619585238009488,1.302097673994905,1.6772242978332343,1.2589668967404737,1.3333584742418099,1.2697951496796698,1.2771078647297502,1.7277628954728697,1.665333699470706,1.229299917775877,2.1336504521275863,2.185136993211159,1.4020063685661237
2022-12-02,1.5528972348382653,1.3038543737152188,1.6898154838842012,1.2668992345506735,1.3367184203397209,1.2721620115593728,1.2771742082654323,1.7430339957456569,1.6738066037025539,1.2347119193958562,2.1437750698096347,2.190321459255516,1.389568105050702
2022-12-05,1.549658617164657,1.308643518480772,1.6984454847566859,1.2752231538454395,1.338606814501486,1.2769682832322697,1.280609136508797,1.7498973638133213,1.6756584410991389,1.2398633657758014,2.1444067079573887,2.1906441355028967,1.3913447415127072
2022-12-06,1.5172001901497363,1.2835581717743554,1.6645679731847114,1.2607350795014005,1.3213152614342516,1.253549320701252,1.2552276992897011,1.7161651385774028,1.654137839046986,1.223540398456634,2.1262668475148097,2.181378640587702,1.3658753995674002
2022-12-07,1.5014881219821892,1.2642603733966216,1.64014622410498,1.2414525378199919,1.3024217751372555,1.234429669966707,1.2376745541299712,1.6977913773910747,1.6277292977900655,1.206056200963302,2.0980092194249917,2.166883614617456,1.3575828220501445
2022-12-08,1.4921963724227614,1.258147758776839,1.6418297907030512,1.2373921795434057,1.2965083336889591,1.228405593192454,1.2316492027149903,1.6992642681321972,1.632007932498705,1.2024955445612011,2.1012879885797653,2.168576817652936,1.3415902810099427
2022-12-09,1.5163728965907937,1.2713074095190589,1.6470832494014562,1.2403664846122628,1.307836451761982,1.2404726698358282,1.2473292026227174,1.7027195710986374,1.6360596279796153,1.2100828362802494,2.106273759615691,2.1711495319941867,1.3623214234228511
2022-12-12,1.5005690671822856,1.262544652068627,1.6420953520040635,1.2369515126035533,1.3013986600079315,1.2325205737072336,1.2376494035750447,1.7017603089621292,1.6333190480506332,1.2056738035181644,2.0984010527354897,2.167091934120111,1.3492905459131197
2022-12-13,1.4900455028479622,1.2542050280669328,1.631687518370991,1.229797076248303,1.2964987482692703,1.222858901701431,1.2290523067000647,1.6972117810788072,1.6207000724962481,1.197706184822976,2.078230695829161,2.1566766186819475,1.3433673193122557
2022-12-14,1.5185090849880278,1.2781839286838217,1.6606272880400992,1.254252865097679,1.31891255522226,1.2476536850256756,1.2528460554092309,1.7187678573292375,1.6599527025015333,1.2224736374453633,2.119652053735286,2.178169053157456,1.3599521729665363
2022-12-15,1.5207894409269251,1.2738669145476862,1.6627841207992609,1.2528897106352748,1.313852674612952,1.2420926779929227,1.2486976444381324,1.7230485812920255,1.6667236865817283,1.2214517769664301,2.124955196253661,2.180893826050642,1.3611367981946936
2022-12-16,1.4952938035252774,1.2569032052987148,1.6434189160412949,1.2390973452830722,1.2962930327319742,1.2221424704329429,1.2318188231302243,1.710727984184983,1.6521135932566127,1.2066304380906614,2.1025718729781193,2.1694075482165993,1.338628818399626
2022-12-19,1.4828183204282617,1.2481620243145857,1.6348909529328302,1.235524420083028,1.286128392515913,1.2148484460744655,1.2224186901350753,1.7036038568917589,1.6383117536759477,1.203339865934301,2.093100407185702,2.164521277823939,1.330928653956526
2022-12-20,1.451062708436426,1.2183927982294906,1.59250056226876,1.2077665861382456,1.2544098314246916,1.1845004070404817,1.1925802423636995,1.666936198815099,1.5940304249944546,1.1747574828174407,2.031948393693447,2.132901955136086,1.3066438367792994
2022-12-21,1.4581269700500976,1.2265454053136402,1.6008438286944953,1.2115372570559964,1.2628257754770937,1.1908755545844498,1.2013905221837065,1.6717218332446648,1.6050659322865326,1.1780735153147408,2.040754437997112,2.1375237332212476,1.3119746503060077
2022-12-22,1.4822706015730027,1.2425645416490658,1.617492620228494,1.217354475358315,1.2703723813734964,1.2039410131082307,1.2190813307342399,1.6904445854366892,1.6209523602140394,1.1869905956878852,2.0518353811158354,2.1433269250364253,1.3338903174869965
2022-12-23,1.453570517437074,1.2304979504858695,1.6088245728728885,1.21041249861465,1.2609266605336902,1.1924815182074457,1.207214273974327,1.6837167000216926,1.6125708065844646,1.1819667018238365,2.039624711519212,2.136949352751622,1.311382337691929
2022-12-26,1.4535267022876146,1.2257659980174636,1.6032029237669114,1.2114386280110134,1.2575038441917805,1.1896101557661614,1.2026807127599064,1.6778595575699686,1.6061576086240528,1.1850760802577904,2.0377481757767537,2.1359663136127027,1.3161209390646356
2022-12-27,1.4577720134763443,1.2319121185336206,1.6133210466735597,1.21858589975196,1.2646192392640938,1.1959103842454768,1.207717625360291,1.688174364304395,1.6168098543510057,1.1886236554543537,2.0517965129956317,2.1433290425844405,1.3220439647453457
2022-12-28,1.4356948692700902,1.2104084522670402,1.5839910106476571,1.2018213636604576,1.2435193237093978,1.1754732731763389,1.1874018438001035,1.6623881297713254,1.5874239034920377,1.1726164580340674,2.019085561635504,2.126243934091306,1.3030899610948272
2022-12-29,1.4253357535492428,1.2070484243331638,1.5856768265018983,1.19813035221323,1.239750255373816,1.1720187293769713,1.185129090894252,1.6630110601304284,1.5897306400085278,1.1723783376383479,2.0205483269594553,2.127014133224059,1.297166935414117
2022-12-30,1.4308092575965123,1.2092400058535802,1.5870380542951696,1.2026232869944442,1.2434156801423069,1.173519530468393,1.1881274731490323,1.6665625269714441,1.5930844585609159,1.1775364004590394,2.033674356340536,2.1339229632763166,1.3054592115511419
2023-01-03,1.4465967665729231,1.223970179757037,1.6050551756504137,1.2093343158256409,1.2570843159648208,1.1888887205271779,1.2022992373578758,1.6823009932125341,1.6067307743045847,1.1824548316516799,2.0452315634787315,2.139986419214246,1.3119746503060075
2023-01-04,1.4390032889568132,1.2208872156393995,1.608076363176271,1.205073090259061,1.2620044738057368,1.1869239975902288,1.199263557171537,1.6826289872960631,1.6111534220204808,1.1801937714463777,2.059434083877389,2.1474166782896646,1.309013187695691
2023-01-05,1.4547828747436358,1.222087143552782,1.6114072256713505,1.1968067947712508,1.2649780321460105,1.1879757065633816,1.200760383919471,1.6893185657125345,1.6079115072883523,1.1717412131550244,2.0577408716950814,2.146533903718573,1.31849018952095
2023-01-06,1.4623978070591703,1.2355351692543943,1.6263481972145235,1.1988711061902493,1.2663894838379002,1.2016755818639369,1.2137387384798695,1.7052104695877754,1.6183242024198157,1.1714893026458968,2.0677424990598356,2.151750506189301,1.324413416121814
2023-01-09,1.5180932825494018,1.2676262310616118,1.6561897190264614,1.2181878212569435,1.2955233396583536,1.2343544615909372,1.2467277127479726,1.7252578231886413,1.6454138806324283,1.1911199464522109,2.09685219927249,2.1668966890907204,1.3717984252481097
2023-01-10,1.5287507183201046,1.2718099756211438,1.6571209040001516,1.2174242182788042,1.2931137472849574,1.2391206881007035,1.2525315407312982,1.726558084807811,1.6432487760936105,1.1934154893967412,2.099536884611707,2.168283872168006,1.3771292387748177
2023-01-11,1.5264147953544438,1.2720513427242197,1.6571581135956093,1.2172148566888912,1.2886937940467895,1.2393141963885195,1.2525799904376904,1.72867338256458,1.64311958262634,1.1941764622212583,2.100368402306792,2.168713244574104,1.378313864002975
2023-01-12,1.5263883557213551,1.2662169095257942,1.64879562945684,1.2077442194251138,1.2802868363962292,1.234301305467315,1.2468612748799313,1.7192676292363784,1.6366526386484788,1.184124381997679,2.0871635419160595,2.161895974901155,1.3723908383222652
2023-01-13,1.546460305270096,1.2624913678978886,1.6385988498472877,1.2060393015030826,1.273096940350989,1.2301991474743257,1.2457305716290925,1.7081850068526556,1.6284700108758126,1.1826008973054163,2.071721917046687,2.1538987130717384,1.388383178442313
2023-01-16,1.5600066281801077,1.2718240164780865,1.6485965821443542,1.2153910941097894,1.2842167543959444,1.2403144965584443,1.2541049642960425,1.7137629473409348,1.6379345033218022,1.1895690110147683,2.084550911395388,2.1605676473023188,1.3990447050356525
2023-01-17,1.5590340524509578,1.2757089923637128,1.6558916334690241,1.2221907552744244,1.289918333020677,1.2437788231315399,1.2574207365854495,1.7229215870800558,1.6390924453245175,1.1953551845361452,2.087339511084437,2.16201279268987,1.3990447050356525
2023-01-30,1.649351204868746,1.319251886250574,1.6985711646332617,1.2412759020411037,1.3189016076433948,1.2874906365673142,1.2993986006068694,1.7651555964777892,1.6670078369102606,1.205170152019779,2.1211840350346254,2.1795404381338037,1.4620321687231022
2023-01-31,1.6090139713771996,1.3076623503422626,1.706351595515327,1.2446538745027622,1.3133910929149653,1.2749913413116483,1.285495870643996,1.7845545104363274,1.6674373422184943,1.2020399014867982,2.12875854780457,2.1834318866381732,1.43296093117651
2023-02-01,1.6324070656694019,1.3255396094189846,1.7273895261156638,1.2583860733813232,1.3283314941984015,1.2930780724991673,1.3015958518168986,1.8037849203504954,1.6940349693149421,1.2170185219015202,2.1611739087736064,2.200055832277681,1.4414400630567819
2023-02-02,1.6631034640341822,1.3503638023411186,1.75219667948447,1.2762252784663508,1.3491681825220168,1.31752140866485,1.3291451727701393,1.8230375962638212,1.7205748896475004,1.2412834826092554,2.2076417611248598,2.247359693000674,1.4656661110889546
2023-02-03,1.6677121508436386,1.352581160026983,1.750052420141265,1.2806285349821527,1.3523621279190363,1.3195439712498884,1.329752119095304,1.822244384099323,1.7216269149261374,1.2488394389632425,2.2141908312539886,2.2540265881890216,1.4656661110889546
2023-02-06,1.6310117106026414,1.3351195328078458,1.7397516513851246,1.2820800708816638,1.3384802283420822,1.303416516673581,1.3123694792178298,1.8112478724369885,1.7150486850772182,1.2526140089438078,2.2164834150268184,2.2563604180950385,1.44446843207839
2023-02-07,1.62694430472336,1.336977847794145,1.7502456060811669,1.2851091571976125,1.3403433813169532,1.304749995977592,1.3162726479811202,1.8195198938396642,1.7306108605496489,1.259726263403273,2.239919698731431,2.280218346622644,1.4414400630567819
2023-02-08,1.6674991629731422,1.3580394613950326,1.772365866498057,1.2922254136693092,1.3609890712088222,1.326101599174122,1.3400276287363064,1.8346777884963237,1.7531548386174305,1.2712169831939657,2.2680849613108807,2.3088903336173017,1.4638488887558356
2023-02-09,1.6653359588188281,1.3541448567320589,1.7674898001521018,1.295558655987585,1.3569405169227329,1.3224616374903575,1.3376195447871708,1.8280304452484266,1.7537435497463914,1.2795087991259746,2.2646578023100625,2.305401516212426,1.4644547634803113
2023-02-10,1.6695721417863696,1.3465802598259942,1.7507973418584373,1.2843654425440063,1.352504518639328,1.315717181078049,1.3274452919734316,1.808968576350468,1.7363756494623634,1.264720556267583,2.240307782230191,2.2806134121753936,1.4656661110889546
2023-02-13,1.6581885294274352,1.3382483586664053,1.7471369414590292,1.2840647696354575,1.3460101411851637,1.3081842822735317,1.3182021077382613,1.811115649176362,1.7338891005406032,1.2610797473298254,2.229447085839668,2.2695573197713697,1.4626377420673464
2023-02-14,1.6697809511134603,1.346951806390378,1.7575479202314312,1.282857079441412,1.353848055322183,1.316214676262075,1.3283441334028387,1.8272902288802821,1.7506123995181393,1.260110015847291,2.247041283864065,2.2874680569964863,1.473539468704828
2023-02-15,1.6270982886699994,1.3306795181363755,1.74780819942012,1.277048872918908,1.3374170250533113,1.30059169266032,1.308788251374959,1.8243514551037443,1.7409370886609046,1.249109170705265,2.231253194610942,2.271395922449219,1.4396232425639706
2023-02-16,1.6399352306633788,1.344681731633179,1.7726475179923622,1.2954578803581676,1.3491319332376446,1.3147958660111634,1.3224639307767194,1.8440276157868118,1.7689815025130784,1.2660621094467253,2.2765663547742956,2.317524316786947,1.4571869792086825
2023-02-17,1.6204186194561925,1.3401374466631653,1.7771893723771408,1.2964568543630963,1.344625797478042,1.3106481872299,1.3187880960137723,1.847843521562483,1.7682625583264646,1.264512942530556,2.2710673244460153,2.311926352783916,1.4384118949553273
2023-02-20,1.6227418341215247,1.347517033798693,1.7893850340466682,1.2993540389088762,1.3522327000712102,1.3176017418282735,1.3265903950054188,1.8646775670127154,1.7798632550553735,1.2659647514370156,2.285321912436736,2.3264373966746397,1.4414400630567814
2023-02-21,1.6258946869507176,1.356460004637048,1.8051584207260194,1.3095861208853155,1.3580084221445199,1.3247781998374009,1.3355678219975864,1.88114477822506,1.8048550278479532,1.2807812142317574,2.3272726868117113,2.3691429121621015,1.4408344897125367
2023-02-22,1.6006171246011796,1.3384835306694167,1.7841646610599875,1.2987999209764833,1.3419615838971877,1.3068288894395135,1.3193116135443663,1.8651018921141749,1.7866897408035998,1.2737456930658595,2.30587126462059,2.3473564545709436,1.4250875735606359
2023-02-23,1.6320288964562588,1.3613942353071933,1.8142413117621103,1.3086268354026382,1.362906734442241,1.3284754361470903,1.3449136799035795,1.889038061039814,1.8295706258414914,1.2871171844584326,2.3705823060605913,2.4132317196548287,1.4462852525712004
2023-02-24,1.6143512484745481,1.351067943206079,1.8081755909450077,1.3009398357735917,1.3524972454643573,1.317402655274411,1.3355379543371724,1.8815405161059853,1.8276749580656404,1.2802241595957229,2.3738430399245427,2.416551117749433,1.4390174682995718
2023-03-01,1.6425344089942555,1.3680002064806664,1.8152388506457213,1.3009301834463816,1.372001788813747,1.335205548734002,1.3565142785713507,1.8808763619823063,1.8374757815719431,1.2956310254728252,2.4018607433041717,2.445072890790066,1.445679578766879
2023-03-02,1.6368444040486685,1.367773515584664,1.8221178438551755,1.3028414179070271,1.3692305541229939,1.3334996063185311,1.355540695116746,1.8948516764962235,1.847569121926743,1.295379384539601,2.4029932136655634,2.446225735553436,1.4444684320783898
2023-03-03,1.6324406429313716,1.3696841318404491,1.8277141114249653,1.3056038249737727,1.3696387410322686,1.3347826742270574,1.3577758311483692,1.9062181937895326,1.850248960395758,1.2980100392664378,2.4012282292707994,2.444428997125392,1.445679578766879
2023-03-06,1.6515206565384137,1.3893501739485,1.848935321145486,1.3393259669064015,1.3881320677450133,1.3550552861771101,1.3750736917690494,1.9278130589411147,1.86923595785742,1.326526777699722,2.4308688865159103,2.474602922777518,1.459609573965892
2023-03-07,1.661221509845727,1.3977422251664464,1.8529088403319547,1.3450973853061146,1.3986361854141995,1.3635331607102184,1.37959384281557,1.9332250463597564,1.8686304480092912,1.3273109606692366,2.4242343181505643,2.467848991144544,1.4692999529947304
2023-03-08,1.6520489760529613,1.390817073383884,1.8564350739449087,1.341939379992752,1.3922794128318141,1.357694334027869,1.3722000543876347,1.9416871908380098,1.8703246623077454,1.3224995404198434,2.4232700080220924,2.466867332003807,1.4571869792086825
2023-03-09,1.653098119665682,1.3893546820846188,1.854972754834134,1.3368563152920057,1.3898676005926431,1.355613459636243,1.3723642623705647,1.9365408216363944,1.8669729696467365,1.318415915014087,2.4200686247610546,2.4636083522955063,1.455975732060116
2023-03-10,1.62461102125568,1.3653690519509123,1.8196203633528425,1.3058186648404901,1.368200471003991,1.3309248090478287,1.350598769909985,1.9016213685719174,1.8303608163900982,1.2899674338994298,2.3683883445283787,2.410998286313281,1.4329609311765095
2023-03-13,1.6317969462714055,1.3686846708284455,1.8109175607039356,1.3115787329471058,1.373130913652367,1.333416204677125,1.3528711313537383,1.8968582367027338,1.8254660693268623,1.2948419747638416,2.353692346132875,2.396037890553405,1.439017468299572
2023-03-14,1.6081232856285346,1.3433480620284752,1.7873567050174555,1.2830912469313955,1.3492817054955974,1.3102449821097102,1.3273406277591195,1.8755612376061563,1.7949294343294235,1.26914986446349,2.325009431519107,2.366838938388305,1.4232705521476712
2023-03-15,1.614276812578395,1.351991358929147,1.8014440745909905,1.2995529039215037,1.3605386199818388,1.3202448826809803,1.3355275672837874,1.8846286708843574,1.8119689528826546,1.288226768876291,2.352862036689644,2.3951926429193486,1.4244820002163916
2023-03-16,1.6047278653109465,1.3447941314717884,1.7811406662187819,1.2844348623531272,1.355578387464861,1.314980564518305,1.329424559076856,1.8583729994515252,1.789118141376003,1.270398430531838,2.3195085543878124,2.361239094356218,1.4178200906692386
2023-03-17,1.6391756643476028,1.3659607758267256,1.813575776987296,1.3032987297184875,1.3776187455942588,1.335807025249295,1.3532817056000048,1.887078400426608,1.8288671198165212,1.2941316118837813,2.3859664850096496,2.4288926771022026,1.4408344897125371
2023-03-20,1.6303515299682423,1.3698883117893854,1.8333656342995805,1.314838192357839,1.380963964197174,1.3397068346456198,1.3576763018100009,1.9069985264750127,1.850855081147255,1.309595742829263,2.4394575723901903,2.4833461286678915,1.4305385373394541
2023-03-21,1.6426691727191207,1.3763210802641255,1.8430662684136225,1.3201546837226321,1.3877432021991525,1.346748904953044,1.36063416366754,1.9185917340146965,1.8613426854446382,1.308116840716004,2.4554785179747176,2.4996553088910805,1.4372005473466845
2023-03-22,1.684472051866618,1.401490616333699,1.8724320776699213,1.340369700333721,1.4126933342543233,1.3717819902160664,1.3878834982763457,1.936562986020878,1.8978888098379603,1.3309421091331688,2.520678068734947,2.566027872121462,1.4644547634803116
2023-03-23,1.6980330860882595,1.4101312302231142,1.8847489438947613,1.3468563503046236,1.4233096590823378,1.3816294361463695,1.3974528029861943,1.942699519904545,1.912143510334847,1.338353555294438,2.535809308436243,2.5814313396625446,1.475961963001961
2023-03-24,1.7036823355763884,1.4177372538794193,1.8923818338856808,1.355360162382027,1.4313543491320528,1.3893754307989084,1.403580552693324,1.951341946088402,1.9132530368178304,1.3444532408450762,2.542175845101747,2.5879124174071397,1.4802014787120583
2023-03-27,1.6871621584065075,1.413795808755771,1.8900839799694615,1.3604027995068493,1.4290948166439017,1.3855655985905644,1.3999586687943215,1.9517605679183716,1.918790945256276,1.3529327869177863,2.562769009400622,2.6088760756471663,1.4711166730274645
2023-03-28,1.6669866165707885,1.3957714477001606,1.8671251629407568,1.3438500485549278,1.4120526001848777,1.3674320529533444,1.3826500413470364,1.9265230736636154,1.8985234216064277,1.3398406119467785,2.5372950269565644,2.5829437879123063,1.458398326817326
2023-03-29,1.6760892352586778,1.3957413388488034,1.8695440856906609,1.342061051361968,1.4129041656487207,1.3676513446189336,1.3825113764280172,1.9293538115743338,1.9003776220635242,1.3370710270418804,2.538828744061903,2.584505098295041,1.4608208211144584
2023-03-30,1.6915781060873756,1.4083372998836707,1.887870944294901,1.3587328835849903,1.4254633320344032,1.3807211689500805,1.3954837041265844,1.9479597862313494,1.9217886760660328,1.355190535819003,2.5650571399826156,2.6112053722444877,1.4680885049260102
2023-03-31,1.6906290649461686,1.413269777559808,1.893393921992899,1.360905567236287,1.4302538448537279,1.3854767691543393,1.399442906643302,1.956950132027147,1.92569061040044,1.3564272954390963,2.5613326220095076,2.607413846048519,1.4729336944404294
2023-04-06,1.675380058707068,1.3948396668027583,1.8875836098457779,1.3481347013468938,1.414075641239498,1.3672829692218966,1.3807634061534426,1.9564661761680708,1.9097725884233299,1.340280033020859,2.5447290954691937,2.590511603589871,1.4656661110889546
2023-04-07,1.6766390149060677,1.3938430408286906,1.8940222539417322,1.344867451466084,1.4118643029886622,1.3649189363158314,1.380290266580277,1.9550682592217012,1.9194289997421508,1.338020088904289,2.553830195153181,2.5997764421845866,1.4656661110889546
2023-04-10,1.6771194239377911,1.4018108695900489,1.9076990626720085,1.3600992440772506,1.4197447687548632,1.373490607885854,1.389554592892311,1.9647575365193353,1.9357447173373643,1.3570060852386492,2.5855195660915697,2.6320359401690756,1.4656661110889546
2023-04-11,1.6747944698825614,1.4146651681434628,1.9291903041637726,1.3732052131135821,1.4335696198140824,1.3869142969344774,1.4024595093948984,1.981765147241838,1.9533767790085592,1.3706809364087518,2.6222296351907466,2.669406464261138,1.4638488887558356
2023-04-12,1.6703331621052848,1.4201620744795695,1.9393357767137471,1.3815189398354173,1.439275501624141,1.3922352734250611,1.4084462552424666,1.9954555289786364,1.9637334197539644,1.3786850268757262,2.6273146504126013,2.674582964565276,1.460215247770214
2023-04-13,1.6436950306590081,1.4036412104354845,1.9181620582020373,1.3636316780650088,1.42182558490977,1.3755621658587374,1.3892021018582295,1.984520067690629,1.9388186161029242,1.3551912068720524,2.5919637035685392,2.638596014850086,1.4474966001798444
2023-04-14,1.6596758966793095,1.4136005203594297,1.9312210217486365,1.3719183724745558,1.4322843118007447,1.3851022646792435,1.3971785379933264,1.9933154255799874,1.9542860428741489,1.363782610340825,2.617591385724394,2.6646847675255905,1.46142649491878
2023-04-17,1.6641860130182446,1.408503727570666,1.9419562291505894,1.3721819285027261,1.4268412016191163,1.379511115401929,1.3923599530017907,2.0108804513930805,1.964707612122487,1.3620046364871026,2.6209206596313566,2.6680739387748487,1.4577924520928502
2023-04-18,1.6492122225372892,1.397166157855753,1.9327441852068699,1.3682797331248973,1.4155762114004014,1.3692307358324431,1.382150128329337,2.001805836373621,1.953573909376772,1.3603988392348336,2.6203779066704804,2.667521421084248,1.4529473630385081
2023-04-19,1.635128199266862,1.3874888377707875,1.92573841535784,1.3676885986769989,1.4065125535333565,1.3601019745626102,1.3736367343723404,1.994301916424833,1.9509984542809335,1.3634515720166356,2.636734518001853,2.6841723060545863,1.4420457368611035
2023-04-20,1.6340710607050266,1.374612810096674,1.8940043399508937,1.3485465768241711,1.39389438277031,1.3467963069374262,1.3581299628660048,1.9662774529126987,1.9078032547431971,1.338853792394211,2.561366479036439,2.60744831220104,1.4402288159082155
2023-04-21,1.6217709470290147,1.3576961556327116,1.860816129877714,1.3350213143567544,1.3770002120588525,1.330963095919385,1.3402655185209809,1.931140560696564,1.8776935315845333,1.3257613593326465,2.5133942274851426,2.558612986462348,1.4365949740024397
2023-04-24,1.6182738142937352,1.3648083796984412,1.8746718308609824,1.3433493535992704,1.38453047348921,1.3381636493507136,1.3475870675253905,1.9456930481251422,1.8960137911358093,1.3343203568244866,2.546277154719228,2.5920875141484445,1.4311441106836988
2023-04-25,1.5840165142567166,1.3298867802899814,1.8240628112343376,1.3101057292601512,1.3485183620051369,1.3033551210467231,1.3121465085376562,1.907401490744183,1.8348501049536234,1.2998937641556163,2.465838041872064,2.5102012121510864,1.412369026430344
2023-04-26,1.5726140503119934,1.330578406049341,1.8334306038445043,1.315276249355718,1.3495500786140204,1.3048187677441692,1.312712255514664,1.9204383919949723,1.8521927789292345,1.3052519931903843,2.4776386015234775,2.5222140770019146,1.4063125897673585
2023-04-27,1.5824495224352533,1.3426354515430536,1.8458452389709967,1.3284404354207924,1.363320071793778,1.31722226687158,1.3260074375910478,1.9295918214391943,1.864353441718768,1.3212622769553697,2.4947978821107286,2.539682072141229,1.405101141698638
2023-04-28,1.6071390419750364,1.3607929080612589,1.873807602671362,1.3471434260880868,1.3786035534930072,1.3346463644056177,1.3447497904822592,1.955624902979455,1.8932260347406664,1.3428577938061181,2.522977963354548,2.5683691444045182,1.4220595059192593
2023-05-02,1.610808682360833,1.3715489368586649,1.8897988820876954,1.3658799143636178,1.391036162838479,1.3467502457334055,1.3567262639398154,1.96843704781158,1.913395969215232,1.3636211338037925,2.554309941703875,2.6002648199095733,1.4256931469048812
2023-05-03,1.5991138255381578,1.3662736213298359,1.8795223506443766,1.361364686171623,1.3841473606474237,1.3429623619037165,1.3510466286563059,1.9597841844235098,1.904275987479465,1.358912882109121,2.5478619802940723,2.593700852498923,1.4196367102418959
2023-05-04,1.6038415958258312,1.3684679822529549,1.8871413256332157,1.3665682581773848,1.3898094211313334,1.3453061720995614,1.3502428545217209,1.964094226839602,1.918916599652697,1.3601353967517387,2.5598968569139773,2.605952249941246,1.4232705521476718
2023-05-05,1.6076471763234792,1.3688923228170053,1.8929369682997148,1.3618981477700143,1.388676738547569,1.345886857065465,1.3510809994063868,1.9719127373726784,1.9238158192940842,1.3553533268714608,2.5465901336737495,2.5924061239426304,1.4269044945135247
2023-05-08,1.6173272476191702,1.3737345981934128,1.89812810538757,1.3656899174845363,1.3934919583798633,1.3509993524984902,1.3540584450050983,1.9783667958612872,1.9254750316757134,1.3559148755174895,2.5345251804848727,2.5801241088203914,1.4359893001981183
2023-05-09,1.6277220737665252,1.373117932476533,1.8851555522635346,1.3630231134485427,1.391597683795561,1.350296833636416,1.3532705445953197,1.9736590867366206,1.909754956380714,1.352533870116735,2.510565690472844,2.5557335609216913,1.4402288159082157
2023-05-10,1.6083959901544558,1.3600076354965671,1.8740216855522025,1.349615391418837,1.377076928228663,1.3356405508918572,1.340173972232768,1.9661166354514277,1.9026425636854818,1.337070268620525,2.4910626030578094,2.535879591261648,1.4269044945135243
2023-05-11,1.5966219764536436,1.3511310079557832,1.85261316512995,1.340765669978904,1.3665133693292755,1.3280808735414684,1.3320348091839302,1.9461174868633784,1.8835237702902339,1.3283578513402108,2.4669285677576256,2.5113113578108313,1.423876426872147
2023-05-12,1.5967893906268953,1.3616471517304052,1.873212099657973,1.3559457533289074,1.3787764938008635,1.339032696039064,1.3419630546969934,1.966901193368012,1.9082859258401237,1.343398707721641,2.493264780736588,2.5381213885673812,1.4196367102418956
2023-05-15,1.5934647792060812,1.356976282113703,1.8579991406657925,1.3477846917962941,1.3711428514951998,1.3334062910799311,1.3355762461775451,1.9509540471044213,1.8937759490048458,1.3331992753600497,2.477583199889124,2.5221576786305095,1.4196367102418956
2023-05-16,1.6205609005971309,1.3763581834631962,1.884109091797998,1.370959489327139,1.3927777240254149,1.3534831463068133,1.3560577461214434,1.9826141722208468,1.9142662637619874,1.358250096977895,2.4921999656499847,2.5370374162724776,1.43659497400244
2023-05-17,1.6536773042005,1.3918931732710982,1.9078071101754182,1.3867438721701102,1.4098297098262185,1.3689456696829354,1.3691675576495197,2.0125795676620206,1.937222852353088,1.3710672845368481,2.517947007141546,2.5632476756909566,1.4602152477702142
2023-05-18,1.6802840641972006,1.4053682640504295,1.929993551774125,1.4021632116020268,1.4249817543955348,1.3828978768989308,1.3811840696003996,2.0324114682246224,1.9582368937042223,1.3842433054182257,2.5410643920961404,2.586780968125171,1.479595905367814
2023-05-19,1.6906086016888153,1.418186533909676,1.9436526381474755,1.4178381053236222,1.4383061265156796,1.3958428044408058,1.3925150081364779,2.0496930084380938,1.9715230081659076,1.3992384039625132,2.5537719601173015,2.5997171594356083,1.4838355215379886
2023-05-22,1.6861562703145714,1.4131089497542328,1.9451103698429741,1.4061753078235901,1.429737419889448,1.390235070493454,1.38737152827767,2.052981111559423,1.9625922848266564,1.3874757662122024,2.5387810758909723,2.5844565725206707,1.481412826320702
2023-05-23,1.6876036420134477,1.4191855122935355,1.9566671378482323,1.4108375793694266,1.4345975941879356,1.3967541145213858,1.39456220197884,2.0591914418783426,1.980956188719151,1.3928412032947404,2.55447659328954,2.6004344697427086,1.4802014787120588
2023-05-24,1.6781782481146135,1.4181160146512968,1.9606268672047307,1.411223282720591,1.4335189579377763,1.395580499260284,1.3913276218925326,2.068500054599325,1.9810188731367762,1.3886725978196606,2.533848221362546,2.5794349704501554,1.4729336944404299
2023-05-25,1.7180832806777082,1.4331335711785569,1.9737681429755165,1.430457107425713,1.453067091958001,1.4119786247232942,1.4047240874452593,2.0813652324921748,1.997590350004284,1.4074135593694148,2.5626423111023398,2.6087470979055105,1.4904975315452187
2023-05-26,1.7733310020675839,1.4608673847316322,1.989679373665887,1.4561103335426004,1.482036358460201,1.4405269695716225,1.431043830742346,2.089559107676454,2.019729300168856,1.4321840405463262,2.581241520786648,2.6276809280686453,1.5256250048346423
2023-05-29,1.7864331785586738,1.478729817594884,2.020857031562158,1.4763072407583893,1.4996653537087392,1.4581122327585718,1.448691358579315,2.1206319202648576,2.055943290670913,1.4516950661705645,2.6234010779291363,2.670598982557934,1.5353153838634808
2023-05-30,1.7830368026833427,1.4789256171660095,2.016309742438181,1.4744953440897413,1.4946934775203606,1.4593032680381075,1.450149677253007,2.1174833301350127,2.054375933139875,1.4537156064662822,2.6320066399503266,2.67935936821588,1.5353153838634808
2023-05-31,1.7692896044340565,1.4794492645027404,2.027270497598812,1.4777396848441957,1.4962470907607532,1.460584462700631,1.4490561007533707,2.136086327496327,2.057248567123119,1.4541599297696686,2.612858909292133,2.6598671485761627,1.5280478005120062
2023-06-01,1.7520288070375254,1.4701957212619374,2.032584839409307,1.4710890248638302,1.4880842481300995,1.451339545107575,1.438190799156452,2.1460264193560867,2.0639084756469708,1.44574272660504,2.6246418785893573,2.6718621066027555,1.5159348267259583
2023-06-02,1.781397260176912,1.4882538902639784,2.0478478766217107,1.4915697314177905,1.5066414980526868,1.4693308993814467,1.4581972694326668,2.159913502828381,2.0827549505959433,1.4691717093187064,2.6481196939468314,2.695762313983873,1.535315383863481
2023-06-05,1.7710223843813295,1.493540236892966,2.056184969666782,1.4978198287540079,1.512939497536297,1.4750191480945147,1.4630430422854852,2.1679616169359557,2.0918821723326833,1.475821316843022,2.6624027735388838,2.7103023620715407,1.5304702948091389
2023-06-06,1.7799950007645038,1.4927508896361539,2.0511140432473,1.4983491977368901,1.5115058572163853,1.4732355614989918,1.4645407001410045,2.1622064878565497,2.0886943071322324,1.4801101591565906,2.6589717168846985,2.7068095768901763,1.5347097100591593
2023-06-07,1.8058002458454003,1.5148460731171363,2.0781766580675316,1.5211924393190595,1.5340672430356528,1.4956624339018854,1.4848716233089394,2.18576694856817,2.108885226478515,1.500913732896503,2.6912097365240992,2.7396275943763277,1.5516678733596265
2023-06-08,1.7786128681888953,1.4935386949799212,2.05166265622969,1.4951544960806782,1.5108911271131436,1.4728375584751423,1.4620412788146502,2.176644965775666,2.072172953196228,1.4716083519804133,2.6497428785865376,2.6974147015214758,1.5365268319322014
2023-06-09,1.8013299629195358,1.5172521101636003,2.081689102493465,1.529394587511263,1.5364420487405817,1.4969857501083053,1.4864257832046746,2.212105005479065,2.1062874425142875,1.5076412800130128,2.6955980046326875,2.7440948123113142,1.5480339309937738
2023-06-12,1.822427688124975,1.5259370043467433,2.0809153561680658,1.53639685528672,1.5450865593826346,1.5056388904454716,1.4923406757569055,2.2181849668346865,2.0974819021125426,1.5116894386122643,2.679027673075532,2.72722636205051,1.5625694995370314
2023-06-13,1.8746044494272447,1.560007827381907,2.1218003245370283,1.5745332077935892,1.5813159177349805,1.5404043561130636,1.5260337832200932,2.2553294499398757,2.141944002010217,1.5512994983360955,2.752148200457297,2.8016624090860587,1.5934574571163573
2023-06-14,1.8736913478075714,1.569475659224639,2.1312815292527416,1.5863026519472425,1.5902589654991663,1.5495165237899122,1.5287725963887437,2.2702767295777435,2.1464078634676165,1.5545098865929976,2.742243027611423,2.791579031158528,1.5928518837721128
2023-06-15,1.8921408876103414,1.593161722908589,2.154663598537189,1.6212715517354728,1.615794296622142,1.574175456939768,1.5471681217639404,2.29187865964074,2.1786500672669598,1.5842840272357186,2.7927449389642276,2.8429895280934816,1.597697073286532
2023-06-16,1.882539298988031,1.581427711488554,2.1402881774264255,1.6120365282804199,1.6033271759582304,1.5616591883868243,1.533842762517021,2.276153073967655,2.162076479083092,1.5726661038299266,2.7707879338857824,2.8206374920606216,1.5934574571163576
2023-06-19,1.87299814578679,1.5842838007664617,2.1324848979581574,1.6088128886356974,1.6067289691494882,1.5653785321672882,1.5352899833562632,2.2644454249179495,2.1550344824935808,1.569301314169847,2.763971873542609,2.8136988032071804,1.5898238161307356
2023-06-20,1.8661515424868949,1.5704975565062154,2.1261539805387706,1.596687361847472,1.5924633637738645,1.5514852876519416,1.5230402063790136,2.2624899161285716,2.150509125678135,1.5580878021756592,2.767002366899821,2.816783818512125,1.5813445837903866
2023-06-21,1.8642750630511364,1.5743351977326538,2.1368413166139275,1.607744256558566,1.5977830534114918,1.5564086748063737,1.5266966669519217,2.2865257458080137,2.156284791223537,1.5695072429038397,2.769818657748809,2.819650777567365,1.5813445837903866
2023-06-26,1.8390306458623662,1.5496069835445536,2.115289923506516,1.580864570348389,1.5727284752317001,1.5317790328118097,1.5058515518686326,2.266770144913159,2.1310694211789047,1.5467761568559684,2.734392999394098,2.7835877721983127,1.5716544056817023
2023-06-27,1.8269711962715167,1.5325878204701038,2.088238008460795,1.5603494896811319,1.5546563612916042,1.5143782575389615,1.4889433197057016,2.2331174920562398,2.112239604392427,1.5263766599732476,2.6918430978373222,2.7402723505643602,1.5613582523884653
2023-06-28,1.835337220745154,1.5417550439799137,2.102273739586259,1.5700040353009528,1.5637078451402482,1.5239593691575373,1.4977276817507612,2.2492585247944907,2.128353757853557,1.5365219056627597,2.7241657656545843,2.7731765391432863,1.563781048065829
2023-06-29,1.8396011486026789,1.554362568028937,2.12370483641346,1.5861421174777515,1.5776097659529345,1.5376115222774056,1.5083261401656833,2.2630800246012885,2.1622400834576916,1.550271412902376,2.7788297037462746,2.8288239423095285,1.5631752738014304
2023-06-30,1.853648166560764,1.5718822060867177,2.1444315248278074,1.6109604340948924,1.5947342137284586,1.5539229411146946,1.5245974493560355,2.2880600359342136,2.1847467064065613,1.5740706494280945,2.8189362257633017,2.8696520252868973,1.5637810480658292
2023-07-03,1.8764758105571318,1.607422786723798,2.1866626182972957,1.6528936892274912,1.6285210558183096,1.5858770183444748,1.5553328508720972,2.3387833255970136,2.2358631955314174,1.6115308054149828,2.87841489802662,2.9302007850501974,1.583161504743275
2023-07-04,1.8999386319474811,1.6322049447706979,2.2139212134432737,1.6800345321617687,1.6555738133446027,1.6095012205234303,1.5772036196163182,2.3685481216540385,2.2673631464561543,1.635203896534998,2.9170065209824614,2.9694867142465387,1.586795346649051
2023-07-05,1.8902184001597144,1.6238799270856983,2.2032930979317493,1.6711684826016515,1.645817142723975,1.6019824054514291,1.56827362550843,2.3621014117308063,2.2542871143384637,1.6251344029784214,2.9104714753815957,2.962834095903324,1.5843728523519185
2023-07-06,1.8460231407731684,1.598775674936378,2.1839115304154935,1.6447522157961216,1.6202096627293054,1.5768449844402923,1.5444917614975286,2.3490915254433453,2.2301005703753742,1.5997993092775171,2.8857698787243216,2.9376880900350386,1.549245278602418
2023-07-07,1.8367889951105663,1.5799019427598981,2.1538223134774483,1.626009268928213,1.6011117064010645,1.5581385274987656,1.5258044294540838,2.3152029062374657,2.201105887381068,1.5813059096555566,2.8440991634640596,2.895267672237405,1.5468225833851315
2023-07-10,1.8357383632031614,1.5777867737992768,2.1479601591782624,1.6274128825473797,1.6006488782026809,1.5582464171967312,1.52446104686644,2.29630379517655,2.1994910477675207,1.5846144310848052,2.86667113341627,2.918245737046422,1.5437944152836771
2023-07-11,1.8762173068787047,1.6143251560850334,2.1765397027648867,1.6687314082408256,1.6391650070884545,1.5958144591516157,1.5557886318301752,2.322980453035167,2.2248807338338863,1.621274265456865,2.8949747947239644,2.9470586127164515,1.5649921947543188
2023-07-12,1.888643960985734,1.6357750024449165,2.191078386795215,1.6968986840647828,1.6638406173522575,1.6199767140451593,1.5733201822294467,2.3326353767852575,2.2537684925294967,1.6466628315563927,2.942320860438941,2.995256486838829,1.568020362855773
2023-07-13,1.911786196308804,1.656166345939699,2.214991232736736,1.7233070481099046,1.687395975313935,1.6433250254647858,1.5899379096888977,2.3535347873366823,2.287535743725074,1.670147544886559,3.0018195215941965,3.0558255951164757,1.5855840995004848
2023-07-14,1.9375430466103807,1.6857240481589988,2.2656924873905724,1.754249280013714,1.7176163774123128,1.672769981618596,1.617492694743659,2.4030660628390326,2.3423629360301343,1.6995829928911241,3.0846293310626716,3.1401252452053976,1.6019365889966306
2023-07-17,1.934583407060659,1.6796620374477629,2.267743242953695,1.7477252574476314,1.710526420523114,1.6660129885333193,1.608584616699962,2.419079966821484,2.316735078545542,1.6891521378889804,3.0190990069887467,3.0734159576813327,1.5989084208951763
2023-07-18,1.9152447112439104,1.6786870124034707,2.2713067065077412,1.7435057420547537,1.709690905794879,1.6647696942790957,1.6124441563627687,2.413253001110993,2.31383475697113,1.6901772180298875,2.9894157876059384,3.04319870415129,1.5958359498997585
2023-07-19,1.910390954084979,1.668607891417713,2.268035621786011,1.7316340747905683,1.699055680571737,1.653694325239451,1.6042918366744263,2.397788575630865,2.3134189047751508,1.6794849874225433,3.004961266040351,3.059023863041249,1.5823170373358897
2023-07-20,1.9106587675026956,1.676988370233419,2.284040541286234,1.741169621632199,1.7076215598260518,1.66104735012764,1.6128862402767172,2.407020330068532,2.34004165949505,1.6895400779889365,3.036529683143767,3.091160231096681,1.5896909074488461
2023-07-21,1.8775885766113234,1.6833562702843283,2.2898816864745277,1.754300925464556,1.7162894352263636,1.6690022312501462,1.614954620128588,2.401678544879993,2.3667179413259274,1.698655832091953,3.0752825828145083,3.130610338555486,1.5632676970722845
2023-07-24,1.8783592433469423,1.693188417166071,2.287047051806065,1.7684158581359954,1.727786185232147,1.6810083953921064,1.6224537876759988,2.3904075799863347,2.370797399768986,1.7106605032542084,3.0601192555824963,3.1151742061933043,1.5638823118234606
2023-07-25,1.9019453828980197,1.6979986361974888,2.3059727197102595,1.7723797888141424,1.7322503630576795,1.6860313280464665,1.6277791101883194,2.4196638582754484,2.366346330974946,1.7158714946755833,3.052509359716576,3.1074273998327078,1.5835459654580109
2023-07-26,1.8908953921048952,1.6869060451640714,2.2876250966374707,1.7618387127780148,1.721134133844868,1.6738601347793216,1.6175932827861212,2.4160970247017017,2.346553513623748,1.7063917403703355,3.007065275845864,3.0611657263244374,1.5792445663404722
2023-07-27,1.897851716703746,1.6893870773055248,2.3051076143697924,1.7633077667156245,1.7228780663157781,1.6758196016121374,1.6215293188920377,2.4365940790168192,2.360483571179315,1.7091297625807256,3.0338683434764926,3.088451010967338,1.591534450322143
2023-07-28,1.905217916359008,1.712958451987164,2.3301747786911564,1.7885779617054203,1.7472046310056093,1.6989456627653676,1.6449624172489061,2.46053587422435,2.3809563064087227,1.7346734531263595,3.0533758200173717,3.108309448718484,1.591534450322143
2023-07-31,1.8916183288853077,1.6922228275846367,2.299745230380646,1.765649835330408,1.725331401436473,1.6786414112549926,1.6249792656826667,2.4334800660491713,2.3385881186772606,1.7121380136053073,3.01363827466697,3.0678569807085583,1.5829315516269886
2023-08-01,1.8988114835247962,1.6992162234829,2.2892188804678217,1.77216646099644,1.7317137979840453,1.684991467319861,1.631618718764985,2.4309833672018546,2.322095249756843,1.7183167838883253,2.9844370492052352,3.038130392706577,1.5909199360310438
2023-08-02,1.8598170959801745,1.6434288763310332,2.2211078597218665,1.7102161253082855,1.6706224030190315,1.6280872588306494,1.581156147988418,2.376296583232563,2.24337325567234,1.66200624908033,2.8574501135757093,2.9088588207980735,1.5712562823964935
2023-08-04,1.8461835362798518,1.64182998845277,2.2400865720579866,1.7074504812404752,1.6681968509050198,1.6259679568654282,1.5821962651746695,2.3900504224459955,2.2585483951701204,1.6612886239163602,2.8945742611696175,2.9466508731177607,1.5638823118234602
2023-08-07,1.870480275057623,1.6754838100851834,2.2720285444629464,1.7467994440503392,1.7077320884531917,1.6611243946170333,1.6146372088930303,2.4197912807057342,2.302433330051916,1.6993800353971347,2.9494976592989195,3.0025624042964107,1.579244566340472
2023-08-08,1.8528270039688945,1.662392249157727,2.253666481319209,1.7342534471825088,1.6948022514663066,1.6480002956152515,1.6022685350787054,2.393400520874163,2.2974737689527407,1.6879999753946135,2.9472136412818384,3.00023729425362,1.5608098408280426
2023-08-09,1.851067814861317,1.6514244219470222,2.2460582551191117,1.721773068121998,1.6816508332771716,1.6369588585298298,1.5933339329455243,2.387592437905554,2.2963662099161652,1.677670081609133,2.9741130684632466,3.0276206720628442,1.5632676970722843
2023-08-10,1.8225694570152196,1.6056422636202774,2.1871440947409897,1.672417398119164,1.6319125647028212,1.5903922098032746,1.547479290736327,2.347262365189676,2.234200522551474,1.6285027356320598,2.8684968416020773,2.9201042917540816,1.5534358702550093
2023-08-11,1.8174097293682128,1.6134788028324465,2.192591088844098,1.6811547177921684,1.6408961133562658,1.598349275865718,1.555319016538723,2.3491433419621477,2.243777693358533,1.6365008951558082,2.9073453732147136,2.9596517516798335,1.5522069421328883
2023-08-14,1.8017426578688671,1.6006398039886058,2.1555811084002294,1.6697873248668431,1.6294180386343415,1.586347574680601,1.549471437066894,2.3083802298720704,2.2040333137919346,1.63208464910303,2.83979127449874,2.8908822795559184,1.5300852313339424
2023-08-15,1.8132761243483035,1.619886751097972,2.182880809197344,1.6922189013521958,1.6524661586844374,1.606446358700599,1.5665363652131323,2.323884121257533,2.2476961087767386,1.6526540005545645,2.9051518929547653,2.9574188082691744,1.532543288498338
2023-08-16,1.8232477664343525,1.6397977824046763,2.193447811220331,1.7170226252074272,1.6758662649067293,1.628211717595572,1.5836522655955678,2.3200856322302936,2.2658010270951903,1.6735478970392803,2.9264403551346088,2.9790902735727536,1.5245549040942827
2023-08-17,1.8302621177280332,1.6464246924348356,2.2263507519317605,1.723386112431088,1.6822424411318357,1.6345849653843747,1.590277949618132,2.3453208393052845,2.297279068676212,1.6800608413704157,2.9999836457591713,3.0539566898322748,1.531314058995986
2023-08-18,1.8089285806006448,1.6222220035023975,2.1967420475860204,1.6940336546283812,1.654253121845107,1.6079921016922663,1.5711839457259509,2.328057998866906,2.2644233564004312,1.6561340839172969,2.943807227039016,2.996769594828021,1.5220969473899637
2023-08-21,1.8031630521896727,1.6180995803371037,2.1998938566193145,1.691010202939139,1.6514784078603837,1.6046833635742044,1.5635650335964921,2.32413514995317,2.277640277948351,1.6497934922394883,2.9843970838012925,3.038089708280547,1.5116506062815895
2023-08-22,1.818079015925577,1.6331305170471744,2.2025722942779957,1.7087101963524347,1.6690831428132735,1.6201798217269918,1.5772542756413825,2.309566260462578,2.291954028517219,1.6663089294910414,3.013162267022793,3.0673724091571786,1.5239402893431064
2023-08-23,1.8435585243907644,1.6432732142822395,2.2120190957285186,1.7205522200867716,1.6801976631535174,1.6310607765214273,1.5863301158940968,2.3156906305959417,2.297464869769899,1.6774085461718473,3.0174694083937927,3.0717570407942913,1.5343866304514804
2023-08-24,1.8764144766968303,1.664608818588793,2.22300008356783,1.7449113366897557,1.7040432781190396,1.653985341551512,1.6089850939401509,2.3205399881807134,2.317091537988594,1.7044043701246088,3.049818317285685,3.1046879425539804,1.5608098408280418
2023-08-25,1.8205553400681451,1.6194672343758056,2.1895911485767003,1.6954922938419261,1.6560036366463218,1.6079025107809322,1.5670961715710146,2.306098881852392,2.2753267276423674,1.6584654000713277,2.997841930768674,3.051776443005867,1.5306998460851176
2023-08-28,1.8253442081971316,1.6179977155038976,2.1805606817569436,1.6918568704887271,1.6520726010561548,1.60628179913791,1.5680765765872169,2.296486217884601,2.2609870947899795,1.6575444145977043,2.967914970860265,3.0213110637869414,1.5405315724423156
2023-08-29,1.8395188791298838,1.635161146311365,2.2043484027384714,1.7098812784558663,1.6697948832037255,1.623914023911384,1.5858461661870034,2.320150377055582,2.287014838702835,1.6760599048165483,3.007894381410435,3.062009748420719,1.54913447113747
2023-08-30,1.8518025167187924,1.6485900391621526,2.228780814146657,1.7240117318682562,1.682459602760272,1.63753218059762,1.5993193931244805,2.3430591106165393,2.3092865961218765,1.6903737755686146,3.044375483977334,3.099147186617801,1.5558938269593274
2023-08-31,1.838946698729494,1.6450220306431511,2.234221717461668,1.7202368877362684,1.6794356996674955,1.6342211529919706,1.592118049326255,2.356073784663931,2.3086841573212222,1.681634515459272,3.038137601304138,3.092797077493998,1.5448329715598546
2023-09-01,1.8324919761551044,1.6358175054325286,2.231470892473527,1.7091652507135262,1.668606091911072,1.6250015088909184,1.5850978313871267,2.3625276023398665,2.303436917971221,1.6735434835583536,3.010220996243666,3.064378221643783,1.5472910287242503
2023-09-04,1.8572070128610954,1.651820175976026,2.251655413955816,1.726401254583308,1.6841567121480205,1.64068076540463,1.601229302523032,2.3880140933135814,2.325219022974353,1.690948379591113,3.026321715235799,3.08076861048695,1.5577373698326245
2023-09-05,1.851142187822768,1.6583791716654068,2.2699207629625935,1.7342630271222252,1.692140135885651,1.6471217637109987,1.6082175546530084,2.411864833420768,2.3443089019829415,1.7001659145362444,3.048891303171728,3.1037442504245623,1.5540503845461078
2023-09-06,1.850012233412426,1.6637704498743489,2.2821352281643894,1.7408803529246275,1.6990327286180784,1.6529711811462395,1.6160410265539094,2.4270142737602076,2.364024180236023,1.7082677808547306,3.0787561261231637,3.1341463747735148,1.5485200573064481
2023-09-07,1.828404095263165,1.650316695295699,2.2670767385339485,1.7265542468013233,1.6857070230887725,1.639478287367998,1.6028697127530176,2.420434363967208,2.3421140600447576,1.6940502148081438,3.046010326168711,3.100811441439402,1.5343866304514806
2023-09-08,1.8162219158726012,1.6369732636181273,2.2589862751115954,1.713271204050227,1.6725358308642786,1.625931917497734,1.590477063200893,2.4204146624349328,2.3318806217764187,1.6825690872739574,3.03413859306737,3.0887261226490828,1.527627274629623
2023-09-11,1.797732600430562,1.6106004656391544,2.228572904260659,1.680989746896321,1.6405690772873753,1.5992915951500206,1.5674936922663736,2.398560008645624,2.299898248641968,1.6555956093948774,2.9844897803009767,3.0381840724934106,1.5214824330988646
2023-09-12,1.8170729751128463,1.6193341873975027,2.245834871608327,1.6871704772950153,1.6465710145395822,1.6077193558353657,1.576664468043136,2.420425856832957,2.313243407105779,1.6626635273713501,2.9964969616586807,3.0504072764049477,1.5368446876158761
2023-09-13,1.8151810812785483,1.6268448495879617,2.263173237125252,1.6959263399705693,1.6536098171007638,1.6152051414039292,1.5867144576632324,2.4458909080928692,2.3310990388794792,1.6738922580456694,3.037526151912293,3.0921746274471937,1.5386882304891727
2023-09-14,1.8524057547198731,1.656575920352117,2.3011994350696625,1.726418119098783,1.6836826351782361,1.6445762486086755,1.6149073413823292,2.4860334345618464,2.371790825367519,1.7032491228509274,3.079557767557004,3.1349624386287918,1.5601953265369428
2023-09-15,1.8751786918396625,1.672046245937439,2.3154133296829373,1.740692714857528,1.6981613859059808,1.659203444336945,1.631359066893507,2.4972099534573116,2.3900120207675073,1.7192273195227274,3.1052685491829735,3.1611357858263482,1.5651113404056574
2023-09-18,1.8279047492152993,1.6446506989150194,2.2917492894347333,1.7092370060285917,1.6663160412754132,1.6319223337877946,1.6058070955598762,2.481358532301892,2.3554430891601887,1.690519378284199,3.057988359956727,3.1130049733840384,1.548520057306448
2023-09-19,1.81947061567512,1.635189530854902,2.279342188301569,1.6981721566780261,1.6547467651185128,1.622226787094443,1.5961488072472,2.4811884548580885,2.3343137767544393,1.6787658512045573,3.01352117610435,3.0677377754124966,1.5417605005644366
2023-09-20,1.807292125969736,1.6219739029173994,2.261103866299894,1.6855477058226143,1.6421730967118613,1.608755484624051,1.581892672594512,2.459973138997632,2.3133201497314277,1.6643617336918497,3.0034216283080766,3.0574565255129142,1.5331576018692825
2023-09-21,1.7822468947328347,1.6017761421049537,2.22795216486872,1.6631951275158376,1.6197677347689774,1.588784255748111,1.5622810598943164,2.4239865626203883,2.2827307262229315,1.6412891158401512,2.9681650171971996,3.021565608735723,1.5085779343660177
2023-09-22,1.7820291280901566,1.6206907687072054,2.2564160416687984,1.6848418888131884,1.6419409632149629,1.6078747441673056,1.5820225472461236,2.4467626386569847,2.3195275773609794,1.664050594856504,3.0162470321474024,3.070512672639009,1.5073492071640509
2023-09-25,1.794469891826031,1.6345279917316202,2.276488773750099,1.6994483320825304,1.6566574702479961,1.6217062854982178,1.592734373576758,2.467643290579447,2.346701770886362,1.675130576547156,3.0478573228452124,3.1026916676413934,1.5184098616433699
2023-09-26,1.772260230038451,1.612380042270368,2.259024139404055,1.6763773784475515,1.6343350364366425,1.5994244548933276,1.5731479209434198,2.4489424898628207,2.3318992165542602,1.6548723144645514,3.035956434241877,3.0905766688091556,1.5005894495018857
2023-09-27,1.7818702212524689,1.6204149963740906,2.267595695657684,1.68674503139521,1.643601287822631,1.607550303401956,1.5825192873442044,2.4499523375340506,2.348778793962028,1.6656106536104178,3.0647494432253923,3.1198876960642243,1.5012041647131387
2023-09-28,1.7891440221947035,1.6315348064014137,2.2797236495743807,1.7005615376983803,1.657611439390531,1.6189932702962404,1.5963437776490093,2.460905326527189,2.3675215065679085,1.6812161296063026,3.091655625835105,3.1472779508394253,1.507349207164051
2023-10-02,1.8275583903149588,1.6714889052647972,2.3167248175372905,1.7457408253944109,1.7022571660527235,1.6597079860864727,1.6317779156213628,2.4935348841227163,2.4086268824101684,1.7209790033319114,3.1410189947014997,3.1975294216417054,1.52701255941837
2023-10-03,1.8157813119882151,1.6625062548865106,2.3009447305549493,1.7360735309880622,1.6926211987658064,1.6507298509126955,1.6216410311622738,2.4854978315604157,2.3914513056437894,1.7102073253698047,3.1169701553041698,3.1730479168628376,1.517795447812348
2023-10-04,1.7948312257939505,1.6541003874632245,2.291616402949543,1.727043506517869,1.6868663022525032,1.6420421565508365,1.6155532826950603,2.471502904342376,2.393349224342356,1.7035494908650317,3.1233807912840206,3.179573887317517,1.498131693717721
2023-10-05,1.8189639833480216,1.6725281835052859,2.3099869754036733,1.7456088722194432,1.703254538043917,1.6604476510162052,1.6337429966316466,2.480025753307881,2.4121945928342337,1.7221895354161416,3.149290240514872,3.205949476371238,1.519638890225568
2023-10-06,1.8282934613666568,1.6762248978057241,2.3093553397366553,1.7490734601260942,1.7067119682583167,1.6641160924954663,1.6367727778863816,2.482498706278856,2.4088032408135134,1.7243765338772825,3.140880336689549,3.1973882690178246,1.5251692174652274
2023-10-11,1.8519737232700555,1.678383001977486,2.2962346478187117,1.7509000725614263,1.7040013212488305,1.6671127252744709,1.643739282011538,2.4723141075064885,2.3912876809978787,1.7335283351882447,3.1345859680821198,3.190980657714976,1.551592327381712
2023-10-12,1.8697827060178334,1.6917369026448317,2.328374238811551,1.7640645370755494,1.7160734491409755,1.6803647032460862,1.6570507624242885,2.5119574813854464,2.4229166417592056,1.7468328443327275,3.1940565797796374,3.2515212118939276,1.5644968261145586
2023-10-13,1.8707023812155783,1.6822022694926613,2.3131853514412892,1.7521557805445733,1.7030726227290822,1.670830179017578,1.651460546979401,2.5059482622033857,2.3944896351359373,1.740117743295333,3.169058274018845,3.226073158795183,1.560195326536943
2023-10-16,1.846148679204649,1.6627493608491613,2.2860208084912386,1.7321287787585409,1.6821843395017955,1.6512668509762356,1.6321073924600584,2.484052169523972,2.362212293024584,1.720041914579719,3.140807167552607,3.197313783486689,1.5515923273817118
2023-10-17,1.8525830004370636,1.6536646555258194,2.2709846951317862,1.7219583209630058,1.6688544841673436,1.6421343782709579,1.6265781748679253,2.4683544858179274,2.3404823187593045,1.713659840840907,3.1142432074269584,3.1702719081588544,1.5552794131283054
2023-10-18,1.8171693880427682,1.6237034737401457,2.2334714257614228,1.6882478756661148,1.6323083443427915,1.6118919935922553,1.5994600157247898,2.4330624357010104,2.2921531122886867,1.6831313203538227,3.0488664250111825,3.1037189246782253,1.5337723170805353
2023-10-19,1.829606660938495,1.6263717216881837,2.2302647018040753,1.6917213911849027,1.6378214601421965,1.6142608500748976,1.5992316222299168,2.4487697611800043,2.2861468714080697,1.6832672145566314,3.030479642375562,3.0850013433627663,1.5343866304514802
2023-10-20,1.8435478538901204,1.6179154197553156,2.2174364063987997,1.6836327844456276,1.6316747463592287,1.6057459093916073,1.5939093610755122,2.4336069502083237,2.2675990304963034,1.6793587138988242,3.0103841376805476,3.064544298176653,1.5411460867334144
2023-10-23,1.813175852380057,1.6011408539885656,2.2020506005943616,1.666993964220937,1.6158908852423726,1.5890987286506038,1.5726613905424611,2.425697591737453,2.2535109561809334,1.6577628181240807,2.9947756076562073,3.0486549533285014,1.5220969473899633
2023-10-24,1.8230076793594772,1.6203574010880273,2.233038780052194,1.6883305173001515,1.640758526120697,1.6085462160842452,1.5931169330016968,2.459999100298057,2.289755497887316,1.680930627833137,3.0345684114094316,3.089163673901406,1.5233256745919301
2023-10-25,1.8269742309598302,1.6280841960372463,2.2510176471503365,1.6950004768956428,1.6453896836990527,1.6162422673216903,1.6034598787174434,2.4794016813755233,2.3127065285786927,1.6902545207189714,3.0561589198307337,3.111142619594435,1.526398346507502
2023-10-26,1.7829988400118086,1.5884158695372212,2.204833796581741,1.6532506386312962,1.6063198649582622,1.576104872529182,1.5626923151118883,2.4480431267436735,2.251254245934651,1.6466642619971343,2.976700374860615,3.030254526981375,1.4962881508444237
2023-10-27,1.7890037110011638,1.5931794749280561,2.213091786303879,1.6565621286636143,1.609519543983255,1.5806890857310403,1.5684968085831843,2.450719853429123,2.2671577729683605,1.6509684107954614,2.9947069393047814,3.0485850495570213,1.503047506666281
2023-10-30,1.794750348575737,1.6075375441858246,2.225222113546861,1.6723680890717925,1.6245999063404055,1.5948663255514661,1.5823613912186034,2.4641595505686436,2.282483986007075,1.66638388540954,3.003364501304882,3.0573983707313617,1.4993607222999183
2023-10-31,1.770223260354839,1.5700744342830217,2.183297703290163,1.6304793158656987,1.5806279320137435,1.557636543261587,1.5453010094040096,2.4316203530192744,2.2390453784498856,1.6250244796464806,2.961581185940628,3.014863327028567,1.4889142807314673
2023-11-01,1.7715833576666102,1.576272351672823,2.195415693855343,1.6373310665973617,1.5847746518544428,1.5638160492604223,1.5526631553819004,2.449508318505972,2.253853399360162,1.6332465177832576,2.99068898334515,3.0444948060986228,1.4962881508444237
2023-11-02,1.8281941434412532,1.6186160696744218,2.2432239296814074,1.6815104471807614,1.6274657626253506,1.6062439948048217,1.594318350814748,2.5020709131797103,2.300941176459821,1.6774463922903011,3.051588505933714,3.1064899788655964,1.5300852313339415
2023-11-03,1.8384625914092092,1.6320160580606926,2.25178757720945,1.695219871193023,1.6437730641460824,1.6195074217486805,1.6071502935641984,2.513687248624707,2.2964887019072124,1.6907496574749639,3.0425963191580547,3.097336012643625,1.5417605005644364
2023-11-06,1.852819723504044,1.657246250271279,2.2962329857848935,1.722601309036689,1.6760550674876336,1.6454234964470098,1.6320582073870349,2.5497069451468155,2.358137362431156,1.7182528298231399,3.1515407918982956,3.2082405176783895,1.555279413128305
2023-11-07,1.8641798868179889,1.6609616054062133,2.300643051248862,1.7270400690019578,1.6847868368478125,1.6492367757536512,1.6359043737678058,2.5567863143246514,2.3624746863369745,1.7230355119938756,3.1691575685489264,3.226174239744351,1.554664999297283
2023-11-08,1.8741258883726106,1.6763119346074196,2.316112389856831,1.7434170438806875,1.7107490255163533,1.6649656632038197,1.6514106337199173,2.5705559876987305,2.385237544325864,1.7400104848519204,3.1840444279963074,3.2413289303588115,1.5632676970722832
2023-11-09,1.877302287533507,1.679502290173779,2.315686369129093,1.7468347000979336,1.7173737422917228,1.6682930239917364,1.6551934920708764,2.561828748536522,2.389986281732597,1.7442347420004956,3.2055878426280757,3.2632599349926283,1.5638823118234593
2023-11-10,1.8720760400407441,1.6697353328819093,2.3091201454243553,1.7369388913188828,1.7043504266445508,1.6588081594115442,1.645375470381642,2.5550486535553953,2.3819024119902767,1.7341761707275851,3.2088273062762966,3.2665576801966525,1.5577373698326238
2023-11-13,1.9038474266974577,1.6798575955210702,2.3197110914385677,1.74749939088938,1.7169503589490924,1.6688189016007096,1.6546944597480135,2.5605059924781344,2.4016148760837996,1.7439734494660875,3.2585141148238668,3.3171384097198855,1.5817025230447896
2023-11-14,1.9077621069481459,1.6841398280617146,2.3367580199618128,1.7518162333930307,1.7199047533347103,1.6731302561319843,1.658316043818343,2.578642595386977,2.427930108264896,1.7475955018268048,3.2977091555403146,3.3570386128338106,1.5853894078712292
2023-11-15,1.9326140745288272,1.7006042923246563,2.35735755316101,1.7680740499133443,1.727049972063986,1.689388534695935,1.6740406803772376,2.594283243432403,2.4564209423432994,1.7631845821477807,3.323868168580916,3.3836682556279256,1.6044387481348346
2023-11-16,1.9348514555817262,1.698388403197738,2.3684346695022187,1.765599839106746,1.7215201765567179,1.687098788941829,1.6707513933372613,2.6064037058199454,2.4716805321960664,1.7593460028344998,3.353797745211916,3.4141362986471933,1.6050534633460876
2023-11-17,1.9319362185099485,1.7032108206232848,2.378370275988227,1.7701398565704267,1.7283857693329834,1.6921706904328357,1.675460116434316,2.6148449838519756,2.483148995630927,1.7638336375249573,3.3603457480301038,3.4208021073224884,1.609969075374494
2023-11-20,1.9304368706708566,1.7111905943380739,2.392596578091811,1.7807653265878274,1.7411885539068352,1.7001996539233983,1.683277531608859,2.6451887181403624,2.4881844865257965,1.7746670430110876,3.375146356518678,3.435868995227416,1.6093546615434722
2023-11-21,1.955738385266534,1.7318079564124742,2.413768713168322,1.8026349036314924,1.7618737675002916,1.7209924028444878,1.7026476528522978,2.6721977469823366,2.4926153882285105,1.7954226135180744,3.3688301440445247,3.4294391470623733,1.6290185160981763
2023-11-22,1.9348045931013835,1.7185553687569615,2.4208774014625534,1.786741337995962,1.745356036074061,1.7077146980776887,1.6886995595512322,2.6911915099792227,2.492379682504931,1.7782934145753826,3.3781879688751753,3.4389653295748155,1.6142706754121867
2023-11-23,1.9335763919213038,1.7127633163790974,2.4087067530964363,1.7801091937412143,1.7291387745161708,1.7019213439103495,1.6835252037241015,2.6785722955052065,2.4762625681181794,1.7722778606423673,3.347697737217818,3.4079265447213873,1.6136562615811647
2023-11-24,1.9303970905795982,1.7169813621321937,2.4113906919222536,1.784411897293323,1.7308447464865393,1.7060292680623654,1.6872487084924082,2.6748986498826732,2.479691699849832,1.776045009033616,3.3415514064658947,3.4016696346397968,1.6124271325388897
2023-11-27,1.905909404869109,1.694161868427297,2.3845985173002306,1.7601862400700892,1.7053084189932413,1.682891483362064,1.6644971807149507,2.6483090165134437,2.4540548647589127,1.7514893959421518,3.310677232615052,3.370240000045584,1.6019806909704388
2023-11-28,1.929700367797819,1.7156950202444152,2.4206554825210262,1.7811443807949678,1.7273270594505759,1.704263041219326,1.6826094761070751,2.677416814682907,2.5017013405596247,1.7687594002911602,3.3802340901521606,3.4410482628504324,1.613041847750143
2023-11-29,1.9334665883520932,1.7270972831539915,2.4376577570229463,1.793211101935191,1.7413311175606796,1.7158987091622626,1.6941246051687895,2.6910224797563025,2.5210276273987398,1.7812374492495926,3.409897822131446,3.4712456783768775,1.611812618247791
2023-11-30,1.9393790460382494,1.7278018074745414,2.4425988937339107,1.7926175667637583,1.7376455395806025,1.7168831032839713,1.6948559420602651,2.700895985971947,2.512279942370654,1.7805692816694474,3.3880085351162665,3.448962578730596,1.6142706754121867
2023-12-01,1.9458158220179018,1.733265975664409,2.45804352500913,1.7986866181088006,1.7411078312040251,1.7216261941045339,1.7002925230615495,2.7226187356331906,2.525138123723733,1.7866584286451366,3.4108162155807533,3.4721805947462965,1.6198011031119233
2023-12-04,1.9325435448399235,1.726250388091094,2.4500650830481603,1.7912278344163992,1.7315193008269287,1.7146051190133107,1.6908593996096335,2.7144438327809657,2.5111538403928884,1.7764866263518364,3.3763160524455187,3.4370597352855805,1.613656261581165
2023-12-05,1.9151347096339315,1.7055941869938693,2.424885673066627,1.7691709928351225,1.7118693287632063,1.6940405523193716,1.6685809032880905,2.689818377749869,2.486811569020583,1.7522781113204036,3.3730618205379472,3.4337469561247866,1.601980690970439
2023-12-06,1.9193545015652695,1.714754087309666,2.4450227400710105,1.7792664061250347,1.7220895347633336,1.7031047391509329,1.678167433458561,2.7060054911534284,2.514502750586624,1.763019839029022,3.406555717664229,3.467843445731308,1.6075112191302525
2023-12-07,1.9114648257462052,1.713954299322811,2.4423000280500147,1.7786581388920177,1.72126424944343,1.7023408445588066,1.677937463130055,2.7046916476675174,2.5109392890503406,1.7630863007822875,3.413389015841306,3.4747996825464664,1.5976792918529006
2023-12-08,1.9258641370131768,1.7276078787637237,2.458149018336347,1.7926960031673635,1.7365479142341451,1.7159237343728093,1.6913014776330784,2.7110059590567737,2.5263959573515544,1.7769944289616062,3.4589730083778583,3.521203781833161,1.6105835896655933
2023-12-11,1.9359814933369175,1.7330105306081984,2.4645227532961016,1.7981099654973591,1.7417733258061332,1.7213984439409584,1.6958547863990527,2.7154026748006874,2.5308451434067902,1.7816027195997797,3.4791214480651,3.5417147143709156,1.6124271325388901
2023-12-12,1.941361035617092,1.7282499339026458,2.4645497946838253,1.7935686280912417,1.7390780510967756,1.71666314494085,1.6867760037181956,2.720846961124346,2.536839512919499,1.772368297796371,3.5165653844620413,3.5798323088500537,1.61611401736533
2023-12-13,1.944850327897444,1.7386716968496978,2.4836317733621924,1.804314568247804,1.7503105710968947,1.7271051919131502,1.698891103159297,2.7513853341608394,2.557967550664215,1.7851472959666181,3.570158385945006,3.6343895080662754,1.616728531656429
2023-12-14,1.9687613119165446,1.7562060717330885,2.503211108141706,1.822554719580241,1.7669571598070974,1.7445638942843482,1.7151806735198885,2.7818522290520207,2.570017330705811,1.8022906063196515,3.5771834061528245,3.6415409162048507,1.6363920848309021
2023-12-15,1.977903302017552,1.7613887285982424,2.4987748448895886,1.8278520012902675,1.7709133390746432,1.7496351186225656,1.7193034901124251,2.7776289580887834,2.548101340494498,1.8064314425701553,3.5266144412413483,3.5900621593430895,1.6431516415729135
2023-12-18,1.974185755145328,1.7539082335533742,2.487974211114636,1.8200778235946753,1.7636425034156737,1.742128252774614,1.7126099757993178,2.7666024343953435,2.5431220221232187,1.7993091744419283,3.51975430769677,3.5830786043623073,1.6456095982772323
2023-12-19,1.9692212399850273,1.7431198500579677,2.4728600888181953,1.809457875281435,1.7527082816619761,1.731400253094494,1.7027479208264944,2.7503799801714344,2.531045501642671,1.7895717128165547,3.5115189618215057,3.5746950954507173,1.6394649576666278
2023-12-20,1.9714681709382753,1.7484906515923637,2.4798073747123723,1.8150592191653754,1.7574275491653049,1.7366776959866324,1.7100096094192263,2.762286547194986,2.5312420831594795,1.7972488994342197,3.514862642045402,3.578098932202582,1.6437663567841665
2023-12-21,1.9540436348759669,1.7444497619515302,2.468121549842182,1.8109760752419028,1.7543335141857295,1.7326807218625897,1.7074400916163024,2.745541509577213,2.519792717029981,1.7947308725258164,3.5136622626303002,3.5768769566260588,1.62963323130943
2023-12-22,1.9704198959206793,1.7580000027004292,2.484980288658052,1.8256004719953753,1.7657011998521053,1.7462610778450363,1.7207788073329575,2.763405888123166,2.541954374771324,1.8095015757023227,3.535979794796455,3.599596006030119,1.6339344295068146
2023-12-25,1.9714757847435906,1.7640429321955562,2.4776918471531157,1.8314433093327276,1.7723648750457341,1.752311329101262,1.7270586010350466,2.7521707168046734,2.524528283241701,1.8156721076976807,3.5116645978761505,3.5748433516600446,1.6406936848685951
2023-12-26,1.9878531817734983,1.7781980297813738,2.4996920682006776,1.8461977482941854,1.7875728801513433,1.7663618846630824,1.7414321367539813,2.7735427311447234,2.552188874589627,1.8308475444503847,3.565833980530209,3.6299873017860067,1.6499110978548481
2023-12-27,2.009317269565203,1.7967944858626808,2.5150880312134376,1.8654068585377068,1.8040953790490453,1.784892906096671,1.7619591879791066,2.785091858967697,2.563027389627716,1.852441540164264,3.5769249659933697,3.6412778264193437,1.6683461247475084
2023-12-28,2.0093564749361703,1.7937197241504987,2.5143650857205064,1.862438376272564,1.801315753897621,1.781812223187243,1.7575713396546389,2.7848060661640996,2.5673800914997273,1.8480157965002337,3.585807210752747,3.6503198726458206,1.6683461247475084
2023-12-29,2.0123691592298734,1.8008354693729176,2.529091873559647,1.8695898995838174,1.8093722801504406,1.7889395631136304,1.7659532584667468,2.8041731112642485,2.5813828765556384,1.8566573432810223,3.6014811067173826,3.66627575944027,1.6646588380807608
2024-01-02,1.9967574395614536,1.7695726479776275,2.5062820551848546,1.8367866380006344,1.775078798751045,1.757806300630562,1.7333885843424945,2.78988073760064,2.5615792130909716,1.8219272011434087,3.5706084145169643,3.634847633153021,1.6578995827189804
2024-01-03,1.951568021823175,1.7364483411423322,2.473814324654257,1.8033129977856281,1.7433370851065364,1.7248212657464772,1.7010333150352797,2.766933580582505,2.5346575620418297,1.7888685726756803,3.5439252415696547,3.6076844002322077,1.6290185160981772
2024-01-04,1.954621921009525,1.7347638231175244,2.4623569324585777,1.8038351815885802,1.7437617842964126,1.7231695124264388,1.6998782416131253,2.758717387074616,2.5261531775536996,1.790287760777604,3.5409559359308607,3.6046616734808232,1.6284037004268472
2024-01-05,1.945645120170968,1.7325170172233713,2.4693778316347035,1.8021217977006765,1.7423623584582983,1.7208520744784328,1.6974570655013714,2.762200226919093,2.5406252634940985,1.7883831919532966,3.591314635036746,3.655926381621174,1.6241023013093085
2024-01-08,1.9621073472743458,1.7390150234731592,2.46973948509926,1.8089868819936488,1.7493070391505594,1.727379204121725,1.7030775976450694,2.7480204052310047,2.544446125912647,1.7944211235000385,3.6036922961192372,3.6685267306000044,1.631476372342419
2024-01-09,1.9694019791423298,1.7417062134280894,2.475119082069808,1.8121212148606254,1.756932238130377,1.7300695173199563,1.7050127849632533,2.7475532739719584,2.556545251259681,1.79682785120981,3.6538023318301476,3.7195383016142,1.6345488433378368
2024-01-10,1.963817706736765,1.7382582860781002,2.4814162117801764,1.8090016644274958,1.7560466894459876,1.7266631122583065,1.702341415669713,2.7432439867397678,2.5743442262775442,1.7946189139260385,3.6984816146340327,3.7650214144334044,1.6259460451027596
2024-01-11,1.97385769501463,1.7518529361248931,2.495237049748411,1.8242367939059376,1.7719164111211487,1.7401720344340266,1.7166807012372074,2.7472085411836953,2.5977219418242226,1.8110311815700706,3.7261891226918014,3.7932274113931617,1.6327054009246171
2024-01-12,1.9710577439208534,1.7536298763638967,2.4934182214003404,1.8265657645770266,1.7740498507308886,1.7419427021479263,1.7182734500548544,2.746470534747034,2.5967436952303125,1.8132893429639232,3.7466913152473222,3.814098461206941,1.6302474442202983
2024-01-15,1.9759317113816532,1.756141707025749,2.5081793681715427,1.8306856931314504,1.7761013388561209,1.744430186528179,1.7197219358874698,2.7658899078916375,2.613827487259945,1.8164284804103876,3.7654181812044727,3.8331622443213194,1.6302474442202983
2024-01-16,1.9548017969191733,1.7375719021845897,2.4920172156970346,1.8123058767531557,1.7604944620117713,1.7260414258559265,1.7041000520056684,2.7503088107891864,2.6002177604992753,1.8012648136555538,3.7636671919892497,3.83137975286167,1.6179574597785504
2024-01-17,1.9441752888396313,1.7118271430868908,2.463021797173773,1.7858756143916308,1.7364515426883587,1.7004235583818614,1.6801420847121613,2.7185544486395714,2.5697273558349285,1.7764528599705607,3.742903187617324,3.810242180945573,1.6028657442489394
2024-01-18,1.955839362732513,1.7068147792785542,2.4491018230370076,1.7813734945682673,1.7307263145724172,1.6954374330005466,1.6741903062043666,2.71236103782732,2.5520199713723475,1.7709271576779448,3.716778363502598,3.7836473421741537,1.613555901964228
2024-01-19,2.0517942961096627,1.755501335739716,2.4765061809845714,1.8345404721491634,1.781192144021489,1.7438792198594186,1.7261937243606456,2.7320122387507833,2.5802586512199905,1.8289975579257036,3.740359540328123,3.8076527706111496,1.671407243754224
2024-01-22,2.068925927724397,1.7908196073788045,2.5213476172098805,1.8727152674604126,1.8202568780068045,1.7791460668872585,1.7627972785788402,2.763050992251159,2.641458326738234,1.8695525264029587,3.8250448650399083,3.893861678549622,1.6827260806314708
2024-01-23,2.073418938117236,1.7931946201595519,2.524438927498821,1.8749050603264295,1.821202126186672,1.7815489784946081,1.7631648067520416,2.7579745772286217,2.6414515126028553,1.8694892306091841,3.8205394493339533,3.8892752054016344,1.685870581502108
2024-01-24,2.0694760046540024,1.7869053924030025,2.5145771549914366,1.8691085791159339,1.8151845549347412,1.7752203937658824,1.755244038767436,2.760023267254648,2.6269268826370737,1.8617706994387397,3.806540283289076,3.875024178781785,1.685241600959919
2024-01-25,2.1009319931499446,1.79311178165459,2.518825637989325,1.8751679958166196,1.8260246426670192,1.7813290844853307,1.761837902758233,2.7751595270012688,2.6342309489776934,1.86822374262377,3.8001168035738226,3.868485133518612,1.7059925340079993
2024-01-26,2.099230388731508,1.7824242831982353,2.509109412149003,1.8631191024472245,1.8116030576299318,1.7707043636751416,1.7513297690805631,2.747385375924475,2.6273192608958027,1.8560665872985318,3.8041294669409957,3.8725699891649237,1.7059925340079993
2024-01-29,2.1159928797816683,1.8014388236250092,2.5400228713945805,1.8836415969622395,1.829545984509311,1.7896480910336066,1.770063211057239,2.7725169697093093,2.6642964721614977,1.8767028793560812,3.868610268988595,3.938210872593534,1.7166824908031337
2024-01-30,2.1089748005830864,1.8080660708305547,2.550535988087492,1.8915734045505235,1.8430541134468141,1.7962988211033202,1.777595320050843,2.767270221737675,2.69351475186779,1.8859978813050797,3.931862105458182,4.0026006799858305,1.7122809329888116
2024-01-31,2.076760921944561,1.7954092304520768,2.5437916655129618,1.878500368406287,1.833386846437682,1.7837341669705813,1.7644292545897369,2.757910882614495,2.694527620742072,1.8721825457342411,3.9686453046816674,4.040045649894514,1.689643460154472
2024-02-01,2.0784620748860223,1.801656412659971,2.5614494932145164,1.8845059241248356,1.8364276839275535,1.7899733664595132,1.769804217750523,2.757611248993861,2.7165817970085975,1.8772433839860252,4.005295637988495,4.0773553634808515,1.689643460154472
2024-02-02,2.1060874610254077,1.8315638158459175,2.5972278670341615,1.917249821863602,1.8708925904663845,1.8197912115426496,1.8025542571030029,2.770117542774177,2.773641435271952,1.9139200303019273,4.109886335715611,4.1838277642452635,1.6990756567853829
2024-02-05,2.1280733798494613,1.8331640339608313,2.5982803484698187,1.9201354937101627,1.8707970130795581,1.8213795368851384,1.8044165916405925,2.7806919283406923,2.770132930837977,1.9172862159580781,4.1075570522777225,4.181456574406375,1.7097652117402096
2024-02-15,2.2491529672613204,1.8806457032113117,2.648979194804006,1.9710011769796678,1.9321568012552728,1.8687105166392104,1.854229289391304,2.8052751225388963,2.839440959431933,1.9718049306355674,4.220998011224401,4.296938462437976,1.790254830045161
2024-02-16,2.2173568820904994,1.8693547811347775,2.6624900764156076,1.9569312342615168,1.9079664083144778,1.8574723301627518,1.8403374976105256,2.831589336356331,2.841971763548352,1.954310167393776,4.158286140401282,4.233098335274984,1.7770495538417321
2024-02-19,2.204863596147749,1.8634468558416686,2.6617799696313047,1.9495250416850558,1.8965271060903262,1.8515671008447412,1.8319864126801395,2.843579574606981,2.8322193784905534,1.9438492620827126,4.110702568292071,4.18465868175405,1.7745344353535921
2024-02-20,2.230917451079864,1.8810704026576128,2.677666639930377,1.9679595996212071,1.9179642299831734,1.8691775886477737,1.8484569358203982,2.849198079510814,2.860581253772675,1.9613636022811747,4.1514599933545195,4.226149378246932,1.7814511116560547
2024-02-21,2.213855900417876,1.8691970293542017,2.680748072784716,1.9550333045075665,1.9043056568685768,1.8573239920643623,1.8346166907665236,2.8600021030937044,2.8645984882620144,1.9459489532867018,4.144384947336184,4.218947044277842,1.7757917936775083
2024-02-22,2.24703114531127,1.8928376790159425,2.706300383662546,1.9803926767500635,1.930378759552077,1.8808977614990874,1.85783945416214,2.8895394585067513,2.8918903398494775,1.9713694664622776,4.177809009913356,4.252972442934006,1.7959141480237077
2024-02-23,2.2658641551739542,1.9070430463410182,2.7100813912017356,1.994924394437154,1.9472171831443057,1.8950227906499362,1.87364399565615,2.8695023608814765,2.894095606601871,1.9878526328094712,4.1925772571845465,4.2680063874072385,1.8078616640629126
2024-02-26,2.2714063911339553,1.9137574140702969,2.731430714085491,2.001320917505437,1.9536463814935985,1.9016545675950864,1.8797014573344308,2.901887862446495,2.9185504054669926,1.9935276584854054,4.232271010547401,4.308414275563031,1.8103767825510528
2024-02-27,2.2614607958174995,1.8930676345493471,2.707920434581193,1.979883634193295,1.9332702281308407,1.8810547572635956,1.8570503521301844,2.884558611354877,2.8914849130605913,1.9695559008651518,4.188232705945114,4.263583672856531,1.8028310252463244
2024-02-29,2.2633397996366837,1.926668069893717,2.7488394342053946,2.0137840790784525,1.9670697519655689,1.9145753914547343,1.8906561746474546,2.9092136306824514,2.9344821944269137,2.0039631753108478,4.262464671502665,4.33915115407742,1.8022023460843666
2024-03-01,2.265552676113142,1.9373170366651822,2.78286342845218,2.025660174846387,1.9835712050994574,1.9252388457832792,1.9036406648517696,2.929118609846933,2.994003984579534,2.018794446290602,4.3479894794380956,4.426214648476882,1.7959141480237082
2024-03-04,2.3486818093080917,1.9575228681239754,2.7972213591969237,2.0465635742231387,2.0046894141098854,1.9454590494588024,1.924591979881428,2.9499691515951256,3.006504197239041,2.0409585471413054,4.382451369082672,4.461296545864253,1.8481061718351575
2024-03-05,2.3655042922127705,1.9727824378293184,2.8303396872112945,2.063359379207351,2.0263692581290553,1.960740324528574,1.9397247726528235,2.985101491302837,3.0405136224298537,2.05817077826985,4.451782815021313,4.531875341665147,1.8631978873647685
2024-03-06,2.386614747314597,1.9944051065732735,2.8601410130823464,2.0867346388728967,2.049759634781047,1.9820428369244074,1.9597257115588396,3.0289998721105262,3.077116882011119,2.0802039871449756,4.491896919204024,4.572711143219797,1.8720016057538753
2024-03-07,2.440201461783804,1.9991717823041124,2.848145948700855,2.09206583102252,2.0545628749862423,1.9866342103762413,1.9656046585697444,3.037197867965455,3.066960834319686,2.0868530617091543,4.454367890369005,4.534506925394933,1.9153901120963723
2024-03-08,2.484496377314939,1.9930407236487764,2.794188828554158,2.0854788921987013,2.0342317992002648,1.9805882871671563,1.9606213057146455,2.9996552539787324,3.0036499443602804,2.0812295636538045,4.3517028229265415,4.429994799146775,1.942429544585342
2024-03-11,2.4526541101783628,2.000105768992483,2.809653845809902,2.092543768343335,2.045854283179078,1.98784477132744,1.9673980454078472,2.9924900475510117,3.0289650080419346,2.0880523709754355,4.385560638585862,4.4644617545857015,1.9229360703212546
2024-03-12,2.464754109388745,2.0107618663301685,2.8426891937440146,2.103209295304827,2.0537446598088325,1.9982264688129427,1.9759846147650872,3.0597943232038247,3.063227337648799,2.0965226962532983,4.425932690555577,4.50556014469508,1.9430584246674538
2024-03-13,2.4758588658595126,1.9962959246121854,2.8253983893555334,2.0883526461508706,2.0357928317837883,1.9837920412563057,1.961332552273487,3.070944762488591,3.042509969094403,2.081120850107352,4.380678450486762,4.4594917304899555,1.9524906212983644
2024-03-14,2.4731027362717364,1.9759506429485845,2.8106929337163407,2.0666686976508912,2.0147835780409316,1.9636201175086716,1.9399447951790105,3.036241387818498,3.0239682689903193,2.057829654875598,4.393666412062114,4.472713359946637,1.9506041819721822
2024-03-15,2.408190996162394,1.966230581599857,2.8133648636427298,2.0570230666683544,2.0107477273982717,1.953305475591922,1.9302367073509663,3.0361808163368242,3.0379939346696534,2.048070262492714,4.3816109679370365,4.460441024966836,1.9241936295653244
2024-03-18,2.446926079348653,1.98520155990994,2.8623468132842267,2.0765941820868528,2.032333249564919,1.971795446285198,1.9488849418917178,3.093592928119414,3.0856276009973125,2.0677814483245367,4.4564469395524,4.536623378986637,1.9418004635830752
2024-03-19,2.443664770911619,1.9889121832309604,2.8725226540724362,2.0812572929585107,2.0283489042239786,1.97573246073776,1.9535636933537726,3.1455570285367496,3.078574008541138,2.0737483376369292,4.4612571625461905,4.541520143244748,1.937398905768753
2024-03-20,2.4296692191161195,1.977485717231298,2.8704748296569123,2.0691077698603655,2.01404130301487,1.9640837757154683,1.9405513282941769,3.1686140578190467,3.0651601426468456,2.0595927897184696,4.428894892280184,4.508575639724956,1.9267087480534644
2024-03-21,2.4980634038975817,2.015381229725915,2.9145656646360614,2.1086724633913896,2.043795866239591,2.001538353380751,1.977909490449379,3.2020500478698697,3.1077927792083604,2.0994951487886264,4.497867546686797,4.578789188934909,1.9795296519470258
2024-03-22,2.5049425984266764,2.0280556930341715,2.9260919231253952,2.1221739473707384,2.050897419015232,2.0145863771418333,1.9905063561366172,3.1909289327887524,3.1178313435273033,2.11343098489274,4.536402767840192,4.6180177015976165,1.9770145334588856
2024-03-25,2.491195727589488,2.019771280757143,2.941440007129078,2.113466139283504,2.0445359695136327,2.005917579019375,1.9805742846459096,3.212216011322162,3.140021804327485,2.103033456860791,4.604179334159937,4.6870136437650505,1.9807874121112496
2024-03-26,2.4885400004550826,2.004016745080803,2.9065758835382924,2.0966365807311225,2.0285333691786156,1.990402015960033,1.9642785495303052,3.170845636380377,3.1035623848664193,2.0854116845025503,4.5660054805595625,4.648153000059761,1.9820453731956276
2024-03-27,2.4856453725839733,2.0063257721030614,2.9316886593054203,2.0988584879357384,2.0342677713048207,1.9923576495633977,1.9655583969702233,3.216952219765305,3.1293302740357634,2.086518807722487,4.582259252001546,4.664699194936663,1.9826740523575854
2024-03-28,2.46860730570644,2.0122832900907537,2.9332879525699944,2.104654631875639,2.0433830798669246,1.9984202765020154,1.972019102146855,3.239143153603151,3.1343225906657697,2.0929771885046735,4.634824976837259,4.718210635655629,1.9732416548065208
2024-03-29,2.4908167487468535,2.028339962354233,2.946708429154709,2.122394318945647,2.066474926433044,2.0146655071234085,1.9892442064797176,3.2460499401123073,3.1663628986067027,2.112562014895415,4.747795362853425,4.833213484626059,1.9845604916837678
2024-04-01,2.476403394040184,2.0252742124578393,2.974696386144285,2.1185656992906803,2.0663099665646376,2.0115709726834234,1.9839158135613097,3.273738063111263,3.2037668164716564,2.1061965419743833,4.844177477985158,4.931329621259949,1.9795296519470256
2024-04-02,2.52708300517414,2.0486763772166494,2.998030536284486,2.144189405539106,2.0913334214137644,2.035061136450921,2.0080592580055776,3.2995742458390693,3.2327252606782557,2.132786417704732,4.93123852201181,5.019956990347388,2.0078268446002197
2024-04-03,2.50622356600206,2.0476274567465618,3.01169218014989,2.1451014363444285,2.0922995287559893,2.033654105344828,2.008009615532354,3.2903971027211547,3.2532826003235216,2.1352015291234707,4.966517473165627,5.0558706490897505,1.9939926883146786
2024-04-08,2.5134247512632166,2.051514208524725,3.017502995839585,2.1483354950766005,2.0957282876137064,2.0374866728189436,2.01168679796053,3.2997050647646957,3.2453880608129673,2.1382720241434474,4.915226729343127,5.003657127711183,2.0053117261120796
2024-04-09,2.591834076057728,2.0635087932580833,3.032008787151952,2.1608681792584923,2.1076965217353125,2.0492747866379286,2.021704469368911,3.3170241171959107,3.2523777648275702,2.149033337661862,4.929395058421252,5.018080360795487,2.0531021921092067
2024-04-10,2.584801156955165,2.061364798041522,3.042404228464866,2.157510162999791,2.1028013936704513,2.046924116488696,2.0180866388016785,3.3212733529372316,3.258331340272076,2.1439846675980854,4.930825269782537,5.019536303250655,2.0499577916986462
2024-04-11,2.592421248461649,2.0553056781768912,3.034322359241002,2.150080232673557,2.09573249662696,2.040987357532694,2.01050419972327,3.3112972274812162,3.262326092575877,2.1343738482786265,4.932950747175584,5.021700020347166,2.043669794558142
2024-04-12,2.5875112240558127,2.055554341617382,3.074410014975563,2.1510002313511882,2.1015107647446403,2.0410479601369045,2.0090771053577208,3.3575618442957125,3.307214207557505,2.133731985914518,5.036221884885909,5.1268291207417205,2.0386391557415537
2024-04-15,2.536411939037752,2.0015884456730553,3.009859937922193,2.0933891259629376,2.045376002459108,1.9871214169380218,1.9555192135165036,3.303082901855898,3.232741524932033,2.0757016089823694,4.888032151014134,4.975973288656794,2.012228603334696
2024-04-16,2.4679095019039337,1.9336194863930551,2.919583913221787,2.020853511624584,1.9771322385869958,1.9196507536632141,1.8903763060345724,3.1988436649281917,3.1409094385461493,2.0051656764258787,4.746632641751807,4.832029844877985,1.9575210591947982
2024-04-17,2.5103940264546516,1.9589690827000235,2.9708252758528477,2.0477940724570742,2.0079086597227698,1.9452009625004212,1.915469928738053,3.2594035380530815,3.203003806812317,2.032463538553716,4.850957843616707,4.938231973214185,1.9795296519470256
2024-04-18,2.515299256223374,1.9700300446285894,2.9795078234312884,2.0598974939449826,2.0193623242223,1.955890582743162,1.9282091265223105,3.2601374042854623,3.2059096855539555,2.0470996202563883,4.828686791549561,4.915560240137836,1.9990231262111127
2024-04-19,2.3693830025889864,1.888062164495148,2.8712462840636626,1.9736383795926267,1.9303783073980088,1.8743525967883004,1.845992159048056,3.1687313829676507,3.074429227935575,1.9587370830470738,4.620632670595155,4.703762994031485,1.8977828762383122
2024-04-22,2.3316500263970044,1.841392612013145,2.7977515913788595,1.923133250941603,1.8763225915930501,1.8278395575986377,1.7974588292432971,3.12080218362446,2.9785080832746424,1.905063928095368,4.473251642067869,4.553730416800096,1.8921235582597657
2024-04-23,2.3637516131338887,1.8596470574309873,2.8340194341662923,1.9410941886631117,1.894371918794372,1.8461196237444402,1.8157151029211482,3.1515396178626016,3.030599879374157,1.9230544611007758,4.551549063170805,4.63343649563554,1.910359272359629
2024-04-24,2.4557949949860465,1.9336590501960977,2.928385785838553,2.021555571507603,1.974706432759979,1.9198349785066975,1.889625264426023,3.2414769107688057,3.140675881985994,2.004681172516159,4.74164070786707,4.8269481005477965,1.9663245766637507
2024-04-25,2.407505239626543,1.9040558877002103,2.898501842105982,1.9884669894232543,1.9424419252785639,1.890327295766561,1.8607760777391174,3.2249021593519287,3.092307445861114,1.9716552264205633,4.626759099439479,4.709999644148011,1.9304820285461364
2024-04-26,2.4571311447308055,1.941844748514067,2.9430944787906754,2.0295960127745967,1.9816837029465986,1.9278517201505099,1.900595080741531,3.250492493967428,3.1379131856565112,2.0160781287076217,4.689197733294751,4.773561618506055,1.9619228179292745
2024-04-29,2.496772952668597,1.9722697156104236,2.987352242375503,2.060665908017814,2.0103467190219813,1.958099536439263,1.9306584852113224,3.288904367343318,3.194968855617825,2.047111366642409,4.781506668703674,4.867531294381417,1.9971366868849307
2024-04-30,2.482062901088783,1.9643679021832765,2.984528398766332,2.0522925846952687,2.0014009249320672,1.950241478183801,1.9223633082791571,3.281585993535399,3.188934615001428,2.0382550469264062,4.749480441480196,4.834928879692426,1.9902198096623143
2024-05-02,2.4383973611919965,1.944887687547583,2.9685624023005657,2.0327348203279767,1.9777217044140225,1.930754465386444,1.9011745005061254,3.27747518061881,3.1755116434390693,2.0162673971385257,4.744447643287526,4.8298055358599346,1.9638092572554566
2024-05-03,2.460538431531292,1.954736684675069,2.958228519369978,2.0432166067503723,1.9789501477238682,1.940636130439661,1.9117347182316258,3.300483612943053,3.1593917497959123,2.028164842813656,4.717769249021386,4.802647167594082,1.9738705348886336
2024-05-06,2.4761531675240738,1.9632688221410277,2.973572809910872,2.050554363526153,1.9887278515522109,1.948918276951392,1.9201447950897732,3.3239494036551926,3.174669263652229,2.0353513254272646,4.740464161851289,4.825750387159968,2.002167526621674
2024-05-07,2.5086698904042906,1.9719796052374623,2.9648121338686013,2.0613454027493883,1.9988339325947788,1.9576065578015795,1.9299759640083667,3.3176992570083668,3.1663902407029187,2.046675925254457,4.705370865015964,4.790025722863877,2.0134863634989206
2024-05-08,2.5228981702219326,1.990760716856144,2.9760603929969225,2.0814278228296477,2.0234111052420225,1.9762390165962669,1.9494318072332422,3.3072437068000538,3.18579501373634,2.0674419571027327,4.76113309268001,4.846791175054023,2.0210321208036492
2024-05-09,2.5075811670423103,1.983377488732496,2.9422066214846327,2.074801179238788,2.0140847106952737,1.9689816575325916,1.943963222037959,3.2631133625744653,3.148977944248315,2.062130364394514,4.694651154806316,4.779113153139006,2.0185170023155092
2024-05-10,2.5181996220478973,1.9797849321331917,2.9310914638683987,2.068984487235895,2.003035682196582,1.965058844424918,1.939688315333675,3.2624907253239486,3.1323903437951435,2.055901412242321,4.630410765418274,4.713717007661222,2.0329794359227003
2024-05-13,2.5562437861366076,1.9865169993331153,2.91119582247624,2.0751247120378205,2.0110990773633715,1.9716406017760821,1.9470851066315935,3.2503186256711376,3.099341742681849,2.0637848772257006,4.564491289014965,4.6466115665243315,2.0537308712711657
2024-05-14,2.5817253954071635,2.0136342584692826,2.932920800410683,2.1044401501901153,2.0425018077471955,1.9987039816077763,1.9756436731109766,3.251192107003544,3.1383901145811968,2.0948875866249352,4.642726783844006,4.726254604963304,2.0675648266365525
2024-05-15,2.614599634994141,2.0244145558333044,2.9404418120637614,2.115277366249793,2.051191814668743,2.0095241152701147,1.986307054781287,3.2522017571629402,3.1556564534601432,2.1054235051526,4.673436379615236,4.757516700535114,2.0958618183695927
2024-05-16,2.624750094061913,2.035285069906997,2.9558773970886305,2.1254261985755556,2.061260684021918,2.020188328090866,1.9969837395592218,3.2598196311953527,3.1841260498463226,2.1165159357190433,4.676139437954996,4.760268389902283,2.105923096002769
2024-05-17,2.612341050694683,2.0366477900830415,2.957409992876288,2.1295483845652643,2.06507104752831,2.02149327214688,1.9996322738499421,3.2534799728967028,3.1823292654467252,2.1208176975927544,4.695214623621897,4.779686759385588,2.103407575674321
2024-05-20,2.611744072884477,2.0330364033909936,2.940622229910767,2.124184142267115,2.05834369765715,2.017671095901685,1.996699224825206,3.2372255096119438,3.169300115605103,2.1166470493495337,4.65089346700462,4.734568215841599,2.102778896512363
2024-05-21,2.6203009832517843,2.0262828882016373,2.9351825392740394,2.1178264203085333,2.052614591499368,2.011156241428254,1.991549697631307,3.245324177945311,3.158638642161639,2.110589827831106,4.620144938956751,4.70326648755817,2.100263778024223
2024-05-22,2.680146955827254,2.0567258499529446,2.973603863443404,2.150116367943198,2.0791791272798155,2.0418669658370954,2.02313825993193,3.2840132510544677,3.2062708861424842,2.1434376682453786,4.669078350684619,4.753080265814559,2.137992966388173
2024-05-23,2.7107641233412467,2.074546983957005,2.9772030544944257,2.1717379336272975,2.0953878473537024,2.059736585969268,2.044018890832868,3.2782391943405518,3.211181213751192,2.167421591062571,4.639681155686014,4.72315418256567,2.1543422411618542
2024-05-24,2.6941317033954104,2.073876815845821,2.987860147754387,2.171365550136022,2.0948530066575812,2.059425034349531,2.043044043779489,3.2783651843868786,3.221197114831559,2.166457971998946,4.6639537620751055,4.747863480153482,2.1455387236929018
2024-05-27,2.71957233867995,2.114520067599932,3.018839009193049,2.2167550393368445,2.1261164870826503,2.1002278318811336,2.0837347848802845,3.329102539340996,3.2434310911399704,2.212180130872053,4.710787539400623,4.7955398492482155,2.1750934755901654
2024-05-28,2.7132390037360152,2.1163532807426098,3.028768691127183,2.2167218141311946,2.1280377452508183,2.1020606782653934,2.0860977896072055,3.348179485835364,3.2536466398603907,2.2123074663174624,4.715871158423924,4.800714928234634,2.1782376750805716
2024-05-29,2.6903873658442126,2.1025871852356155,3.0210750152170767,2.2023119873306287,2.1144847130073505,2.0885856733204653,2.072344672904837,3.3415541549352508,3.250057351591026,2.197557004217475,4.717259270746724,4.8021280142427685,2.1486829231833076
2024-05-30,2.638316762484983,2.071033789983091,2.976646745668144,2.1693452486064206,2.088134059289283,2.0570884200842126,2.040687858572071,3.2963916613545514,3.204705738653387,2.1646415070282834,4.6664365934258445,4.750390980403036,2.1115824139813153
2024-05-31,2.588672139803898,2.040362040788843,2.9701986957776176,2.1322648698706663,2.0510719645589828,2.0263209749424087,2.006183834444042,3.303791105530252,3.1922413940554395,2.1252203918134196,4.646357176333479,4.729950312253447,2.0876873819029056
2024-06-03,2.658908712585356,2.082758313497446,3.0066267046313433,2.179262419553362,2.0875785213664795,2.0688185357898945,2.05039403496973,3.34178718573378,3.233632254765462,2.1738551351499007,4.744232734658629,4.829586760785658,2.1323336484096265
2024-06-04,2.6348483988961178,2.0632499709860324,2.9948849219914364,2.1594100845822766,2.068655905009978,2.0492684434692747,2.0309226510323377,3.3356079497061284,3.2132141109818786,2.153354041765646,4.7192976548632934,4.804203071157845,2.0983775396181943
2024-06-05,2.6666424807240223,2.067637203967395,2.986258693986321,2.162890018583199,2.069111864258037,2.0535253204360093,2.034627544167834,3.3247619872155054,3.2011132306694154,2.157326683895973,4.712321901454328,4.797101816182657,2.1184992912039315
2024-06-06,2.7637036936568786,2.0974650763376887,2.9970071039453714,2.1962839103198135,2.099901358599072,2.083303038219226,2.065335197648091,3.3180810129406373,3.220385885843027,2.192108333281942,4.753342777428521,4.838860703362345,2.190813870281734
2024-06-07,2.7313017550620766,2.0941026101842137,3.0263572818748297,2.191213117631008,2.0953241361371693,2.079860620803237,2.0601584949936504,3.3543392775910514,3.2496766016758554,2.1853791380587126,4.8090638363574385,4.895584246146007,2.173835916346095
2024-06-11,2.7372806437349837,2.0898606969178513,3.0243245172384468,2.189011979553087,2.0951198717356507,2.0754571093492262,2.0564673029658342,3.3451173956622497,3.2596186546878156,2.1838429104122197,4.857219500807598,4.944606284585709,2.1794950334044874
2024-06-12,2.801322959952782,2.1133828213660584,3.050826083578733,2.215334547617725,2.117573357770683,2.0990594415866517,2.0797784686327816,3.371213358864922,3.3013081224484826,2.209768788806542,4.922750323199556,5.011316079393103,2.2184819819326616
2024-06-13,2.855634862602251,2.1650878174161754,3.094710573983877,2.270408736377658,2.169518065156953,2.1509834879216974,2.1329609662808826,3.39688133473906,3.3435411662560175,2.2664057065131984,5.011044888833906,5.101199162514585,2.25055205323822
2024-06-14,2.8728056456813547,2.189811157044543,3.1354571277399796,2.2970320967376665,2.195396640324425,2.176009874862045,2.156468838221481,3.4201941770802975,3.412838752543846,2.291971242215969,5.09720450630481,5.188908887379458,2.2637573294416486
2024-06-17,2.8652592544497373,2.178798664213597,3.1306488800622,2.2848279992531872,2.181620941127072,2.1647598999490545,2.1449047560890775,3.4046615125286244,3.3877105136511823,2.2792089265121946,5.058707168827643,5.14971893996247,2.2637573294416486
2024-06-18,2.9173445317587405,2.1934894666348983,3.1348966259714723,2.30001073981982,2.1965735352359426,2.179429927559741,2.159298462785865,3.3982185702398913,3.3875048982598153,2.2944164975958654,5.062236762301505,5.153312034750545,2.3014865178055994
2024-06-19,3.0249284926199955,2.2556169449979815,3.147360572663693,2.3680604749960374,2.263327471220126,2.241081717171314,2.223282451337602,3.401209997506314,3.39899748621931,2.3643799308918236,5.098601075049378,5.190330581949797,2.3637398192502257
2024-06-20,3.036834177501644,2.281107682317778,3.17844538767154,2.3926109201156662,2.288526229913313,2.2669236250248055,2.2460738423261897,3.431775823464822,3.4408505975823855,2.3879693579514205,5.166271045510421,5.2592180104804145,2.386377292084565
2024-06-21,3.0070034611375305,2.264445227558723,3.1635277102617287,2.375297479944022,2.272308607894835,2.2505478169763284,2.2285647093271295,3.429674756254949,3.4080347534217297,2.3692614123537687,5.109864704971617,5.201796857108144,2.371914456637066
2024-06-24,2.917562185330762,2.2070583713277423,3.123871778892558,2.3126863196977,2.210897779560715,2.1930825767185693,2.1698934034614434,3.404326854808185,3.347786270053174,2.3049133050130663,5.023209192466602,5.11358231550568,2.314062713006762
2024-06-25,2.928876589577399,2.213285564440454,3.136925710658484,2.3179997733484776,2.217304907260526,2.1988669386994353,2.1747451144529997,3.4246358930097776,3.351790644701616,2.3088745822262866,5.020686947055003,5.111014692092453,2.3128049528425376
2024-06-26,2.9677151424318104,2.230825851043099,3.170067473667168,2.339584243682075,2.237606608941807,2.2163426718730688,2.1956983138805226,3.4395506825477358,3.4110917472724105,2.33130006532482,5.1144862080121065,5.206501506130993,2.331041269702863
2024-06-27,2.962792879901986,2.220742845816715,3.1563297476776726,2.329132137259066,2.229416192327446,2.2060573208298826,2.1862250686788687,3.4436883922346837,3.3714037544121025,2.3215430949572133,5.061474795798168,5.152536359621921,2.3304123896207507
2024-06-28,2.985582450512523,2.245015071111476,3.1917463458606834,2.355852367319626,2.2541766717965324,2.230365958234161,2.2097314189542345,3.4661555842987397,3.4245215465655168,2.3487110299497176,5.127297582779035,5.219543371786067,2.34487522506825
2024-07-01,2.989472178029075,2.2426954724976516,3.194248178576258,2.3569145102784055,2.251734877489628,2.227880248726744,2.207115434862266,3.487997433338232,3.420880863759212,2.3480229066085276,5.163981639479491,5.25688741548741,2.346761664394432
2024-07-02,2.969864889695937,2.2356568896831197,3.1901844932271275,2.351936663852418,2.245694231782818,2.221020841572258,2.201560768854183,3.4826953742468545,3.423348671390575,2.344538961312198,5.148414525624565,5.241040231931646,2.3310412697028626
2024-07-03,3.013783210420335,2.2482998327024677,3.2077362425770093,2.3644280976605914,2.2563106203024956,2.233628875519562,2.213511741188061,3.485814403205811,3.426011825346188,2.357098476130935,5.1612058409931985,5.254061677297528,2.3593382614359024
2024-07-04,3.0798519371215938,2.2795766233237833,3.2524228203694636,2.3997278782730733,2.288598855259728,2.264988910439081,2.2460654807306977,3.526775607701814,3.481321304624521,2.394305944812651,5.245091389486727,5.339456420153612,2.4209626827984168
2024-07-05,3.0772630900242697,2.2771518793169903,3.2664630278085536,2.396335316099958,2.284046010700243,2.2624712733179715,2.242746761699933,3.531817967220315,3.494963233555333,2.390014817538684,5.225224987233578,5.319232599217232,2.412159366249618
2024-07-08,3.155238373204166,2.306914349800967,3.2509830958524195,2.427143868012786,2.3143033055279316,2.2922563495887376,2.275005912055497,3.5162433636299992,3.4729659514884763,2.423206143901639,5.193449152910651,5.286885082275702,2.488246422139477
2024-07-09,3.179903527000153,2.3353440969250765,3.267247485459883,2.457994701453876,2.3442816713372507,2.3211153332961882,2.303626684270879,3.503499452560559,3.5030541148474756,2.45464063139042,5.2547694999856915,5.349308650629944,2.4857309018110287
2024-07-10,3.1912950024994866,2.34196955479463,3.2713850875314896,2.4648838344913835,2.3534871093625767,2.327865174546061,2.3088027064178163,3.515360310416012,3.495987907307868,2.458811563622233,5.238534092574881,5.332781150173571,2.4945348211202893
2024-07-11,3.265285334621467,2.351413909780627,3.2729537906494643,2.474410987352756,2.3630321785119275,2.3375908017660123,2.319204223141743,3.505036234959123,3.4944681805192817,2.469576750089482,5.233497507879154,5.327653951714617,2.549870642581837
2024-07-12,3.158857600275646,2.2995233260492407,3.2296332299488046,2.4148543134184632,2.3075537745853265,2.2852824018050133,2.2659478969424995,3.488471231140349,3.4415688615212243,2.408963838482175,5.10716190070033,5.199045426380421,2.469381827957502
2024-07-15,3.1552765133576868,2.291835180185894,3.2399500475591694,2.4079024411547225,2.299204364405971,2.2777172289230263,2.257361352080745,3.5001570711966443,3.4657832500350496,2.4005216131254232,5.151002381057337,5.243674645763336,2.4737835866919786
2024-07-16,3.1903984431418704,2.3049813565742117,3.258820594247357,2.421057240322906,2.311683494812131,2.2911366466619167,2.266596951306919,3.528839062265585,3.483526544886923,2.4118216342239736,5.202618114519079,5.296219003706392,2.4883203607561604
2024-07-17,3.1242148543859747,2.270694306589195,3.239864254417683,2.383865457995394,2.2763579574332757,2.2565499682070893,2.233258854822907,3.5181366636274607,3.4550887308931206,2.373404838108009,5.1286636210376795,5.220933986593066,2.4535585621470704
2024-07-18,3.048216269145116,2.2173414781381418,3.1765553083739952,2.320030330804297,2.217943363315288,2.2028363130282753,2.1768844952779505,3.4767281499609446,3.377501524002386,2.308269486082414,5.00645588872008,5.096527601182215,2.4093161451499485
2024-07-19,2.963822518293498,2.1877279715578517,3.1393892797452,2.289118874133913,2.1893453754775476,2.173134629863506,2.147751032362518,3.4286366382573163,3.3400507365751313,2.276918585886972,4.965180406723712,5.054509527334696,2.354328920155642
2024-07-22,2.8696541165679124,2.1182802361680806,3.051687674132629,2.207041905259111,2.115513158706819,2.1033490275909403,2.07570178907274,3.3431696820669154,3.238018178462118,2.1939338354516282,4.805485442182451,4.891941472677887,2.284173027212731
2024-07-23,2.978620367063034,2.176901135770346,3.128222132671724,2.27058423548522,2.1751863402257814,2.162075518757805,2.1345502071465585,3.402754491411928,3.333623902936378,2.2575409771534174,4.95337484026911,5.042491565602719,2.3549610149602187
2024-07-26,2.8353162242189254,2.1053993573752208,3.061001768853288,2.193841774779483,2.102885118557694,2.090550819455884,2.062447681658953,3.3377546009561248,3.2694004916553308,2.18112764471348,4.8102567748713465,4.896798646951243,2.26268381305867
2024-07-29,2.869114624329099,2.0892926256062565,3.000412259469894,2.1737086812806408,2.0843222143010274,2.074138967956018,2.0464824735545797,3.2815971107674136,3.2005208125490823,2.1620218769017807,4.700491896986409,4.7850589767703084,2.2829092394438866
2024-07-30,2.8695388652210894,2.107153468526747,3.0375057085258246,2.1990433506150944,2.1047020067427313,2.092124802946807,2.0644338155392434,3.3057981149642246,3.2491151804387566,2.1869184848535266,4.772228797124576,4.85808650356849,2.2829092394438866
2024-07-31,2.855417691180617,2.107947167446716,3.0270906360833925,2.2005797395801885,2.105764271957638,2.0932084913567004,2.06820001503838,3.290053908189037,3.2453130664042638,2.1912538940362403,4.768605190512859,4.8543977042415944,2.286069311626461
2024-08-01,2.9249725006057212,2.1544980733159833,3.0907227524944583,2.2519992136884084,2.1536905814022376,2.139520294161991,2.1156953756352044,3.3680022345514984,3.30404926153923,2.244002609853108,4.839136402229442,4.926197850941836,2.3258872659117014
2024-08-02,2.756623706465439,2.0422746215886987,2.961686057896219,2.1267769541118766,2.03754144774242,2.0274699843204718,2.001321956195847,3.2541869654218196,3.169679887034001,2.118074474903088,4.634846148500146,4.718232188220287,2.208328883789094
2024-08-05,2.4949326919246673,1.8593319550553016,2.7053587741735403,1.931900200361888,1.8515899586457545,1.8453670495089982,1.8202560215190433,2.982618688035904,2.9035858752594406,1.9248714000780796,4.2257733644909035,4.3017997296236015,2.006709929463971
2024-08-06,2.6575410027251554,1.917493239154965,2.7267040461199517,1.9950637559974684,1.9064753444751872,1.9031781128436025,1.8812119161185181,2.9957770119104707,2.944003764303939,1.9897306030392352,4.2672737014772455,4.344046703852576,2.1173160724168523
2024-08-07,2.782386186332358,2.0112223473052127,2.8803037850471274,2.0972916049105135,2.0037187908106704,1.996535990199954,1.9760037616871335,3.16155675403005,3.0934645231777154,2.090628126889753,4.519595550732678,4.600908103951801,2.201376443699214
2024-08-08,2.7149470734780006,1.971512862515542,2.8361843188837543,2.0558553140012497,1.9642143948238209,1.956792191241769,1.9360278469234247,3.121697819850017,3.0390616105526185,2.047897582920863,4.43448145334888,4.514262709243822,2.1558700380130933
2024-08-09,2.813160237386404,2.0192590177346403,2.8983711177256875,2.1076847498666633,2.0124448810817794,2.0046538777922454,1.9860661402283653,3.169967717492291,3.109939450726056,2.102768364228113,4.554488684366245,4.636429003887399,2.2228658587734293
2024-08-12,2.851137730460472,2.073852925259675,2.950134925496353,2.164314320158077,2.0654443272074934,2.0595855774974576,2.041286230099334,3.2153615925567047,3.170680953956187,2.1600959150410493,4.665165679766493,4.749097201592721,2.250675418212794
2024-08-13,2.8537831463166095,2.0771503636714366,2.9736362376586887,2.1681599194354853,2.0734728686499593,2.062401854244229,2.0447370707632087,3.25009751389619,3.1912924354303516,2.1633451493638485,4.698657152867875,4.7831912235634375,2.2563636686935205
2024-08-14,2.8819303457582897,2.107043412256521,3.0007085962140048,2.195724200332827,2.101402025676109,2.0920724657934704,2.0714628533360138,3.275519932582608,3.2175868390031725,2.19218590006799,4.731093092416032,4.816210721757742,2.2848053229374616
2024-08-15,2.8662771556186586,2.0977740012874913,3.006586402242738,2.1916212525164975,2.0954005694665727,2.0831854605825373,2.0633802244161625,3.2722375117988336,3.236987972589494,2.1879075991507477,4.742914036089768,4.828244337362137,2.267108275770551
2024-08-16,2.945339732030158,2.1503481877868977,3.063730076727086,2.2502352498708027,2.149342737988506,2.136137328100611,2.11558556806023,3.3065121741965386,3.301789557621415,2.2482348587984102,4.869575277638748,4.957184355591163,2.3183031328575527
2024-08-19,2.9565250800382894,2.1545845665788073,3.072525207323798,2.256172792315477,2.153937616776491,2.140279746859545,2.1207248215090484,3.3171549952543935,3.3199492008010805,2.255243746160707,4.885137421409796,4.973026479645709,2.3214632050401276
2024-08-20,2.9600444782902784,2.1637090965033785,3.086529217987556,2.266334862316131,2.160067885179131,2.149533412260928,2.1323251295668175,3.3315331036309628,3.337919518271231,2.266540416195817,4.926729167463986,5.015366507493378,2.3227271937291265
2024-08-21,2.9201287602457797,2.1453984437446185,3.071987422934876,2.243676032513013,2.1432444981005014,2.13128449690516,2.1127097997349207,3.326639344579069,3.3168092044760287,2.24304750615012,4.895683283657498,4.983762073690345,2.2980779073924906
2024-08-22,2.9043041103148726,2.14065724985902,3.0621870302594956,2.240502400309377,2.1378433367457865,2.1264258095622814,2.108854950558223,3.3083264256504332,3.295822164763259,2.2402105317465972,4.851901624415497,4.939192733679749,2.286069311626461
2024-08-23,2.903810725691932,2.1501118497400236,3.082328341147525,2.2510272105768547,2.1483901418061726,2.1359259694492505,2.1167365004997714,3.316961958665379,3.3174235098167877,2.2501239353287974,4.89643630834173,4.984528646126588,2.287333099395306
2024-08-26,2.902394362233853,2.1429768037621786,3.0783371841815486,2.2378593527919843,2.137566640067086,2.1285373349840397,2.106814699573948,3.330972934916211,3.3012777844935473,2.2368398598089008,4.862077825055146,4.949552015492657,2.2911256682227648
2024-08-27,2.8880035884273956,2.148629701401662,3.0974569172772313,2.246906113370794,2.146237185199993,2.1340898644423194,2.1129969215617934,3.3501004612333967,3.326190304434665,2.245570427013482,4.91614848406509,5.00459546582629,2.2810129550301568
2024-08-28,2.9342297199007614,2.1516076778415187,3.090735460246289,2.249529179263141,2.14476134851556,2.137013657619712,2.1155635642110884,3.3518022996570656,3.3126288027288533,2.2479119411581414,4.891888958095803,4.979899483989591,2.313246776261249
2024-08-29,2.8942095479232437,2.1529010747408948,3.1048724081101287,2.252495286074482,2.1471658143094032,2.138358053177744,2.114908412341686,3.3703772497791693,3.3304121689821073,2.249029915842422,4.925376164055646,5.013989162048144,2.2816450498347334
2024-08-30,2.897104183810258,2.156098830814587,3.117178451545904,2.2550988130656684,2.14831942940588,2.1416711501002355,2.1191043249277475,3.384365400488263,3.3460290105245907,2.2536167788889196,4.949192668439036,5.038234151847635,2.292389656911764
2024-09-02,2.9008271919869992,2.146823598542601,3.1040245803403694,2.2453471847748627,2.139728749886838,2.132109390342494,2.109180792601354,3.375788242860135,3.3331504871659146,2.242887056911823,4.913371442152423,5.0017684618394105,2.286069311626461
2024-09-03,2.882684451263742,2.143132943954629,3.091761969308072,2.243524968017803,2.1349466177587804,2.128264062869898,2.106632715955346,3.3634291464397057,3.3195489294776204,2.2422415847645545,4.87360382600908,4.9612853820295175,2.275956799354007
2024-09-04,2.7238237019138944,2.023378231382069,2.944492820361411,2.1176145348190647,2.022774622831641,2.0090078409692445,1.9894026043265896,3.218476830008484,3.1656582103630755,2.1159279221980674,4.650574705765149,4.734243719732723,2.164718561596549
2024-09-05,2.745540341113489,2.0150308872479576,2.9376246844842506,2.1068816583250403,2.014475885968727,2.000724283632943,1.9795118160483507,3.2144188044343034,3.1596299935712957,2.1039681208797605,4.611396949294325,4.694361111827234,2.1779915478918856
2024-09-06,2.794142145260703,2.048508944736756,2.965641517539564,2.139867466489649,2.0452506978211287,2.034165404034296,2.0128434219496456,3.245394149954761,3.177827806434174,2.1375821058880558,4.618451988908553,4.701543079454744,2.208960978593671
2024-09-09,2.740925765756354,2.0191400222337044,2.9615429702840155,2.108946120263931,2.017627527713021,2.004843901031299,1.9834517485847993,3.2415534070185634,3.1707998128343555,2.1070332092288435,4.625498754264511,4.708716623960871,2.174831073869003
2024-09-10,2.7454564054066095,2.002426367474479,2.9164351133490505,2.0935594559050457,2.0010903898019268,1.9882845100312776,1.9679554257118874,3.1850607733386487,3.1251423191443806,2.093283778587443,4.579097145323325,4.661480198440607,2.178623441776308
2024-09-11,2.7358141629577517,1.9966363561976064,2.906421465531004,2.086086998231681,1.9943684544501665,1.982509897376194,1.963565912811058,3.174793484579189,3.0994152337834784,2.087239363270165,4.531284041296745,4.612806883467695,2.172303096491005
2024-09-12,2.8602376711492963,2.0776166210888567,2.9907662093905087,2.1717018586612453,2.071928437438357,2.063311707658863,2.044964712733678,3.2326458244593215,3.1970056071910644,2.1741693007039693,4.665622039004041,4.749561771240774,2.253835289475215
2024-09-13,2.8719680036924395,2.075765711741108,3.0035471182390348,2.1694788309887967,2.071715382184544,2.0613699211560745,2.0443127260917717,3.2546653584099783,3.2074555617858667,2.172756933706838,4.681366649219162,4.765589644513764,2.255099479084368
2024-09-16,2.8733890663812547,2.0784008782163554,3.013187998898638,2.1694208077214423,2.071252184276149,2.063850692707787,2.0464523920358793,3.2750569303993533,3.2230111078947252,2.172413537312281,4.665427030356295,4.749363254170456,2.2595237408760958
2024-09-18,2.8473511318606324,2.049376328806752,2.9787800431054885,2.1366307820004957,2.0487561314195983,2.034884166134676,2.015329497359773,3.225248931928549,3.189133308443878,2.1382369307985662,4.621726367950932,4.704876368219721,2.2481472399146427
2024-09-19,2.9047242486672062,2.091471633103533,3.0394370955217767,2.1835453107933134,2.0898338557242164,2.0768195230193367,2.057216225694599,3.2800568669015364,3.2515592659721997,2.1866790335815196,4.7119292851143175,4.796702136237799,2.277220788043006
2024-09-20,2.9305359814089766,2.0898107303055005,3.0235551887856387,2.1825695318431975,2.0884115940776287,2.0751917540376255,2.054290864328961,3.251807956617798,3.2149131671916424,2.184846496762548,4.656530631260494,4.740306798955294,2.3062943361713697
2024-09-23,2.9493911960380776,2.1119565676572747,3.0477051909330752,2.2051531697596523,2.111463313418635,2.0971991346695944,2.074953837966715,3.2764152660524926,3.248670100580045,2.2081069953894006,4.725920227585406,4.810944791332616,2.3164068484438243
2024-09-24,2.9810476505032657,2.1318023886134414,3.048893391136422,2.225222137172416,2.1342456296199757,2.1170324915612877,2.095258801668507,3.2655679927535726,3.2504429224764078,2.228795913611687,4.740210912528128,4.825492581599676,2.3385281574024623
2024-09-25,3.035606999899638,2.170057639786177,3.0836684562194976,2.2660772340627098,2.1667382167422837,2.1552529020446025,2.1349594943742587,3.2929768715694308,3.285420974949572,2.270688047105157,4.805966385164362,4.892431068359223,2.373289956011553
2024-09-26,3.0634700929953644,2.182010350555487,3.0912551642275736,2.2786295083813894,2.1788859393522872,2.167322123253716,2.1460339557602484,3.2994791208661094,3.3163016667121927,2.2839798023289672,4.8766460458735486,4.964382334814635,2.3928830866720388
2024-09-27,3.0331759383831365,2.183035891262516,3.0940152736148288,2.2778675383796876,2.1753375298552053,2.1680313900952957,2.146599198004808,3.3113260939190727,3.3076252586309347,2.2841760755029763,4.835934057705188,4.922937892676127,2.3878267300757345
2024-09-30,2.909101149946429,2.1077945409009056,3.0310366085593436,2.195254934597603,2.1041284691008686,2.0931057488691414,2.0678069058115804,3.2682855250352674,3.227947682580975,2.198024954858104,4.715690283570489,4.800530799241317,2.32525537202728
2024-10-01,2.9504813883328267,2.128815151136055,3.043777990793236,2.219821001194809,2.13001864168526,2.1139536110774553,2.0932951531738397,3.275160268935713,3.251808224591961,2.225549143776163,4.778539532375026,4.8645107759684825,2.3208311102355523
2024-10-04,2.9531247395692226,2.108094098299778,3.013835112889155,2.191757230859804,2.0976873431718515,2.0933285850212933,2.074823822773499,3.25298760018678,3.2165724635360595,2.199669558786003,4.766132834800292,4.851880868098602,2.3208311102355523
2024-10-07,3.026929132323497,2.144837208198165,3.067731325278466,2.2338231681496907,2.143036418940736,2.1298685466176304,2.111130105068524,3.3157569987045385,3.2892032802982896,2.242993137770542,4.864814605121748,4.95233803327806,2.3783461116877027
2024-10-08,3.032523056812053,2.137211727750421,3.0485257964002397,2.2301510814595122,2.135753642402019,2.1224002909319775,2.106680874707722,3.285533801039749,3.2642874005344598,2.2433565950220498,4.820595952606568,4.907323837999029,2.3669698116464035
2024-10-09,3.0598468599657367,2.151078972565898,3.0343176279478503,2.2444620211233617,2.1480687465701602,2.136573104835343,2.1250710334121026,3.2490848916811994,3.2605494878630488,2.2627048638625773,4.8355341337272035,4.922530773620756,2.3890909196848877
2024-10-11,3.126225701834737,2.180692320800135,3.0493800769484136,2.2790865373737064,2.1745612798057707,2.1662346739091856,2.155228039983686,3.2623621572460997,3.2776390192456586,2.2993870837495076,4.878416908741618,4.9661850574762605,2.428909074890282
2024-10-14,3.133630404228992,2.1989944366591265,3.08238307205525,2.299203250024928,2.192871225888743,2.1847714565403082,2.17479539338859,3.2789764079722477,3.323237284911145,2.321697323695832,4.9231254376249955,5.011697942544472,2.4308051583838575
2024-10-15,3.195734702018746,2.22432701985562,3.0986043096640112,2.3265812237430974,2.2209889481033303,2.210197420335163,2.1989690064044396,3.2940940498834403,3.3382471071831517,2.346212305459112,4.972535233364675,5.061996675491149,2.4826319093552813
2024-10-16,3.1344795798074454,2.202565941183315,3.095319932960507,2.30415175503547,2.199611052460209,2.1882407465007336,2.1771249230833987,3.3065727530679876,3.333123429019826,2.323425140269162,4.941839612977494,5.030748806736098,2.4396536819673122
2024-10-17,3.1180615451867535,2.2115143343662775,3.0976242476766003,2.3135789234992057,2.2096342435589262,2.197381018546854,2.186657944550769,3.3030467108114614,3.3253940989384505,2.3335935756163977,4.96262896174613,5.051912179022804,2.4434458489544637
2024-10-18,3.230407331836026,2.232513894731749,3.083685973362723,2.337635978398956,2.2385933089637025,2.218390103897096,2.207057264155772,3.2737189708343477,3.317461966251167,2.356032858727228,4.958922343613991,5.048138874705861,2.504121324429497
2024-10-21,3.242139814010214,2.256228092017431,3.1324487956093425,2.362357622570655,2.256987537657713,2.2420561060561384,2.2320335613042834,3.3335890875056333,3.3768687665709543,2.384139957581207,5.033593130561906,5.124153072202234,2.5034892296249205
2024-10-22,3.226655442392399,2.2695262841585704,3.1488717646535,2.3817187472868393,2.270974045324734,2.2554924949123634,2.2454977594502874,3.346294671934143,3.4094808812516786,2.404522008553956,5.064046517643971,5.1551543496054615,2.494008812157043
2024-10-23,3.190954347425878,2.258504079399889,3.1522587716377166,2.3731815088407235,2.2589409689795596,2.2445691907497753,2.234435164632313,3.3397475041726863,3.419680444898315,2.3969189468076046,5.105837625270801,5.197697325762307,2.4775757536791314
2024-10-24,3.174913674323431,2.224735224664658,3.1076681040400898,2.3354475908802215,2.222497227679133,2.2108405669881805,2.2013118810182513,3.3006915344985,3.3743390743621635,2.359187436929094,5.021180761710091,5.111517391022688,2.462406884810373
2024-10-25,3.1997184080330583,2.2530488683148726,3.1208565529244474,2.3667414078945535,2.251623622488796,2.239231457118606,2.230003865912737,3.319574473218255,3.395634072023635,2.391568658836248,5.06571586816142,5.15685373359632,2.4826319093552813
2024-10-28,3.1662142910384206,2.2434540370333007,3.094233489196438,2.352738134643104,2.2386093621188636,2.229548603980174,2.218849116955973,3.306122394205432,3.3616835829350395,2.374647423201226,4.993814170115712,5.083658443992858,2.478208049403862
2024-10-29,3.130211143789532,2.2110985364702507,3.050252863344943,2.319466777121747,2.2059161814580013,2.1974994234096643,2.1885966279685514,3.254891228296946,3.315553461391908,2.3429934671894257,4.931685485307602,5.020411995010236,2.420692445191249
2024-10-30,3.1081034048684364,2.2081988010999978,3.053311878508556,2.316322936088844,2.2070955785032993,2.1946439358832857,2.186297622495511,3.253721914278078,3.3294898781615743,2.340556095788018,4.952085552869651,5.041179082488269,2.424485014018708
2024-11-01,3.094890304817062,2.2011069386394553,3.067849704079659,2.3100395922087955,2.193945168190182,2.187203765789041,2.1742044633393385,3.2937254702128076,3.34139790553081,2.3287857924985356,4.933637004721147,5.022398624429619,2.4080519555407967
2024-11-04,3.135219495523356,2.223273284677875,3.06435590677918,2.333853676644766,2.216649332120559,2.2095778930448895,2.1983428221802783,3.265199724552541,3.337203566373559,2.35480903684892,4.924353899845825,5.012948506167648,2.439021386242582
2024-11-05,3.1619560923190853,2.2388583494340213,3.074560912301644,2.352720550586062,2.2333385308775724,2.2251565382775693,2.21309023892316,3.2787796946104812,3.3454680214796513,2.372634390534098,4.943897371572474,5.032843586698009,2.447869909826037
2024-11-06,3.1921816728974757,2.260073800520515,3.1002442853777494,2.374936777667798,2.2561441093755485,2.246294848868862,2.233694015407195,3.310280141434298,3.3599661654092294,2.394687178734043,4.936899186714415,5.025719496706997,2.4674632414066773
2024-11-07,3.2090514837873205,2.2759145691591365,3.1272809271940156,2.391228383021879,2.265283552248716,2.2619773365943296,2.2488833372759864,3.3372023992199513,3.4002254611636498,2.410828769719781,4.97225969104453,5.06171617585805,2.4959048956506185
2024-11-08,3.260080618091308,2.278809598098083,3.1165681555133653,2.395324697616027,2.26186240567958,2.2649987440571904,2.2539985638172304,3.3256028957701207,3.3904853352544464,2.4171965772992636,4.961753356424348,5.051020820586937,2.5154976244707963
2024-11-11,3.250032365288349,2.276996157560174,3.124379172158572,2.391814197538968,2.2513595602081056,2.263134508933864,2.2519082462073845,3.3332909658770244,3.393979464362562,2.412244958045267,4.916748794316593,5.005206576327226,2.5167620150001033
2024-11-12,3.1558321469604067,2.2270856294792836,3.073853629245543,2.342030119907895,2.1998878967628857,2.2130936017351823,2.2028889577787236,3.279773570034157,3.3477433911260075,2.3619731174656953,4.855055908218506,4.942403766558363,2.452294171617765
2024-11-13,3.12759575059839,2.234306213656197,3.083113288507183,2.3480366472110124,2.204927581762925,2.2204596331691437,2.20970055678098,3.2860617585281062,3.350370384505298,2.3682785685909704,4.864706627724212,4.9522281132469885,2.4364934088645844
2024-11-14,3.115863205797062,2.2088140460677663,3.0472289392631815,2.3217558429730407,2.172979588083725,2.1951058198958817,2.185658869014363,3.2500346571067866,3.3148451983631984,2.342581344483609,4.816523958140147,4.903178583820972,2.4143723008261007
2024-11-15,3.1143574841190387,2.200246042983454,3.052416305613986,2.312685527400372,2.1689534271912643,2.1865039146119902,2.1755781237862535,3.2645662212376254,3.3075853120375,2.3332679096198117,4.776675135948354,4.862612836975453,2.4314372531884345
2024-11-18,3.0783337487134625,2.167262436020099,2.999352038426684,2.2746320249888683,2.1370345348852102,2.153507263439006,2.143389657468505,3.2106444414291517,3.2440570597837852,2.295720668948283,4.705527720801716,4.790185400659758,2.397307348463767
2024-11-19,3.124439425397294,2.1977710607806844,3.050439064032376,2.308219215173752,2.1703542972439305,2.1835473891175696,2.1721476090715495,3.2537504753812034,3.3000574934697267,2.3281094672596785,4.776501205844625,4.862435777675613,2.4301730635792813
2024-11-20,3.0933924794188785,2.198224590447361,3.053025736162175,2.3092341591297365,2.176105161059812,2.1840782820177616,2.1730585430600162,3.2501500672156807,3.3103531503108696,2.331825527010065,4.814628538274984,4.901249063243271,2.420060551306827
2024-11-21,3.0613637351932224,2.196656750404621,3.0740247519633477,2.3034720669296775,2.168083763052127,2.1824431308666816,2.1694864412581953,3.2842394516479434,3.325180947619303,2.3249216904740284,4.812120369343839,4.898695769562045,2.393515181476616
2024-11-22,3.1412384191003753,2.234079765524766,3.1033501684254587,2.3424769392902256,2.2070046665718195,2.2194646975115937,2.207376455037055,3.3106874685764227,3.3536100626058163,2.3648198048118823,4.870944688394187,4.9585784035699305,2.4402857767718897
2024-11-25,3.124248523694352,2.2467005312847013,3.1453607758592343,2.3565970303638353,2.2195657189257454,2.232104789602126,2.219680777313938,3.361528828804863,3.399077302590727,2.3786536362761717,4.9015277119095835,4.9897116497101806,2.4314372531884345
2024-11-26,3.071814933830124,2.219613452546815,3.115870130828366,2.325824107823686,2.1885374226229426,2.204899842865133,2.190373315714089,3.3484523220527365,3.358879074398315,2.3444226788263878,4.848576736656333,4.935808027489972,2.399835526761919
2024-11-27,3.0311392301623545,2.1749700941791397,3.0568777542444567,2.2781447905135384,2.149990705898909,2.160673331293741,2.1474815793668878,3.269624276369479,3.308301297300149,2.2976058086814546,4.758065623752949,4.843668518947583,2.365073728152829
2024-11-28,3.0393384699578543,2.1691553343203163,3.03353737991273,2.2738434783546784,2.1440686795856307,2.1548004406908796,2.1415503352560203,3.254786528072527,3.2839981196030243,2.293095714373489,4.739637686762515,4.824909042864673,2.361281561165678
2024-11-29,3.025412501919622,2.1802369662281023,3.0752485316442395,2.2884934286412766,2.1595994199765918,2.165958189042415,2.151627283442703,3.2864000245852276,3.3361982561336463,2.308351241445175,4.81803573968711,4.904717564000227,2.3669698116464044
2024-12-02,3.128539123701744,2.2274595084608904,3.114774640892521,2.3393420911764693,2.208060147405802,2.213015192252843,2.1996753557836044,3.3112317278329755,3.3846206217849444,2.3614068608431107,4.871932413612742,4.9595838990642775,2.423220824409556
2024-12-03,3.17873771107227,2.2474973944958117,3.1359236917289652,2.3613896685950184,2.2215656095443266,2.2326480288002717,2.219193108924085,3.323582486156545,3.406053190739471,2.383095339729294,4.912351163846621,5.000729827591557,2.4560865395250704
2024-12-04,3.2250432623006886,2.284725659067777,3.1886788921306652,2.409373526157807,2.2656250975482797,2.270942974169617,2.260267891021744,3.37440323874937,3.482119133308839,2.437699783649655,5.052865263733151,5.143771932494643,2.470623313589252
2024-12-05,3.2363912110476325,2.286043931905406,3.1844294248415066,2.412076057243945,2.256106214522046,2.2733098473723183,2.263403404526182,3.370349876653054,3.479780913813741,2.4429326802387408,5.04678460958432,5.137581880611318,2.4838958980442807
2024-12-06,3.2146322631983018,2.2873559405349155,3.1835714405598607,2.414015257401027,2.253026483855872,2.273819960817037,2.2636953881446775,3.3899830312430352,3.47064942640498,2.443375996813554,5.0286048009560265,5.119074996995892,2.474415480576403
2024-12-09,3.2432396740722536,2.3035437122721114,3.1810870543849443,2.432148253519059,2.270614975402766,2.2852317329165572,2.275528406955347,3.3896435295257845,3.464400627126997,2.4565663347539437,5.0792808357068395,5.170662750002544,2.477575753679132
2024-12-10,3.219024092822309,2.2911439830398463,3.1628395116628503,2.413868985266829,2.2528549223613585,2.2741850734343214,2.264812074454031,3.371624317135122,3.4446048957391215,2.438934494041768,5.05548965810171,5.146443542638236,2.4598789074323757
2024-12-11,3.179000840351103,2.296869798116214,3.1718639553793646,2.421551718378747,2.260905007027666,2.28128270158385,2.2722297068493154,3.3623439385793468,3.466037774472683,2.448755486516836,5.09790397429814,5.189620939580335,2.4383892914380065
2024-12-12,3.223461756365625,2.3024302086373494,3.1685633644129614,2.4256338206016874,2.262457648523044,2.287083378158605,2.2754049496869726,3.360291965872326,3.4534451670243804,2.4509088024732253,5.0867419034346435,5.178258050641209,2.466831146602102
2024-12-13,3.2421697537716736,2.318617010257185,3.162173440909339,2.443430681065643,2.2802911296254753,2.3024239113344627,2.2923657936345085,3.3359659163575017,3.4586235095421944,2.470032168545735,5.103307276344119,5.195121453042743,2.468727431015832
2024-12-16,3.2731787680056637,2.29324169933824,3.114094982121801,2.412313293915331,2.2489413777651936,2.2774655562232136,2.268661774789654,3.279772014894918,3.410466826732198,2.439732418105495,5.008153851873174,5.098256112581876,2.478839742368132
2024-12-17,3.2616360235055275,2.3109490838444446,3.147954638128582,2.433816362579791,2.2602955940495977,2.2959222014829015,2.285736912631031,3.3268318945977438,3.435584201808791,2.462174932444214,5.037434637573296,5.128063692199466,2.491480633858892
2024-12-18,3.2881715773964704,2.3255973125536316,3.174501876180254,2.45002727795528,2.2719326819177286,2.310779208761829,2.300832944124579,3.3528124787281146,3.4595766869755606,2.4790468928794813,5.086896436147418,5.178415363569445,2.491480633858892
2024-12-19,3.248850519471829,2.306006651954733,3.1470051528455794,2.433096642377573,2.2546107417416654,2.2915000851179093,2.2818370685709572,3.3319672646162584,3.4349044089730767,2.4630956157627395,5.063497250967618,5.1545952010103955,2.4573505282140706
2024-12-20,3.1632457567699537,2.2809252476993644,3.1166684608933095,2.4078600183515095,2.233897567184529,2.2651984386896276,2.2546868725922296,3.3064416699497605,3.397764682983985,2.4346229222514104,4.99536423678663,5.0852363980880515,2.4345973253710103
2024-12-23,3.2780359340230314,2.326906266168397,3.1603617211996657,2.453154823198013,2.275316647604851,2.3120582924657285,2.3007168673012317,3.3501452912476566,3.4422314548617527,2.4810225119297975,5.0756615055741765,5.166978304093321,2.4933767173524677
2024-12-24,3.275393644630971,2.320811521803361,3.1486099381321537,2.4436645993835233,2.268032821529442,2.305613201520997,2.2929985670630946,3.347397004140398,3.4225280777236256,2.4692417225259713,5.027872660042626,5.118329684052759,2.5003289565221936
2024-12-25,3.2904516794254155,2.3315392566959607,3.177303405007033,2.4556404795038116,2.275833567114912,2.3176125243332404,2.3039582771091816,3.3731424251749855,3.451296209356155,2.482088627636977,5.071882261490516,5.163131067203173,2.507913290496496
2024-12-26,3.2938803057330484,2.3387991003048243,3.1961435105632288,2.4634314596745823,2.279414112796512,2.3254967310677372,2.3104940362857453,3.409618790688596,3.4748670025975725,2.48924581717948,5.111600934112836,5.203564322943638,2.5060172070029205
2024-12-27,3.3088823493344064,2.3486084306473196,3.190082906903008,2.4738143625624467,2.2926721567212054,2.3362062967961443,2.323566422407158,3.3882087343680296,3.479424789310392,2.504546526906328,5.145844469751529,5.238423937893582,2.514233635781799
2024-12-30,3.3036468428876686,2.336797695146742,3.1742550463956363,2.4606648712636243,2.2794609297354844,2.324500034568529,2.31062962275818,3.376388167052647,3.4672297221951176,2.490936652528422,5.171762472575809,5.264808234429396,2.5003289565221936
2024-12-31,3.2725754821112227,2.3392602095141224,3.1815508796111347,2.4626141726136637,2.2808899725437883,2.3269277869715244,2.3140234346981816,3.3713330607141185,3.479411561413334,2.49459437457413,5.182038853285562,5.275269498663345,2.4744154805764045
2025-01-02,3.2309069369167593,2.2922657757543696,3.137989755869044,2.4085480813509585,2.229787362037847,2.278209235692254,2.264662467164994,3.3600950292799245,3.4212167085524,2.435120384652102,5.040726666222591,5.131414948107427,2.452926266422343
2025-01-03,3.257831384224379,2.3046795408315632,3.137231635060013,2.422056086494608,2.2292316962854843,2.290307892889159,2.2778982720866376,3.360119826909537,3.423380852051355,2.4499409632005875,5.056124185861898,5.1470894862589125,2.4775757536791327
2025-01-06,3.386889600305918,2.35470011949625,3.185770831644369,2.4730505967448817,2.2762355802486987,2.341583044383579,2.329125955236493,3.411385520127348,3.484710822928916,2.5037268310513516,5.140925865426467,5.233416842403447,2.555315980596346
2025-01-07,3.4157313922508696,2.3899961770346256,3.220366369703185,2.5139702455080655,2.3210741598541174,2.3754311634830607,2.364779190790447,3.42736911514292,3.529872877625408,2.547143613003381,5.231770811605769,5.325896190253867,2.583757634840287
2025-01-08,3.3574424930127558,2.379056703577605,3.217776042020765,2.4965919733685595,2.3016725028732115,2.3657430001028197,2.3559516968733094,3.4199636340238846,3.5331274630923724,2.53091604592474,5.223234524503824,5.31720632584805,2.5452034683238915
2025-01-09,3.3244815441284032,2.3263381606610665,3.151138534246181,2.4410330583549658,2.2478759570644007,2.315131325620157,2.304911355202055,3.344136294432812,3.4606559286296297,2.476214430857779,5.084632215289537,5.17611040685878,2.516129920195528
2025-01-10,3.3236819917178617,2.320092892847839,3.1407575465205793,2.4326822564516566,2.2436672674187976,2.308820191235273,2.2976512198456063,3.337177725764389,3.4463859552093887,2.4657669660729487,5.061143219461221,5.152198817857708,2.5154976244707976
2025-01-13,3.2333029223177787,2.236505048122043,3.043693459594506,2.3367167960386452,2.1487904871652996,2.2251940233339567,2.218157039835749,3.2717477881760377,3.3261499603975095,2.37103323952988,4.854252332047392,4.941585733157738,2.4573505282140706
2025-01-14,3.2773737884553324,2.2665296790099108,3.087079952665465,2.3715256531705693,2.190394994152789,2.2542195469889754,2.2475556362149156,3.3228492918471586,3.37351167058811,2.407029776593894,4.905297561728425,4.993549323322233,2.472519598002983
2025-01-15,3.21345702763873,2.2343212805119266,3.0559347754734913,2.3353063704606423,2.162528426334104,2.22199008386066,2.215993564236463,3.2863363357340662,3.342252090333622,2.370479970692395,4.850353805817029,4.937617068102336,2.4535585621470735
2025-01-16,3.3206777079818224,2.2860988984200548,3.1161718776485676,2.392264826542542,2.2166389863064286,2.2754156215002013,2.2688294609832185,3.329892659962917,3.410650164999646,2.431378258127076,4.974987734222259,5.064493299568226,2.503489229624922
2025-01-17,3.3519217157517374,2.2903846941455863,3.1215866421937606,2.397165221332183,2.223286890406251,2.28053607261077,2.2753499294291855,3.334503493058386,3.4281814027399253,2.4397439951991466,4.989508247077876,5.079275052608079,2.515663584518026
2025-01-20,3.3655918947381576,2.3219513499640985,3.1672734234291036,2.4336801669480095,2.249314756450011,2.3144459763643397,2.3093454992557385,3.3781641096636124,3.4893805589784783,2.481460366656482,5.09395140607158,5.185597260253088,2.5412945667272497
2025-01-21,3.3674489770150275,2.323446035056536,3.1733255003552228,2.433547953797623,2.247078946860161,2.3160730579115585,2.310264316579217,3.377493436898746,3.507792673366939,2.4800061669563136,5.118273278671361,5.2103567104055415,2.546420843537156
2025-01-22,3.407277242704226,2.3442508259690187,3.2045866586626337,2.454072408903514,2.264182456359768,2.336306233535978,2.3303220694781897,3.402655032596601,3.5396896350193763,2.499549351181484,5.188508786039684,5.281855832707248,2.5797406382007773
2025-02-03,3.2280299418726406,2.230667067788372,3.0975546672394447,2.317358952056993,2.140724071051162,2.2210141644921455,2.213381461056129,3.346356539558635,3.3876866343302523,2.3502647952718374,4.870504697492314,4.958130496742128,2.469528097829639
2025-02-04,3.2788641869567603,2.227045717483227,3.0907384127834514,2.3130857767365653,2.1538426649364446,2.2183370240242875,2.209820535520841,3.331703132912007,3.369000277249045,2.3492904887535273,4.849210890069946,4.9364535900291635,2.4842661938881583
2025-02-05,3.33434137715175,2.282012071592514,3.1596608856688895,2.375201566279134,2.216167917163164,2.2723991029726296,2.2636889143926773,3.407038550543791,3.451177052519189,2.4132793981320635,4.955864836056069,5.0450263591846785,2.5220715309904858
2025-02-06,3.3508779761709526,2.2974429241129974,3.1779941083814434,2.387613865501144,2.222778743183555,2.288279050611449,2.278759847169301,3.433104885876709,3.4609345808012524,2.4243057592930626,4.954379895607913,5.0435147030054654,2.5329644171411902
2025-02-07,3.384592116837747,2.3306245236578382,3.2248844813805744,2.4271530596749145,2.259287706995378,2.322224118232147,2.3142222348760186,3.4806730173772578,3.5187803890054443,2.468128196470217,5.056534610843892,5.147507295243042,2.5444984395034025
2025-02-10,3.329170605159446,2.3055414855703256,3.215581540651267,2.399515841560785,2.228601200069981,2.2965631118601166,2.2873512934298708,3.4957489194655955,3.5019917175292794,2.4376824996232145,5.010000422040612,5.100135904601433,2.515663584518026
2025-02-11,3.350604277642222,2.32803868093531,3.2406444257097,2.4244063469541617,2.2454053225382156,2.3194630035163346,2.3064923360894984,3.525609316190028,3.534004614865704,2.4589234908889894,5.063808867344765,5.154912423712925,2.531042214027591
2025-02-12,3.321538975048426,2.312385033545493,3.237077293951824,2.406960670919492,2.2220491881387656,2.303118997182141,2.288647255508772,3.535500110416184,3.5249677704562434,2.4385752372652054,5.023579843286576,5.113959634746358,2.5271974059600844
2025-02-13,3.3067974650175653,2.3221227533682987,3.2603038320034328,2.4114701362472606,2.21864057973706,2.311809736800303,2.291530789488203,3.5753802339976817,3.535868040815911,2.4361855041056484,5.028425894171003,5.118892871478726,2.51630451980938
2025-02-14,3.2334876218103754,2.3001125989598155,3.2436497974299345,2.3858948603631065,2.1917529293037767,2.2893513863262283,2.268419926986303,3.5538692119732547,3.5081324065585786,2.4075994272577725,4.960348821022484,5.049591016030274,2.486188397001758
2025-02-17,3.3016458399638413,2.33142386836236,3.270129778148015,2.4191898661997056,2.226034686210724,2.320457349227429,2.299756914461503,3.580434848932127,3.5378901154870928,2.4422422159623856,5.02390662910123,5.114292299801454,2.5239937341040855
2025-02-18,3.337770688158301,2.3448448065332275,3.296464494611172,2.4379060306368063,2.238837866409112,2.3344299361207086,2.3134921571457947,3.601568433697353,3.5892542197313495,2.4619583316627387,5.083091916828339,5.174542396714269,2.5329644171411902
2025-02-19,3.3156850155056334,2.3417047216249225,3.3089814330525833,2.433786865334585,2.2275042782552563,2.330953000688964,2.3087780061914107,3.631535424488499,3.5964678060561837,2.4553711406202408,5.095284014881867,5.186953844178757,2.5284792765427917
2025-02-20,3.286494285000467,2.3288794843862104,3.30590293360123,2.418311389183288,2.2096620184127165,2.3180706484195146,2.295865831143193,3.6313198976879755,3.581128147448217,2.4396991497700484,5.062092805612314,5.153165488120328,2.5188676582143326
2025-02-21,3.3290139725278145,2.3550106451569826,3.3452706714123908,2.4451998140434545,2.2334033908981565,2.344870380641091,2.323653031574237,3.6681889082481067,3.6261617797782195,2.468649623662364,5.131828504068896,5.2241558093917995,2.536809225208697
2025-02-24,3.286448449529189,2.3479787700562,3.3474670076868196,2.436478909498059,2.2291808970320357,2.337047541497838,2.316243699355476,3.665585941449514,3.6244351106794923,2.4595306786229187,5.161896135126129,5.254764390590052,2.5143821157756263
2025-02-25,3.230176690065288,2.3105162870481326,3.3077998107880893,2.3911005233722484,2.194026348367169,2.298062963723323,2.274913896924329,3.6423065348222763,3.5711376291689816,2.410468293510447,5.072882392690316,5.164149191876171,2.481702854563051
2025-02-26,3.251686642912726,2.3378330618800334,3.3238486471299313,2.422284269033685,2.219811178987167,2.32558368786186,2.3022259897300272,3.650849754266587,3.5989398483870105,2.4414899389910913,5.108507184040823,5.200414912865203,2.4951590800388628
2025-02-27,3.1923309186220217,2.3021491521026203,3.282582280929484,2.3800940198926996,2.1876222948786106,2.2899704471708366,2.26868676399317,3.6130433871681626,3.5425953386167874,2.4007539596725302,5.015777627459561,5.106017048374557,2.46696516034484
2025-03-03,3.1325806899523214,2.2658117340267863,3.237594925044173,2.3409870343555057,2.1456890469463237,2.253315551954564,2.234326661558397,3.5776142873309102,3.4886321346112164,2.3631735287285602,4.956464802368956,5.045637119559157,2.4099365865855944
2025-03-04,3.097459692723129,2.2770120639908233,3.269220951242103,2.347731571811008,2.1494309887406113,2.265247756270989,2.2454817505477727,3.5993148022161137,3.5224979787337505,2.36988465961533,5.061169481566913,5.152225552447906,2.3939174236249836
2025-03-05,3.148763160309125,2.3002754235333955,3.2914912962712815,2.3571800596587753,2.1639480372017874,2.288360814590598,2.2658650576262422,3.6306253516253597,3.5403131135715062,2.374958951952021,5.074856246724399,5.166158557740769,2.4253150151750056
2025-03-06,3.1159218535035946,2.299070802193426,3.2897044560787645,2.3617612423996444,2.1723969158456304,2.286642365620575,2.268513459597325,3.6234789574970137,3.5266936561488755,2.3830171088908143,5.0440959163456665,5.134844814789411,2.4105775218769483
2025-03-07,3.1040297410163706,2.273505020895867,3.2530565349904563,2.3331378024606266,2.14811486839974,2.258071241528978,2.2384212351558954,3.6016186318514163,3.4775742180516063,2.346795540009318,4.949870362704939,5.038924038587503,2.3881506133640316
2025-03-10,3.073018813156771,2.244399947983779,3.2223283349639744,2.297676079489696,2.108562814171507,2.23047650004047,2.2070017014896637,3.5815880993805846,3.441203034341611,2.3090395701984376,4.887479539542451,4.975410735089808,2.374053452596866
2025-03-11,3.0014603746964377,2.2083007434382247,3.175947704589923,2.2646249028344685,2.0801382740178966,2.193376475824042,2.170328998492395,3.5420914059592303,3.377477401478121,2.275052276184984,4.759516753542678,4.845145756177001,2.3324035083471855
2025-03-12,3.0435361791774485,2.2195257590423045,3.1991706980950716,2.2721409202873355,2.084216450418588,2.208119147568344,2.1822300721767354,3.5785816656452534,3.3976070903806823,2.2834316733045927,4.792229570481924,4.878447113094761,2.342655861046844
2025-03-13,2.9854620505493297,2.198449238264681,3.17490328215988,2.2503421594835302,2.068245187888225,2.1858369146023704,2.1687076309843993,3.539218186093302,3.3844007049026494,2.2715861850230596,4.7714683284253105,4.857312353191102,2.320869686905127
2025-03-14,2.9734584792891097,2.198363956894989,3.1810132043776678,2.250796355035857,2.0702789990421637,2.184092885856176,2.1622168925526726,3.5585055888361574,3.375074155423848,2.2654815088176896,4.7620232553938955,4.847697352785676,2.3131802716902676
2025-03-17,3.003478553143194,2.211199725390625,3.188859384022713,2.26485146338875,2.088685723249396,2.1936018717804786,2.1737847116007947,3.5799131753823663,3.3758372498447216,2.277373552180728,4.748550258738458,4.833981961928088,2.333044242718385
2025-03-18,3.033567040717363,2.2498738533287956,3.2295012702029102,2.301988947712642,2.1271395319043833,2.2318261902317076,2.214062304642261,3.6217614110954455,3.4214683133322943,2.317385855751827,4.801016307277766,4.887391933063159,2.3426558610468438
2025-03-19,2.979086700550389,2.215226969114397,3.1837712054810257,2.2746201919369926,2.09804784144061,2.195440804055878,2.1765629525423273,3.583485389110765,3.3747323451124305,2.282850402673856,4.74940137477141,4.8348483904855675,2.313821206981621
2025-03-20,3.0648042405513656,2.251356284112403,3.234195720352404,2.308299815124159,2.1292607538189428,2.231980141198124,2.212463653877896,3.6414137152994326,3.4234602484724035,2.3153784683200658,4.827986964818636,4.9148478227452745,2.3638010998972065
2025-03-21,3.033134421431329,2.2418414734421703,3.2326817374848344,2.302114636720548,2.1230944833383876,2.2239232636351547,2.2042454234656748,3.635636139756992,3.414695671647133,2.3151730462762306,4.831018029330991,4.917933419481079,2.3445780641604426
2025-03-24,3.021818114077364,2.212214607350751,3.186632351763804,2.2771297165205913,2.0976255869452807,2.1930912761800316,2.1746684657705537,3.6046130943454933,3.365759652418527,2.291691353832167,4.746451577866184,4.831845523451576,2.3420149257554894
2025-03-25,3.0728429970640927,2.2372416411999523,3.208623624583366,2.3066555368399344,2.1268584515548796,2.2185434802680097,2.2016280938497985,3.6108560074676332,3.3983151898256554,2.323514502129827,4.813106493173616,4.899699634856848,2.3663640373820054
2025-03-26,3.0529792025321036,2.2425152838079176,3.215472281302675,2.309169054379678,2.126528033541262,2.225112349273858,2.2089107219255504,3.6164850708526757,3.4042487338673584,2.3292032477819347,4.822745759374001,4.9095123221824455,2.364441834268406
2025-03-27,2.990968091540039,2.20844067583083,3.1798781753533554,2.2782320881502938,2.0981501606373807,2.190494063154408,2.1721815855667126,3.599481637736593,3.355449423665043,2.2953913890870807,4.763856994749234,4.8495640831525435,2.3195880172425727
2025-03-28,2.9572260053693764,2.1572550133013433,3.0990982748051064,2.229498097026412,2.05013858582159,2.1379478967211334,2.1213572324155083,3.5234762926189003,3.2688740254036146,2.2450193861894543,4.630768064942411,4.71408073540139,2.2965203743584564
2025-03-31,2.820505484910994,2.047744937823502,2.94189224088221,2.1277653276515656,1.9511919234288546,2.0271218321858964,2.008491326290994,3.360137233652384,3.1186120305216805,2.137058888759209,4.393237702782686,4.472276937710218,2.2138610193101416
2025-04-01,2.921333332109146,2.10936212916741,3.008005343923957,2.1826710586293254,2.0039575141798887,2.086864839600507,2.064057550979302,3.4423361798824406,3.186417023434373,2.1860050267088322,4.470328131140255,4.550754308657703,2.2593555707071746
2025-04-02,2.9144447908035054,2.107400779742899,3.0159127065705698,2.181211681373477,2.001160623573248,2.0836478659415234,2.060538283756129,3.46417665701537,3.1891751875468906,2.1824459920250647,4.467543690167036,4.54933704057532,2.255510963559822
2025-04-07,2.624203698732986,1.897981671771904,2.7066510259099394,1.963008674371945,1.8001985216038192,1.8765615010082217,1.8556806921250237,3.109878827433985,2.863071486488715,1.9631860841505182,3.996452035118677,4.309478757763843,2.0299598069277938
2025-04-08,2.5081759439218554,1.7795864822100422,2.531077360692173,1.8336671863067635,1.6950599351764302,1.7621712405128462,1.749573803568307,2.907668395976026,2.7055387934733828,1.838272446843486,3.8209576094662383,4.214858643120994,1.9639605501314432
2025-04-09,2.3860895192104636,1.6491587492968274,2.3246575861238874,1.6863761177876886,1.561434553651174,1.6348911883867299,1.6275090628542401,2.6650404101527503,2.5018865684900513,1.6948624284592213,3.532531393810554,4.05577866210429,1.8736119807884226
2025-04-10,2.6227378882722463,1.8124547864223324,2.565545854094534,1.8555910098082624,1.7185534767398996,1.7967612862892326,1.7886660742875409,2.942944293074319,2.7552498103694028,1.8661007460094212,3.899299172091702,4.26632582549347,2.0607168650267695
2025-04-11,2.7177731518270565,1.8979615251410578,2.6478298978107797,1.929045330211018,1.7918354271000618,1.877316941611227,1.8688061300064862,3.053578160055636,2.861366298885464,1.9320457409551643,3.997860086562867,4.320244870459571,2.1087747557489096
2025-04-14,2.6895492228060807,1.949759078219406,2.7117606164407637,1.9868799135239499,1.8333652853897455,1.9242395278736304,1.9120216176281413,3.123445636235725,2.914195264267216,1.983588538202229,4.052370002724331,4.349697650270108,2.097881467757897
2025-04-15,2.7299359795691167,1.9913200690126054,2.8002860972256833,2.0402163001877804,1.8834833911242925,1.9652335640144953,1.9504137569811177,3.2190075565054292,3.0047580304293637,2.0400982931087754,4.217130076628945,4.438122017472441,2.1190271084485683
2025-04-16,2.6649236763228035,1.9475333376847763,2.733794843389298,1.989078490490008,1.8439346707230557,1.9214855631593495,1.9043528361336683,3.1675915688252694,2.9243315824174956,1.9788898175972955,4.116223820076654,4.385024973894475,2.0805806351347327
2025-04-17,2.643548259249303,1.9409977141796064,2.7321417100237166,1.9659747643486398,1.8314892747203835,1.918009222474295,1.9014201633734862,3.1595896772934164,2.9255890046571422,1.957777983190902,4.116728008937017,4.385293530809853,2.05751319317077
2025-04-18,2.655767037732886,1.9513758990942263,2.740841126375908,1.9781787030535036,1.8501215065228735,1.9256077974831098,1.9064414466592252,3.1789313412670093,2.933732828588568,1.9656256217145773,4.133141271546031,4.3940355431777505,2.0619983337691687
2025-04-21,2.6109453732448804,1.9215198193680627,2.6823178495205418,1.9411575323822026,1.829224989003366,1.896841116233743,1.8802717846128771,3.1199288574864874,2.8647128693351385,1.9316598717384708,4.027826255804948,4.338054160980337,2.0325231462529003
2025-04-22,2.5510560315551793,1.8793392762703431,2.643637683230049,1.9019809806105379,1.7935430535734214,1.8540912772290221,1.83760761010052,3.0873885312979676,2.817637294209371,1.8875396109425533,3.9556347151046096,4.29917825203673,1.9985620144576175
2025-04-23,2.712450393882139,1.9704179446954524,2.7536860032406563,1.983677784569331,1.86279633556713,1.9466191753294475,1.9320113969436046,3.1831137291915224,2.9446044833010347,1.976007069177894,4.124680389557755,4.391041826349433,2.0869883806870386
2025-04-24,2.6865640366100116,1.9605772669637285,2.75717431423993,1.9883733758601012,1.8489945411321622,1.9371192065990235,1.9239122270173747,3.1920818910749573,2.9399961231756557,1.9888821978098266,4.129436899938521,4.393573663250335,2.0748138248737806
2025-04-25,2.76190116414151,2.0142685194809653,2.819451781720338,2.042742945799686,1.8994492340710332,1.9936694140092768,1.9814913386819837,3.2315235169440926,3.0189074871004924,2.0540498434696897,4.266022347783278,4.466234687135081,2.1241531843383203
2025-04-28,2.782644525015104,2.0245180844328625,2.8444247759050656,2.048300182196911,1.902710274522458,2.0042639758682235,1.9943833715723402,3.261329605577333,3.0467298217594947,2.0612696788070255,4.299629124357284,4.4838266895932515,2.1420945504125304
2025-04-29,2.8033116272693306,2.04667744425097,2.888053760557385,2.079858040205434,1.9276385423052549,2.027982197740322,2.018709329067998,3.2949213623756015,3.1018308944404334,2.100708126907333,4.401481097381279,4.53693436258365,2.15042469999859
2025-04-30,2.8086630502667274,2.0314830478092043,2.8632473881446994,2.0570281586228307,1.9019424191951484,2.0127694366152102,2.002675861604278,3.2679275031237456,3.072897142402141,2.0673099416806453,4.336365874325543,4.5033748076892035,2.1606768517780943
2025-05-02,2.913063358675068,2.082475192820812,2.9326624711973985,2.1059400599713167,1.9370781319596955,2.0637908993021794,2.058999698027412,3.3334023412929166,3.1531253681617137,2.132245904032419,4.440875075140572,4.557641919340078,2.223472436718446
2025-05-05,2.8767031098905553,2.055244487426488,2.873514386164089,2.0899558762478505,1.9218001750892506,2.035254891767615,2.0336884235475763,3.262883497900425,3.097510241129783,2.124932235570626,4.384394205925309,4.528658940442828,2.2036084656903285
2025-05-06,2.845519801974707,2.0755940090307003,2.9030894244831402,2.104850588415962,1.9542230212356744,2.055230891436154,2.0551444450787653,3.299000279066071,3.125822581804079,2.1414768978560366,4.401022824069071,4.537246824730489,2.1914341107972244
2025-05-07,2.8577410840321766,2.0638115465073437,2.8883219494557277,2.092994563236768,1.937738701037082,2.0427422736901013,2.0423087537571423,3.288482017738407,3.1033599978968094,2.1257489202129256,4.370987941305649,4.521764551416181,2.1831039612111653
2025-05-08,2.8447588478486803,2.0825020558838534,2.929206047886901,2.1134035556823716,1.9742389116699448,2.0636165135432325,2.0618729855824625,3.329903547800766,3.1472452463840623,2.150615411209817,4.406108297838222,4.539930465545271,2.2119386152763876
2025-05-09,2.924949546423967,2.1127012430026815,2.961419134066856,2.1430284256105545,1.9959506148242494,2.092798670318354,2.0892441739530976,3.345081131131104,3.190249303121865,2.1712555185837785,4.475476055477351,4.575667761923909,2.2394915996790568
2025-05-12,2.9475775733068845,2.129026624716096,2.992437221676012,2.151569418121835,2.0090391557897425,2.1086083897450654,2.104569975516924,3.377320037081021,3.217772591072139,2.1741036593113665,4.472615004725391,4.574205211624377,2.2644818475170805
2025-05-13,2.986947107276665,2.1577107199852663,3.0153302922788128,2.1983490941601502,2.0427611132286403,2.132168977852208,2.128278015180785,3.4061566039609663,3.242654931197442,2.216767826688363,4.514687138268554,4.595719087993567,2.2920350328399035
2025-05-14,3.07358350179846,2.2159627038724445,3.0800685516699535,2.2490325953068657,2.094341698934762,2.188489896118484,2.184928604876823,3.4636346883305924,3.315984495545462,2.260482929435311,4.615341426163426,4.646949529660923,2.3439371288690882
2025-05-15,3.062958957307127,2.2196025677750995,3.0878720790836964,2.2548674414517134,2.1218715089068585,2.190567893271255,2.186242141517078,3.465708113530743,3.338120065362511,2.264290131414923,4.649011335098559,4.663899778087062,2.338811052979336
2025-05-16,3.07522208985113,2.2247225019416157,3.097797028042037,2.273873203103306,2.1555488159456297,2.187689052898787,2.1861080983078263,3.485484019388284,3.3607689794094275,2.2673067972540606,4.697369154311269,4.688156120569194,2.3452187985316417
2025-05-19,3.0217157973141666,2.1731489385471465,3.0425556325797847,2.2237889789501755,2.130101598574123,2.1345499503681182,2.1322128769313924,3.4438887371423705,3.2938839506817,2.210433636760336,4.606900890259015,4.643010707051441,2.3125393363989124
2025-05-20,3.012390750850823,2.1809583707426476,3.0594942235620994,2.229566752040019,2.1393319802835293,2.1425763673313636,2.1397620080951802,3.46210745791685,3.304731090925573,2.2164214008430476,4.5988633207477,4.638960422251673,2.3170248788376187
2025-05-21,3.0561688141881103,2.2237718489622744,3.1094674420420594,2.281805419348515,2.1993690242056263,2.1855644867693953,2.1838049297334723,3.5078427621386687,3.3668777771448277,2.2729789804515907,4.684894959150637,4.6823512927535385,2.352908012826347
2025-05-22,3.0353870601997306,2.2167889748620406,3.097553353781257,2.292188451901302,2.2354168222557673,2.1709136010820114,2.1714723903761985,3.496542404238103,3.3640964463459144,2.27233281838649,4.659913575728363,4.669867382870608,2.3272774324574312
2025-05-23,3.0326256269710274,2.2002563121635714,3.0846043439875213,2.271243462413812,2.2127118272255717,2.1557362919658125,2.151819670466875,3.4943038450898514,3.3376302782462033,2.2429565305515364,4.628671490811122,4.6542129730884385,2.3176658141289725
2025-05-26,3.0123906201125927,2.1984126188634274,3.086991961098296,2.256913751411846,2.2036387045177817,2.1589175685959687,2.1553510011373316,3.47270087628472,3.3453288442256404,2.2386595730177907,4.615278528312208,4.647479539971153,2.315102474803865
2025-05-27,2.9827378065676875,2.182115185885519,3.06162173089519,2.2425988342775183,2.1800991741679776,2.1420323986566165,2.139290879325049,3.4472589235974156,3.3194834482611553,2.2257773208484615,4.572361852656724,4.625871486328355,2.2945977694045476
2025-05-28,2.992428633065535,2.196347834597166,3.0715391118808597,2.250983248594638,2.1884293864103013,2.159843018149376,2.1562893996535957,3.4455442434921775,3.330756210058764,2.243046492938487,4.604394539724653,4.642075266618832,2.2984427783922086
2025-05-29,2.9954917125251876,2.2082433645036104,3.1009189306894926,2.2668555195000235,2.2025242059091465,2.1758372726555524,2.172191426083491,3.478028763517471,3.3610071160688824,2.273566622648557,4.6278242134558,4.653885973541747,2.303568653361807
2025-06-02,2.937079788402942,2.1724831895609245,3.0452106067009574,2.2248335351831363,2.1898738714828143,2.137845092074131,2.1341971666939132,3.4301637948486183,3.305473906421648,2.221497330071579,4.529272342012062,4.60433253859874,2.2542294948174213
2025-06-03,2.9583722207755976,2.200538587212962,3.0743788941518138,2.257462727889323,2.2289780707734583,2.1654569393531284,2.1614391091538887,3.4641049226794225,3.334508673245509,2.25957034884424,4.582974338588958,4.631628518124326,2.270248657778032
2025-06-04,3.05287792026135,2.231292575903021,3.10752180884025,2.283313858691735,2.242427748602254,2.199284515243183,2.195538762009132,3.4867267759712517,3.3675467904356338,2.292454395848211,4.626116310938971,4.653428508120121,2.3234328253100784
2025-06-05,3.067141123743005,2.2308509492038073,3.1089544291862743,2.2805218239052962,2.2368083648665507,2.204786947242194,2.201439394268062,3.4859500250958724,3.3738564156423836,2.3045259565891167,4.643047631186079,4.661944148780917,2.327917965908477
2025-06-06,3.059512076430359,2.223064527132625,3.106111557014083,2.2684496735443225,2.2103211715915423,2.1980478874442766,2.19333039470749,3.4714039776889787,3.3761682763779173,2.2900722216944995,4.662714501711268,4.6718176046716025,2.331762773975984
2025-06-09,3.0859326868477384,2.236741017111368,3.119002175191385,2.2880517249329646,2.2256292707819845,2.2143772919512976,2.2098517070007238,3.476015420770585,3.3992289833272715,2.3207980170572498,4.699054389406341,4.690023022033455,2.354189682488901
2025-06-10,3.1887824802596003,2.281839711287756,3.1616702874832274,2.3416161533154156,2.2677367257369188,2.25980521250502,2.258176288078521,3.492158273241646,3.4566366120938627,2.3859080443844176,4.803924887210417,4.742357492788044,2.417625599960144
2025-06-11,3.234782135602257,2.297940651500214,3.192881614979355,2.362888968554283,2.2887653680024123,2.2734597017477083,2.271340499118025,3.5019679547681393,3.49829651085566,2.3997748576721785,4.866581814622555,4.773284448992034,2.417625599960144
2025-06-12,3.1964430277575695,2.2849302793287207,3.18805392330262,2.341401655603181,2.2777189050056745,2.2628051611583593,2.260103923521676,3.496615329508433,3.48802349358469,2.378558291465014,4.836679837960796,4.758620086444503,2.417625599960144
2025-06-13,3.1560033181493776,2.265922859699036,3.1476568406716865,2.3274323961827026,2.2731534027173543,2.2430088419696603,2.23945687935242,3.4553580642780655,3.4422027725711213,2.362947169348062,4.750211630186181,4.716083742905107,2.417625599960144
2025-06-16,3.1468838347312245,2.2671421742135585,3.1619537167962464,2.335751358415194,2.270519167268144,2.2442648736015633,2.2406476157176387,3.4667460841135567,3.46207628261457,2.3765288733078744,4.787966883516042,4.734825743293754,2.417625599960144
2025-06-17,3.191061403473102,2.2741503713179556,3.1685102199055435,2.340978944981687,2.264072343589852,2.2495778946969125,2.2423928971843354,3.4718423371333085,3.46550480088123,2.366016157961415,4.7869720925771535,4.734333868364245,2.417625599960144
2025-06-18,3.215362063042711,2.282647276150921,3.1803845755957996,2.341765952412132,2.26197173184739,2.257964508144672,2.251061438364457,3.492889219908274,3.476479932481515,2.3627306633789593,4.775645506929111,4.728732849911514,2.4385150674544276
2025-06-19,3.1623230902254167,2.255963431168642,3.144524200597065,2.322538228748954,2.236851996994395,2.232870266748626,2.225307612883723,3.4479664900308955,3.447641217732251,2.3490763746040138,4.750230456818852,4.716150154842947,2.414421928104145
2025-06-20,3.195001347124612,2.2424967293275,3.1144950463578756,2.313853596781442,2.228317405189484,2.219528028660309,2.2146766822290265,3.4131095372124984,3.4228703608061526,2.354075463605838,4.740971589618831,4.711553934893622,2.4108334941531795
2025-06-23,3.122096803800175,2.233259201832903,3.1143834332388343,2.304531801047156,2.227596802436143,2.212354760180781,2.2101419990606517,3.4125544444881983,3.4267888649042995,2.3553155600351996,4.775907518065051,4.728913510671336,2.3908417379070994
2025-06-24,3.2100163826380355,2.293022861617088,3.1916913511156477,2.375560554735499,2.287026499071289,2.2736405874539436,2.264219737070262,3.477709355810129,3.5112529782499213,2.416950112178862,4.922026481535468,4.801254101219507,2.4344140861905332
2025-06-25,3.263547755601033,2.3200548207411034,3.21506080489571,2.392124169695307,2.3087771965139283,2.3015637299160856,2.30023483471289,3.487733008258947,3.5485776968571865,2.4510396164438197,4.942376467986406,4.811179429361672,2.4697846728663326
2025-06-26,3.2678650071481994,2.3085551498198997,3.206272672374056,2.376918471302908,2.2827633518084176,2.290861911063991,2.2920419162010006,3.475766812049319,3.5424711258705055,2.4445369657057356,4.931838821712635,4.806050468899568,2.472860358584215
2025-06-27,3.2757520320972597,2.3048764493532947,3.2034503252110054,2.3719492205562007,2.262532596005241,2.2876072705845947,2.2882783475690287,3.469539888392064,3.5325370674905336,2.436966345334599,4.9043496213185245,4.792656429757195,2.4754232960690143
2025-06-30,3.2258615685431162,2.2865913264094857,3.186640945435276,2.358526212705163,2.2665741547290525,2.2721717937164403,2.2723012195072516,3.4452109650999,3.532842995703723,2.4391975300371587,4.934827453335442,4.807548289928216,2.47901173001998
2025-07-01,3.2915361553418316,2.3186135489238793,3.211575454537118,2.3915626635273943,2.2825191666717766,2.3026521269070397,2.3040108613947496,3.4719839990721666,3.5601950413659194,2.4668928294082213,4.974355440904941,4.826802530409878,2.493364662143225
2025-07-02,3.2982044138261233,2.331537492645879,3.2317692611313,2.404840080670764,2.2934685306814586,2.315418499217995,2.3161547359246573,3.5052982417992333,3.5767874612854005,2.47821531045414,5.0106906050705025,4.862059894790193,2.4938776112964622
2025-07-03,3.316944526670451,2.3509006589990444,3.251137033729506,2.4247686722639306,2.3094304781130273,2.3347669571422895,2.3411722794433136,3.5277278843055853,3.5861886936103633,2.504499031004124,5.014663712253113,4.865915148808616,2.5282229024262497
2025-07-04,3.3021186310387836,2.3382513729631387,3.21857775892161,2.406527100875685,2.2907264653806476,2.3230687890025634,2.334101207752981,3.4852986342838164,3.557178913118989,2.4958593733420633,4.994507359097281,4.8463566879040405,2.5046425113090502
2025-07-07,3.2819029733400638,2.3165847616081674,3.1945308327955066,2.384996264427299,2.2724016656580033,2.300928093994987,2.310701331975603,3.4706934563943004,3.5290603255609274,2.465544386396013,4.933122399354363,4.786792573007916,2.4897764291124145
2025-07-08,3.2809036651322128,2.315370237263724,3.188975885910122,2.398038519555263,2.2827721277337316,2.3007766680652493,2.3136165877737334,3.436827044166196,3.5406496993315897,2.491602925171028,4.981776435594922,4.834003398215425,2.4784989817868976
2025-07-09,3.3245520088983054,2.35906773735719,3.240246920775599,2.4328176334666933,2.322819615952538,2.344307204091711,2.357723242235014,3.4840563961423627,3.608711513252833,2.5294720632541514,5.059448915767093,4.909371901389787,2.504129763075967
2025-07-10,3.3581721817752563,2.384527296421312,3.2588998349700664,2.4522553676818513,2.345710707760727,2.3727401416649823,2.3874067206585066,3.5038226442377742,3.641950966991471,2.5580125723849427,5.089348104361494,4.938384198737482,2.532836431003073
2025-07-11,3.362347806832141,2.3920467693219165,3.272002512052525,2.446720017459511,2.34313640714591,2.380557632634857,2.3900557240036036,3.5186475954260086,3.6415308836768685,2.5487245905739697,5.081664404056027,4.930928417879451,2.543601331015661
2025-07-14,3.3339993424806402,2.3542275228978577,3.231196920481439,2.4104023147122184,2.3052611527337654,2.3407150513302133,2.349862396505355,3.494953260161398,3.591435495766864,2.5067562572151583,5.002414432022466,4.85402921554241,2.528735449739179
2025-07-15,3.381148587146409,2.3906900895164216,3.274564076868411,2.4570198320661127,2.3519533379180784,2.37881727123757,2.3861532066324425,3.5212092970728857,3.6413854175481166,2.5562133401136546,5.083241273748234,4.932458513328175,2.563080740868966
2025-07-16,3.4290687382950327,2.405379118055756,3.2857190324129633,2.471990206812824,2.3599879507580845,2.3910468590218854,2.3988963627816458,3.5449727254489747,3.647902223320118,2.5677229102823103,5.096715535688833,4.945533092015391,2.583585446268283
2025-07-17,3.429612553842331,2.408559304934248,3.315557720114655,2.4810989855315806,2.363524424754906,2.395226289659399,2.4024974951289524,3.5829462836879844,3.6802979081578235,2.5822133369428575,5.143779651045102,4.991201157715941,2.598963874857694
2025-07-18,3.4969508174663493,2.443750646648361,3.3394361291603154,2.5219934608575443,2.409054749532663,2.4322770394985525,2.441592321653974,3.5767801022354684,3.7360281177705748,2.63820784990367,5.2582113159365065,5.102238468221514,2.6374101472513756
2025-07-21,3.4881064421941734,2.445127738372077,3.33706289293157,2.5257048195017906,2.404080489378601,2.4344068226806224,2.4411319949213355,3.582896408422401,3.726484902563532,2.6413614065539837,5.238541389818833,5.083152005606271,2.627601828092122
2025-07-22,3.4271273082357365,2.398958460193017,3.2627708404111964,2.4736232950959023,2.3533782067274656,2.388046906971714,2.39448347892474,3.4971310983593686,3.6468071680138836,2.5888846587723426,5.149874155743606,4.997114882830643,2.6095336814007193
2025-07-23,3.4695613225151676,2.4257895876533238,3.3138357619076886,2.493825811576934,2.375873852084987,2.4139281169815505,2.4215907238403087,3.563681207395679,3.688392254365811,2.60187821538814,5.168149456454632,5.014848088421584,2.617277345057167
2025-07-24,3.4764972902936373,2.441290110372626,3.3465487979649398,2.5133983466040943,2.39385725686675,2.4292871021848477,2.434433429853069,3.596020781595199,3.7201158609520917,2.616726587841544,5.224187107201644,5.069223510049012,2.6327640696095997
2025-07-25,3.478826969237256,2.446519298762825,3.355735205238484,2.5250000675254594,2.406110817159511,2.4348201289184996,2.4426100009159057,3.5796084378688127,3.7370721942296763,2.631955383964291,5.278804189676516,5.122220501322591,2.627601828092122
2025-07-28,3.486212605535445,2.466071217195227,3.3829055612237724,2.5644555650063703,2.4439746104053053,2.45598311391183,2.465134083697866,3.59716450833296,3.7696561731156075,2.67823004625127,5.306487390519564,5.149082543142176,2.6353450899082613
2025-07-29,3.4558076642453393,2.4474405498673346,3.360478956357926,2.5525580609223053,2.437052722286676,2.437998522068109,2.447737218943803,3.5612781949086125,3.753750938644429,2.6668752481155718,5.259597661945149,5.103583691437271,2.604371439883242
2025-07-30,3.504717073511472,2.4638444979525937,3.3684547237106313,2.5644814569830374,2.4465574594841457,2.4542881418207254,2.465229953670494,3.57157290790783,3.7522740007417097,2.680853417350033,5.258855217617391,5.102863270027406,2.6327640696095997
2025-07-31,3.5345228542095772,2.5090333256120227,3.3978785504980697,2.638841540862496,2.518479635875928,2.5027953650966697,2.516763126137237,3.580706013024053,3.797534265030416,2.7738507583064838,5.360033313279563,5.201040148211121,2.6611566993359577
2025-08-04,3.476446208126388,2.497127235061216,3.39982128774576,2.640983783963614,2.511512454243359,2.4912838606299905,2.503231420963042,3.5969641355975837,3.7967961248958546,2.776371866807842,5.338759894305061,5.180397756697998,2.6224393856544905
2025-08-05,3.5310348127620497,2.5485403908373985,3.4438813484001085,2.6968989766454565,2.57014629790242,2.544077886862843,2.5572624224055134,3.6395668990548034,3.8533332887899436,2.8399539425421247,5.401991985818795,5.241754212413208,2.6559942568983264
2025-08-06,3.4712358580698437,2.5308140184314034,3.442555731398851,2.6807316725164316,2.5602035875667037,2.5267945691643154,2.539899433434561,3.634010845511404,3.8643607438423877,2.8224399650873426,5.431716739052525,5.270597248627419,2.6327640696096
2025-08-07,3.610252468950982,2.588646397399251,3.5083362889751033,2.7523809150730574,2.6234341918341277,2.5869666001958325,2.600954273554078,3.6575165219869246,3.970347002722552,2.9059001102425395,5.616092900024091,5.449504311240322,2.7076172748335643
2025-08-08,3.6100423066848335,2.6108139964565726,3.5331021092513,2.794750816531395,2.664357880536259,2.6092017228280615,2.6236401064282915,3.6721696506073314,4.004583811563277,2.954037733135071,5.711695399624001,5.542270980704217,2.7076172748335643
2025-08-11,3.6291533177420767,2.6307226394903394,3.5456202282891,2.8300810408015904,2.698793803635318,2.631318195401372,2.650341527135409,3.654688525730027,4.038681459620168,3.0082772902042585,5.810567879122128,5.638210633569601,2.728266240903475
2025-08-12,3.630188233088572,2.6322819973025764,3.5551463055947576,2.8349447286280993,2.6952247891329684,2.630902463497383,2.6513496595027006,3.662976258888373,4.048950148014579,3.0150011055679595,5.850427338110289,5.676887752603505,2.730847462122291
2025-08-13,3.6792706864214906,2.6482531213141436,3.5629184301415036,2.8641059255731527,2.713672464293341,2.6467848258865865,2.6683757052018184,3.6504793453497943,4.059318594512214,3.055530935981895,5.937457577367337,5.761336438279186,2.754077448490863
2025-08-14,3.6300668994949477,2.6498205150221534,3.5953769376486173,2.866755764457829,2.71103189170711,2.6489803776520566,2.669950671945752,3.6800397119280515,4.093347874878872,3.0604275915761496,6.047610790185742,5.868222207235803,2.7437531663760617
2025-08-15,3.6402485567665037,2.650897489982442,3.593740265529133,2.871328804477611,2.718755659055189,2.65104443343386,2.6730500433645163,3.6744345992750866,4.098141954200228,3.071850011096527,6.091531832815026,5.910840432294263,2.7437531663760617
2025-08-18,3.651336617719287,2.6719585960683427,3.6138429819425752,2.9088401973641225,2.7422209595102904,2.672665116151756,2.694805056045881,3.6829269945864924,4.141062476149976,3.116486206311114,6.166994295226308,5.9840644728448265,2.751496629112355
2025-08-19,3.6408549781614283,2.6277027507117885,3.5711969624267605,2.8437208444441917,2.6863318151729705,2.6283145530987655,2.6483455904658806,3.6612926306171962,4.07242529448067,3.038728525747146,6.028305465426661,5.849489530911296,2.7463343875948776
2025-08-20,3.497219954216344,2.5376561360557366,3.479792605295975,2.731132068199903,2.579675721832799,2.5345183210038553,2.5522258264711684,3.6027712781140844,3.957259279835874,2.903954867470866,5.807377594673571,5.635114981633996,2.668899961152097
2025-08-21,3.5462177264383645,2.5774796796564843,3.5470214322170177,2.7797214229435987,2.620532609232276,2.575670939790286,2.594558362226613,3.6637532175132255,4.040508071230484,2.960581011113939,5.914919260860896,5.739466669534901,2.6843868866246843
2025-08-22,3.5132920919151323,2.571114985250401,3.5320961803484567,2.7701522224270057,2.6089634494853966,2.5707356762962768,2.590364887870791,3.6471053185991034,4.018754665848827,2.955382605838306,5.863497224841275,5.689569950949552,2.6714811823709135
2025-08-25,3.6123298009046088,2.629013389349909,3.5997710624719117,2.834365906721639,2.6706816235515625,2.6311686340078007,2.6526454391883023,3.696965097165508,4.1226926719939385,3.0298467993514193,6.074682987704501,5.894491369751365,2.7205229790873355
2025-08-26,3.6277335088828817,2.6415017441899313,3.6214596661405922,2.8563482632637736,2.6899248067002297,2.6440581738355533,2.6647148139612162,3.707576048402045,4.155218374065403,3.0538663922805473,6.134723023975016,5.952750455262894,2.7231037984658433
2025-08-27,3.6746398666498092,2.676905946373617,3.663218016838209,2.8853155525288687,2.7238635802959412,2.6808622633890904,2.7045560092207857,3.7414466525947123,4.198068453293797,3.0890463423126215,6.2252967247822415,6.040637493782476,2.7360097036397684
2025-08-28,3.6052619454342163,2.66053693728313,3.6585853603085554,2.8717225708420804,2.708785617112481,2.6637066412675012,2.684857768033784,3.7500747669027783,4.182600669948193,3.069563615250491,6.182083442342982,5.998706034821998,2.7101982951322263
2025-08-29,3.603558606578288,2.6580795052503663,3.673491772393121,2.880718339538029,2.719340564162232,2.6620848645204216,2.679851741003599,3.7553248616656134,4.211785413793334,3.076553616224222,6.287102814254643,6.100610246555015,2.7101982951322263
2025-09-01,3.590336597197919,2.605567023345767,3.608714597795644,2.810373526974923,2.644557261887151,2.6078443211183733,2.6249216881619337,3.6914375561454573,4.126958546726236,2.9901121835907047,6.164488298991635,5.9816328112737125,2.6843868866246843
2025-09-02,3.574430733444126,2.592623522589223,3.5978715046385426,2.7931796828095616,2.62778385595955,2.59455877650208,2.6117582065462326,3.691978594516497,4.109312331055728,2.9719469658626383,6.130990825911658,5.9491289643440775,2.6843868866246843
2025-09-03,3.5840612504708864,2.61163404388541,3.6321667951477674,2.8123736051497854,2.6458671768874633,2.613567601438559,2.6308470626531166,3.7307722375385053,4.148570541797643,2.9917272512309236,6.170865000474275,5.987820362448478,2.6818056654058684
2025-09-04,3.585388706073479,2.6144638019089865,3.623083317980222,2.8105544100075677,2.6435538877050444,2.616579752810359,2.628370036532778,3.726930326098423,4.1201377956692005,2.9804902442446775,6.122237090681894,5.940634888707641,2.699873611177117
2025-09-05,3.65776229280778,2.6785591176821337,3.679017336482076,2.894290140911637,2.723125044845798,2.6813685681378017,2.6920076812508205,3.7482802888236733,4.217920906677983,3.0679964429130147,6.291726907855422,6.105097176964039,2.728266240903475
2025-09-08,3.6628128910248146,2.690808769007176,3.6959037990867785,2.9094798313587575,2.7403468031528275,2.6943810810559605,2.701955462013059,3.7773240979964813,4.220739275798446,3.082122832129157,6.309084802254723,6.121940189009413,2.7540774484908632
2025-09-09,3.733011561684601,2.7443481684578193,3.7015866844335896,2.974096759006515,2.7982564197670707,2.7488732620876393,2.7540528916293865,3.7808382183407843,4.217830064625262,3.151006705791728,6.318198396645976,6.130783449405945,2.782470279137375
2025-09-10,3.8148786579980696,2.8123898418405293,3.747250697043214,3.0599421891228085,2.877800496184778,2.8185584087515965,2.8276760887235457,3.8008644559889877,4.296137377162495,3.252800963887753,6.475565751273091,6.283482860322967,2.836674317371275
2025-09-11,3.845314584900672,2.813396453883412,3.7133160317728438,3.071561481637113,2.890552044212545,2.8209476970296055,2.829034757680425,3.7542160561577105,4.269879262342756,3.270249385924666,6.489684576744688,6.297182883033914,2.862485725878817
2025-09-12,3.890895548124151,2.8233842858676437,3.714938543173211,3.0716911209735276,2.8904323335112454,2.830285938587322,2.838429938975262,3.7890081306213035,4.248825735128595,3.267648433455962,6.414903020471465,6.224619551093582,2.8908781546850206
2025-09-15,3.8687733090188,2.7959407913024945,3.673110780900168,3.0360316518891985,2.856102796946287,2.802303618164448,2.8106570203110954,3.7644862152939895,4.187428064569901,3.2267943115317315,6.303342396814533,6.116368118931464,2.8908781546850206
2025-09-16,3.9421236057500644,2.818370322606053,3.7009296672392242,3.0578040970778355,2.8794816123859492,2.8244210160112773,2.832797991830556,3.7872080688069296,4.220387691103787,3.2479935489843847,6.332285146813746,6.144452348253808,2.929595468366488
2025-09-17,3.8986933014589917,2.7918391982860866,3.6652739728168893,3.0202944555768325,2.8454345986013316,2.797804020624446,2.808143068752964,3.7537781779981256,4.176246737536272,3.2092565435711826,6.262256220093466,6.076500669948761,2.90894610045627
2025-09-18,3.963758503721279,2.8418860662246717,3.713671784778528,3.076163266130067,2.8988856754321466,2.8487700815200743,2.858684508213847,3.794992075303813,4.236058346358107,3.268818247782354,6.358435551921564,6.169827061228218,2.9399199514014436
2025-09-19,3.9062486252185713,2.811085900446703,3.7052384230054303,3.0408355541998104,2.8630184759519,2.816638936184372,2.825219606506139,3.8088549707588757,4.218670597358375,3.2279892639748655,6.326765464060642,6.139096394302336,2.942500971700105
2025-09-22,3.969559165374742,2.818533854936656,3.7219770473783904,3.0518057764807254,2.873179267554587,2.824747946491312,2.8307619139843516,3.8422846923936524,4.230418893048035,3.234146975619356,6.344902236584032,6.1566951808284225,2.9631501386901697
2025-09-23,4.063413610588507,2.830301099788777,3.734579098981212,3.060652432820415,2.883106688089485,2.8374215355584176,2.846234303678632,3.8344102939381073,4.259091075846791,3.2516148748575175,6.438741067482851,6.247750496801324,3.0173541769240697
2025-09-24,4.052285554263184,2.811070876773157,3.7385495125893478,3.034158863842769,2.859472601182041,2.8182349787644547,2.8248756412475458,3.837959121582627,4.24907081481389,3.2189579156749337,6.432910018516064,6.24209241260485,3.014773156625408
2025-09-25,4.0044731208368765,2.792282515420305,3.704884610467176,3.0052081912205377,2.8291499277130012,2.7990136258505736,2.80747954132937,3.8400767865372902,4.188554305254391,3.1897378395561167,6.329360371852019,6.141614330071581,3.0044482717501446
2025-09-26,3.9338906810475978,2.731918960559735,3.626437065670578,2.93513462994334,2.7629009590010405,2.738938507494941,2.7494507977908538,3.7680805477801735,4.092270529939971,3.1188363148995144,6.184797838236865,6.001339914351673,2.9554066759538764
2025-09-30,3.9702448297987343,2.7889075746102794,3.700565637906946,3.0134344371840105,2.8410747634263367,2.7978579255674285,2.810935496790425,3.8320580184212267,4.192320545481202,3.2115944068567717,6.363064829611462,6.174319021952179,2.9837993056802343
2025-10-01,4.009594683895893,2.789296363006761,3.6932787871881776,3.0210284720254372,2.8463005567888646,2.7987334070267873,2.8067312737291785,3.81460006442275,4.200927009913973,3.2179962239420936,6.386042966383477,6.196615564696839,2.999286030232667
2025-10-02,4.107883257352133,2.824786522602062,3.7110668227600807,3.06887977766406,2.8940041671807832,2.835254765630168,2.846001236105076,3.8312105974424604,4.2301492960808655,3.271646953250574,6.483883771322136,6.291554145275903,3.056071289685383
2025-10-03,4.2087680871116575,2.8819576490213756,3.7400505436600726,3.1365613179530016,2.949295179299416,2.893051434141414,2.906092535167691,3.8461063689972645,4.271655555425267,3.3477460727138597,6.5657376853767175,6.370980049632013,3.0999506439641733
2025-10-07,4.295920464113685,2.9113155092241225,3.7722177256373266,3.163446259749721,2.9729714842701473,2.9227051003296625,2.9380090025441086,3.9021132129116944,4.304354706053314,3.3772263737865273,6.5678534177696335,6.373033023648268,3.185128332223093
2025-10-08,4.25350897735018,2.90665428831852,3.78363511795455,3.1550400527064646,2.9589786204764468,2.9181877205787994,2.9312583147945173,3.9043841324290294,4.327504289323018,3.3638293752175947,6.584128681344757,6.388825518644002,3.1567357024967353
2025-10-09,4.308853473496825,2.9137326835445143,3.783749104929157,3.1663069821958327,2.966806146860281,2.925603651329105,2.9366342687923455,3.890326071814973,4.342574825884075,3.3749026434883325,6.618036717438804,6.4217277501721535,3.1799658897854615
2025-10-13,4.248598914487272,2.88881619128623,3.7367326184464806,3.1407126593711747,2.9455216054982367,2.899982843520959,2.908992769783801,3.846421788559277,4.290840249307738,3.344603832672074,6.556400129437812,6.36191947099641,3.1489922397604415
2025-10-14,4.2468817936652,2.8456773939899773,3.674737613069772,3.087801141184668,2.8929538900737097,2.8527039751686427,2.860646057455521,3.7806935261060746,4.2211853745848,3.2879457389941233,6.449907762525247,6.258585957300133,3.1335055152080087
2025-10-15,4.350138108879201,2.892795565430436,3.740145529843393,3.1501824637820324,2.949978327933996,2.9027039384268782,2.9101893951350872,3.824855530881408,4.32275546832106,3.3545724436186664,6.64021759333597,6.44325068096772,3.1902905737405707
2025-10-16,4.405717889228328,2.924673207274354,3.7775441440469057,3.187046235998886,2.984425891666818,2.9350699714368873,2.941168640314332,3.863228733809295,4.361337089211162,3.390015114364901,6.7078893724751785,6.508915131099384,3.25223787379061
2025-10-17,4.315242409911673,2.8830508338480736,3.7402057077498636,3.131252563265997,2.9307044715379673,2.892321190468078,2.893772039828982,3.8285162397395265,4.312300917930739,3.3228548665022353,6.617356739878854,6.42106794259588,3.203196277994342
2025-10-20,4.3919256119830905,2.9167471952759527,3.7666846442607973,3.170715515731953,2.9653273948414354,2.926702434217497,2.930775663528943,3.843156218628833,4.368360981625345,3.3677168717210324,6.722547538859305,6.523138496404619,3.2574001153080876
2025-10-21,4.40085170860618,2.935797104552061,3.8114541327767593,3.1928470644528275,2.988153157662054,2.9463666377285613,2.9491118780765038,3.9000302483775924,4.420308359283842,3.3908747883944548,6.752944228079692,6.552633537156744,3.262562557745719
2025-10-22,4.353164762239246,2.919547300274118,3.8008862945840662,3.1736635793968313,2.9710570498006375,2.9296567973973144,2.931813641022296,3.896473914824369,4.4085841826680925,3.3684564968349067,6.702805925689338,6.503982473170011,3.236751149238177
2025-10-23,4.324725060596139,2.905335517830588,3.7756970288491085,3.164128103301802,2.968597482921769,2.915395819375608,2.9192767503215307,3.875040302191235,4.379730150892337,3.3593962551936496,6.654113979507903,6.456734862533572,3.2186830025467743
2025-10-27,4.4236692012969625,2.979331819035084,3.8326418367217534,3.2596712546913826,3.053097580496191,2.9903014536257984,2.991595359423403,3.902470045927616,4.479310136990894,3.456639174291908,6.819335983307076,6.617055932366925,3.2935362077707393
2025-10-28,4.417871069813555,2.98990565543174,3.8557885066297923,3.278470416849387,3.0766328121483424,3.000620694735068,3.004614955723588,3.9005278773039955,4.537668010593632,3.480374540378912,6.961782188750704,6.755276795964382,3.270306020482013
2025-10-29,4.48482787221456,3.0082279224933237,3.882804192236866,3.3057929726797965,3.1067971143268576,3.0186720433582046,3.018680415762371,3.9211047032968995,4.579350248702429,3.503942234964341,7.065265513916865,6.85569052427576,3.3245100587159135
2025-10-30,4.4801307735856275,3.0046680669803236,3.8733001029162017,3.3060124586786004,3.1058816398207174,3.0131389244085156,3.0177459648669784,3.913796048460161,4.576996827136995,3.513372324377932,7.107642008087186,6.896810016383062,3.3245100587159135
2025-10-31,4.475746200239593,3.019802077575988,3.9053474824595518,3.328517776701061,3.132718954722342,3.030215572225084,3.0344559838167378,3.92731883849823,4.629001884756755,3.5379559208032316,7.263247050011883,7.047799389585156,3.3425780044871622
2025-11-03,4.4965162546203405,3.024274165777928,3.936489873163987,3.335261372043428,3.142171896930126,3.0356384013026294,3.03760987652459,3.9553883371826686,4.681569584911863,3.5417976258593575,7.314687067752372,7.097713556504629,3.3116043544621427
2025-11-04,4.475826537179909,3.0003013336702278,3.877992783838369,3.309062938289106,3.107641802913925,3.0117977044295676,3.022225374954671,3.888009706850402,4.617165118293586,3.5283604533003143,7.26072801216763,7.0453550732540675,3.3012794695868797
2025-11-05,4.370841992951722,2.969910929790954,3.8585805384433947,3.2716033098989885,3.063591479706226,2.9813507586787824,2.9861851017295624,3.881080140385121,4.583538159726515,3.4797392906697464,7.17235669766334,6.959605092270128,3.259981336526905
2025-11-06,4.3903561242432865,2.9922869784206334,3.9047616112942687,3.292122755606368,3.0956096960854387,3.0040040111781714,3.015838907399445,3.924228060111913,4.63786921066031,3.5118880085568307,7.26660472229378,7.05105746417574,3.267724799263198
2025-11-07,4.352365494427767,2.931301328507087,3.8423776244704517,3.2140625453327476,3.0180148767347243,2.9422696971837,2.9485100686249086,3.8636507658349846,4.554055997530886,3.418163874476418,7.0961396028506005,6.885648803767412,3.229007485581731
2025-11-10,4.3914563266711415,2.948531273743888,3.8247883091883783,3.250405281421938,3.061355584173333,2.9607312847023506,2.9656989146029926,3.8185571677782972,4.56526913291768,3.451698839937511,7.106994763074703,6.896181970417879,3.2703060204820136
2025-11-11,4.367801209541633,2.9435156538365765,3.808102779331273,3.2562103896690107,3.072252918512132,2.9561822149411157,2.9622257411126216,3.790247799022353,4.5525968672281305,3.4616675421738026,7.084356810875493,6.8742155214464375,3.247075632273133
2025-11-12,4.385511780552443,2.937753893574284,3.8162512808451257,3.2452152727369485,3.058034317141031,2.9492877954559455,2.9605375924492012,3.8019935150377453,4.545337099762053,3.4561072891868,7.099106347797315,6.888527546990731,3.2625625577457202
2025-11-13,4.353446286254986,2.935945783076731,3.825357925452456,3.245050629092101,3.0598930469961543,2.9473927361523047,2.9565626554468643,3.794050175094107,4.584621175066193,3.453851556616199,7.155091243168604,6.942851778110353,3.2470756322731336
2025-11-14,4.2659746786182655,2.882618386660309,3.768710226822074,3.180759109044794,2.9962785727078467,2.8935797236117358,2.904944966115009,3.7597617778031815,4.500357087433148,3.3866719540704313,7.040726100521247,6.831879016618157,3.185128332223094
2025-11-17,4.298363033519562,2.8878356835025976,3.763626727047873,3.1866868772565438,3.004658515770138,2.8994511003434322,2.911919448792325,3.717504258531108,4.518580516594083,3.3922973108148087,7.116903590146086,6.905796874730556,3.1954530161782033
2025-11-18,4.16804683534772,2.7818710550521004,3.644930575955216,3.063395273159992,2.887378700321477,2.7925633474485743,2.8080823834497046,3.616687740281143,4.378178232087698,3.2654242301954635,6.827292889481378,6.624776815064719,3.1205998109542388
2025-11-19,4.143139999164051,2.772744747630524,3.629574917645971,3.0564476254969333,2.8848435508755657,2.7834913242633013,2.799529632983426,3.5888087678784397,4.372361796308541,3.2603224099880808,6.871378932993299,6.667555146630906,3.099950643964174
2025-11-20,4.3146261518347915,2.874042094426248,3.7401715067484425,3.1755396009685435,3.0040689450828677,2.8864539759417163,2.895880436750805,3.6781684845902123,4.522429413601284,3.387611225691377,7.154948429189347,6.942713200382116,3.195453016178203
2025-11-21,4.123428089857464,2.7748288199077167,3.6394282080651807,3.0527058867370718,2.882748223578873,2.786134626795558,2.791197821565833,3.620724322770848,4.355149421626253,3.25197729713589,6.87179722404958,6.667961030036886,3.0896259600090645
2025-11-24,4.11035988022497,2.7919581354238474,3.673108431595003,3.071884209124021,2.9016194864646443,2.802732303091161,2.8122596399330386,3.6349575344104466,4.40098820903709,3.2769484882969544,7.014145047608539,6.80608643002393,3.0741392354566317
2025-11-25,4.216167026390186,2.8423827758766755,3.7186356052433647,3.134877697207707,2.959282460030026,2.8546902309392803,2.8682896040040906,3.6605966361122304,4.48741602766611,3.3531670234768893,7.183617486255239,6.9705318552478674,3.1154373685166066
2025-11-26,4.309661024045074,2.9266438483019943,3.7941257948241853,3.228305005205497,3.0252453606870824,2.9391714052068916,2.954074785309397,3.7218273245760853,4.582791200152948,3.453323216965548,7.325212618284354,7.107926890582841,3.1670601855316907
2025-11-27,4.31427719089533,2.959556124645134,3.8258775166010803,3.269670335015043,3.061230519859259,2.9730498730848165,2.987324148543144,3.7430069462976436,4.640656245147349,3.5001567353030514,7.431930771571599,7.211479493215884,3.1954530161782024
2025-11-28,4.336613675147279,2.9865264532631723,3.851440684358969,3.302148375626777,3.0836900080069554,3.000580143014209,3.0128227718431644,3.7484916108715485,4.692118473064367,3.530762515156492,7.503430756342941,7.280858593989551,3.218683002546775
2025-12-01,4.273999186700398,2.9734760731007865,3.79989856623625,3.286363112739944,3.048442239080536,2.986509812868648,2.9938981668141884,3.705967264665667,4.611275684916161,3.5051187736550533,7.315800005373982,7.09879348136967,3.1748036482679844
2025-12-02,4.316365085815014,2.9758037205925376,3.791925863028893,3.2880084745473854,3.0501795493224364,2.988966110270185,2.997551382387338,3.685739004481587,4.5967822235819815,3.5071365704196436,7.288031875676522,7.071849029916464,3.185128332223094
2025-12-03,4.361086126955653,2.984471455586402,3.8037764508633773,3.3015300605783575,3.061460303284006,2.9975841610062823,3.0101214369815934,3.6955607369460766,4.615707828266769,3.5259976549072958,7.375006039932672,7.1562433039282745,3.2161017813279593
2025-12-04,4.348411027852427,2.977494614859469,3.7916411552307707,3.2905522535465055,3.052151107725154,2.9906066861418577,3.002479082051763,3.6916869022121332,4.588184429020487,3.5128720000701095,7.304285558417713,7.08762058422449,3.2109397407306357
2025-12-05,4.386727439200926,2.9979360124470844,3.806020070314919,3.3223733252960166,3.080383023389475,3.011303245940353,3.028454974443869,3.702330590735547,4.624513887051467,3.5563148743406945,7.384907373750126,7.165850937257312,3.239332370456993
2025-12-08,4.4635662450931095,3.008444602054155,3.8236505102184086,3.332998004285526,3.090798258593365,3.0216802549182624,3.0385822707494388,3.718856962598491,4.648430643808704,3.5670329406481445,7.436052594236133,7.215479051410593,3.288373966253262
2025-12-09,4.425326962645971,2.994283771240784,3.8165046597740697,3.31987465210167,3.077068040835173,3.0076462249949723,3.0269192697348717,3.7074367593374746,4.652991535909165,3.556643877215934,7.458835482709387,7.237586137452024,3.28321152381563
2025-12-10,4.496694096459661,3.0392645903817916,3.856282838804881,3.376706983767842,3.12849527268511,3.053066550891301,3.0735266247857735,3.714905129391974,4.725625657364338,3.625082292423823,7.662068045951371,7.434790270162662,3.3064421129446644
2025-12-11,4.415536170443824,3.004917221296083,3.840603930711529,3.3427216140324987,3.095863992424588,3.01845272637611,3.04268097796959,3.696988506545575,4.708527009682687,3.595539461298736,7.697821349787241,7.469483033773075,3.270306020482013
2025-12-12,4.440189311797946,3.0154516704211543,3.8608962715091946,3.360240664826435,3.1116595978200916,3.029086314075878,3.052904373230592,3.6893318756171234,4.756016742046475,3.6156379350506835,7.855354089964402,7.622342924454951,3.275468261999491
2025-12-15,4.367184569674092,2.9894050459243457,3.8326672800096273,3.3293414627224993,3.0848258612463715,3.0028800046515327,3.0293969247592414,3.6614483982597643,4.724176231025812,3.586951007469953,7.837955344370889,7.605460272972883,3.2419131898355014
2025-12-16,4.310256707490341,2.930752360616855,3.774823027284398,3.258848552780782,3.0211939166153443,2.943879951833484,2.9673118362852366,3.617002848191056,4.637488545083167,3.506184618450353,7.698107283354968,7.469760485773567,3.2135207610292973
2025-12-17,4.293502981683311,2.917072200982375,3.763654970837579,3.24129842039594,3.004198583529996,2.929981069549169,2.9499791212798483,3.628086335559364,4.611446706406042,3.4846015033699476,7.6300195241790965,7.403692394704415,3.1954530161782024
2025-12-18,4.286983921572073,2.9015854955443694,3.7356212561861413,3.2221895091061703,2.986984684622692,2.9143256462339613,2.93506915252053,3.6116280106078906,4.569681236789907,3.464645405215748,7.542736127833254,7.318998061267672,3.1954530161782024
2025-12-19,4.3068214048697335,2.9458141054758413,3.799930670272983,3.2747921429846594,3.033019630866756,2.9587329411541385,2.979590035784788,3.6614186612461954,4.655687932921579,3.5224265234892904,7.741721399272833,7.512080888401578,3.2264266662032224
2025-12-22,4.398539178730594,2.985003668055899,3.8345603497553693,3.3241167133337814,3.076108451726277,2.9982106653221714,3.0133297879191487,3.7033981038163066,4.688939898808079,3.568121159819272,7.746634521793441,7.516848274346635,3.2728870407806747
2025-12-23,4.446370058793394,2.980379209872592,3.8278201799964076,3.320462332214037,3.07225593144239,2.993638221700242,3.013064605149295,3.6836961411000697,4.692913683013298,3.5722755103780397,7.784993793101943,7.5540697053473265,3.288373966253262
2025-12-24,4.463416297095248,2.995182353600133,3.8330525594663656,3.3408000726947313,3.089810657132955,3.008712957804481,3.024798197726349,3.677611465225753,4.71497292932377,3.5905811224467,7.82684917048817,7.594683538411565,3.296117228069401
2025-12-26,4.498874417263898,3.006037914923858,3.845192111289902,3.3593033311262332,3.10603005512428,3.0197453929257336,3.0358257435388034,3.667291681047549,4.750747648728194,3.6131260293192646,7.9746191993762725,7.738070306371611,3.3245100587159127
2025-12-29,4.550728285943397,3.026862446205693,3.8500368770232107,3.3812262894609546,3.1255085760734493,3.0406136818876885,3.053579054564851,3.676168031100089,4.73030053509035,3.631025008294126,7.918765684973313,7.683873559103499,3.368389212074549
2025-12-30,4.529532052538663,3.024977400549157,3.856637164391548,3.375832844167416,3.1199539884917713,3.038807613655163,3.052448950275265,3.6784070138618894,4.74332736910946,3.6282989046343386,7.948381036988308,7.712610439236647,3.3632271714772255
2025-12-31,4.600456278660549,3.046891606961874,3.8615310131168483,3.4038996197419387,3.1438019189997273,3.0608750952956263,3.0745989055309413,3.6794493908436845,4.753350020362208,3.658071611902414,7.9616340425926015,7.725470324652214,3.386457358765952
2026-01-02,4.686831802314388,3.0708044058493362,3.8770359686218265,3.4283746063744087,3.165633197698137,3.0848394733474436,3.0884555211040365,3.7062762738433466,4.752295341332907,3.666886941879998,7.859379765492021,7.626249187498307,3.456148121552285
2026-01-05,4.882575164856387,3.107906375163446,3.869743489125682,3.477912148150394,3.2117803520556927,3.1221902217074273,3.1274300467224423,3.6754202018871327,4.757394761629169,3.720093344213407,7.917491181737252,7.682636861099523,3.5877861843886567
2026-01-06,4.9790837135760935,3.1595050535077633,3.9109272929512233,3.542166702821125,3.2721355676766204,3.1741156907223345,3.184337459183318,3.695060463082753,4.822349334826978,3.7948448010165885,8.056112810837705,7.817146595689354,3.634246960806417
2026-01-07,4.908662372629733,3.142204972006394,3.916822177413314,3.512191550758997,3.2453193094714865,3.1565791934115675,3.17909954694717,3.7252384142246595,4.821838077847692,3.7777099506718095,8.040945957795302,7.802429632755538,3.6058541301599054
2026-01-08,4.910707193120071,3.10673598168774,3.885519355019355,3.468549371937478,3.207149936898479,3.1207905988777087,3.1449301311578934,3.6953775493286773,4.770484308363419,3.733231017962655,7.961670183350976,7.725505393377408,3.618760035333831
2026-01-09,4.897399293677124,3.1012593472048944,3.9040206730454554,3.4622563346306925,3.2008043667239647,3.1152699656266876,3.140923356649519,3.70931776265453,4.797149562791022,3.72397344715211,8.035474398468848,7.7971203747590065,3.605854130159906
2026-01-12,4.9338512974507145,3.1274806409283857,3.9288497548148147,3.485203370183804,3.2218386332045656,3.14171508324244,3.162096309380996,3.728966926547087,4.829361669816599,3.7432111404327206,8.05908054132676,7.8200262952211474,3.631665940507756
2026-01-13,4.9734447452208075,3.1244898648982566,3.923992487156533,3.480873107046722,3.2183861975601897,3.1386362227006637,3.157706135870543,3.718665320766839,4.840814791443435,3.735209259662122,8.081515573098057,7.841795842936425,3.649733484438696
2026-01-14,5.000651662918681,3.181191924241396,3.9958409965754726,3.5502767453161774,3.2833890081690753,3.195656034474588,3.2168973381562544,3.7899806988666986,4.924058186671355,3.812701735231571,8.26633623080394,8.021134217301665,3.6523149065776663
2026-01-15,4.946062546658562,3.153150794613453,3.980068566554352,3.517501553526254,3.254401837373602,3.167349932206224,3.189142682024332,3.7978126303362267,4.893411218606222,3.7790573574411885,8.175991879671036,7.9334697253213315,3.6471524641400346
2026-01-16,5.075520590709076,3.1975705086088158,3.9818151083819484,3.5676792162631883,3.3046949888593815,3.2121561181549763,3.2315059658045713,3.8006144967093554,4.884791074339996,3.835389405800386,8.170795142541612,7.928427137548066,3.716843628766675
2026-01-19,5.0942858529464425,3.1473181339699514,3.940660938627168,3.494472416574861,3.2362882479424724,3.161435472936456,3.179415452912583,3.782456012669244,4.817896409868463,3.7532116720124358,8.009954710921576,7.772357670547016,3.7478170778715407
2026-01-20,5.135052849388624,3.1693135527313885,3.9702451347684633,3.5283561404364856,3.2676322291967206,3.1835720310478166,3.2009376301569663,3.7926998525715048,4.867905585937119,3.792153397002856,8.14751361153705,7.9058362000689,3.7478170778715407
2026-01-21,5.0382988906803075,3.1105182237155184,3.89269694521635,3.4663898573626932,3.208694860422054,3.1243816530229007,3.143245813575481,3.7282322796828486,4.766864306697303,3.72555731609479,8.0012197442911,7.76388180678217,3.7090997641900736
2026-01-22,5.133193346578328,3.2131195109218935,3.9766506918723983,3.590555905499374,3.3233077179681376,3.2278064286700547,3.2346617061102223,3.79157492017259,4.868251846183373,3.8430142881687908,8.169691234380297,7.927355974304972,3.758833931757281
2026-01-23,5.186534862096286,3.270832228580685,4.009487741393212,3.6524879459169437,3.384046757020604,3.285867583696859,3.2957227011150474,3.817431442814025,4.906828746714471,3.9189178076312725,8.2586129156369,8.01363999666659,3.7823918198172297
2026-01-26,5.173927046233823,3.3049054892921954,4.031289380772575,3.680953720779972,3.416131459830625,3.319939421890459,3.3262451441682708,3.8406502377812295,4.9111231385116945,3.945804492582688,8.234847160035281,7.990579198008798,3.7823918198172297
2026-01-27,5.240459601610218,3.3361117626256322,4.07195930127654,3.7065337588114775,3.4450732780584605,3.351392005087921,3.356579708523087,3.866475668691174,4.964082510538703,3.9742749686155836,8.309512352965301,8.063029618259144,3.8242732240843518
2026-01-28,5.342830386152021,3.376949285379412,4.1049845022812335,3.758245790430762,3.4911731487040463,3.392637970324096,3.395472323340459,3.865551082205308,5.0265735957956705,4.0254737755244685,8.42888451803502,8.178860880271696,3.884476939037724
2026-01-29,5.29210631252607,3.3342349853386724,4.063545845311647,3.7059074235519067,3.4453485124880183,3.3496363858293106,3.3564856722638647,3.8246783981768284,4.973430553424026,3.9780546439662214,8.378769600875684,8.130232507846431,3.8609190509777758
2026-01-30,5.198708133101815,3.267521977207719,3.9894638037164674,3.6263244842229603,3.374412031938822,3.282650111616833,3.2887581206860523,3.7889123619432366,4.855416402045571,3.896506851770883,8.165044816053044,7.922847381381573,3.8007149341840956
2026-02-02,5.1542936085057525,3.225260092431368,3.9466832395848224,3.5877517835514277,3.3388884676282844,3.240320604168084,3.2497229206309752,3.74706050334136,4.805570371002743,3.8631355549815414,8.114531882033098,7.873832798358222,3.7431284051571105
2026-02-03,5.276689882991628,3.3281621488640707,4.051738974218036,3.7124290272002645,3.4566210278869125,3.3440278889553103,3.3471828424936136,3.8193209797976526,4.950177953414247,3.996085091893503,8.441259107898063,8.190868406145816,3.8190376467106537
2026-02-04,5.253373569067307,3.3502655001720845,4.083472222613483,3.7423702113948436,3.4860295680845566,3.3661116710891115,3.38107133939643,3.85166702341363,4.997724377474582,4.0497598408640645,8.5358546258709,8.282657963796257,3.8164204607842667
2026-02-05,5.172073937403754,3.268110592629753,4.023081208882694,3.6367191144556252,3.3872035856346883,3.283327082705106,3.3157207680565897,3.797747175721213,4.926330013310796,3.9533247414022243,8.382421851500306,8.133776422784974,3.7693038809837542
2026-02-06,5.198409101132438,3.2609950366390574,3.984967664749722,3.6264910879215333,3.3785090649930334,3.2762637187075963,3.3060586350464836,3.76507568000994,4.873938422921881,3.934314521929962,8.287412198955305,8.04158501492005,3.764069107290672
2026-02-09,5.3161057851404285,3.352616501481964,4.048206882389782,3.744649727701532,3.485497402548947,3.368456151375513,3.403193825758199,3.8132730932575294,4.959255235183642,4.077216938389903,8.51358636077476,8.26105023600302,3.871389000204249
2026-02-10,5.475537606798173,3.410156107829188,4.082206442488826,3.814285334046086,3.5504949287744045,3.426363596724589,3.4607522140562956,3.822066992315771,5.006702270071244,4.152772767694375,8.683964148458005,8.42637415514892,3.9525342209717977
2026-02-11,5.579397890296942,3.466282251701044,4.101847535238875,3.8776039189282736,3.6062984894219428,3.4827587714434514,3.5006486917489488,3.824249354813808,5.0462253050520065,4.202958275992451,8.744412124914058,8.485029080230662,4.041531401358816
2026-02-23,5.553418192765817,3.47631907454374,4.155559768474742,3.8765053972480383,3.6070467652598817,3.4928087680199735,3.5019935678478458,3.881242167378235,5.112767089240499,4.18872630631133,8.737840511833049,8.478652399065611,4.052001752425597
2026-02-24,5.729893562406052,3.555043618371931,4.21313323869167,3.969730141387869,3.692765127236249,3.5720035145944196,3.5604470921389164,3.9242969923992272,5.202604435543147,4.265884121286103,8.853060827052367,8.59045496638558,4.156704861253094
2026-02-25,5.883662794181437,3.662388847105113,4.3020789985468575,4.101365803994269,3.818498419645435,3.680174603331886,3.6775444537573034,3.968329572153478,5.350278787540944,4.427540089796008,9.200667743412565,8.927750916264495,4.245702041640113
2026-02-26,5.854783790790954,3.6848445900216187,4.37317856156107,4.122413835314428,3.834839565559928,3.7027213266497503,3.708750710362206,3.994257487522641,5.482404814485646,4.469009124949481,9.457210591044884,9.176684005349292,4.248319629406809
2026-03-02,5.804883077937963,3.6725698058293292,4.338140121223044,4.120055049548983,3.827834314964295,3.6904761643461095,3.7012482864233744,3.951450395343243,5.44742335216605,4.477574505143659,9.435384766616298,9.15550559423016,4.2064386269799945
2026-03-03,5.663901126154136,3.5615924716619944,4.234440396830831,3.9964179376887063,3.7100805515817425,3.578617546466353,3.5924927334824006,3.862286383042536,5.273968046328685,4.3472208329867055,9.147975820470627,8.876621979056493,4.122676220286058
2026-03-04,5.429716561531848,3.3741972297335034,4.025649442740653,3.78093321005356,3.510404843017645,3.3901047434798497,3.404875971785519,3.689357877922406,4.994217453172771,4.115313847918236,8.661323076978828,8.40440467942384,3.9577689946648804
2026-03-05,5.576121615982472,3.5278398361576735,4.191525797428777,3.9607036391016734,3.6755272210746175,3.5446996954377066,3.5557760245998082,3.824738339834667,5.212755957774815,4.306561016529704,9.131008585957542,8.86015803886268,4.052001752425597
2026-03-06,5.55417019219623,3.530340127977763,4.212275459221415,3.956304363456494,3.6760175988827184,3.5471321466190453,3.5659214665548413,3.8626614848204555,5.220406824997186,4.312893895398466,9.186870533914542,8.914362969522687,4.0232082869919505
2026-03-09,5.29548711448406,3.3378066489828058,4.010356868003529,3.7220963669232248,3.4610655337945353,3.353508349675455,3.379797683748362,3.7318357362877146,4.9429802490683405,4.064490443858164,8.648008371353294,8.39148492417746,3.8530662876776907
2026-03-10,5.430729156845485,3.4439187635551227,4.110864275984467,3.8595572963594256,3.5794469679073218,3.4605718724149215,3.4779902289737046,3.811318177119505,5.075160989207952,4.210639321855347,8.971456979479461,8.705339166944825,3.936828292531319
2026-03-11,5.700572705770357,3.6152323287183696,4.285738551100171,4.057074019930361,3.7567009048902436,3.632843579421967,3.6363983325807956,3.940407693149389,5.30832603309407,4.415612732802593,9.417762513095756,9.138406064674024,4.0938827548524115
2026-03-12,5.579392621172013,3.601771259727504,4.2888127401056995,4.045174533893512,3.7453116139211025,3.619322654034244,3.632756500432805,3.9377290768468853,5.315114630680009,4.414856081515775,9.40343561165956,9.124504138097466,4.010120749998784
2026-03-13,5.532214279841873,3.592709298656691,4.303819303888239,4.040078790634553,3.7356741197415246,3.6103061472927083,3.6176707253824048,3.982280721588787,5.343039778079856,4.403771091219227,9.42351350499326,9.14398646651161,3.9760921090317467
2026-03-16,5.477203085748563,3.5669654305220972,4.333967097498774,4.006525815781298,3.703869533151997,3.5841870330780994,3.5904220349234612,4.025572008111986,5.399734819923126,4.361085622787929,9.42329058748593,9.143770161343788,3.957768994664881
2026-03-17,5.581195988693692,3.6422476596125146,4.4046665407008145,4.080642056503182,3.785500646960929,3.6599608336591243,3.6482687336736985,4.095213816919869,5.495123984015385,4.412948065149959,9.598951966009615,9.314220945656693,4.012738337765479
2026-03-18,5.680614721679099,3.7028043421863286,4.487905860351782,4.160828380062713,3.8543437087862262,3.720915015295259,3.704702048610191,4.164451764142404,5.624915057907785,4.496232232054678,9.948560073563808,9.653458725956405,4.0729424545591595
2026-03-19,5.55092407840876,3.676099805734239,4.456835729862702,4.145128296287785,3.8351616792345036,3.6939931485165265,3.6921960923729116,4.104603299777899,5.633641172012499,4.498816031453955,10.129002027892906,9.828548281195213,3.9787096967984423
2026-03-20,5.537259080411676,3.6869925256901737,4.479600789989306,4.153727755946507,3.8447215496858242,3.7044048818539714,3.69843419723046,4.120095565056822,5.650236045430247,4.500429019890991,10.160510156429282,9.859121792950576,3.973474521265052
2026-03-23,5.417657238140033,3.567772562285417,4.327311199052303,4.020527864279821,3.719251245961777,3.5848443781836403,3.5931729027244814,3.9828582172995817,5.440311593497501,4.375857662948125,9.861828919531288,9.569300253824109,3.887094928644728
2026-03-24,5.409940885750839,3.5469221090452256,4.288132592134932,3.9910180344096196,3.693058493161457,3.563555100924008,3.5705162322734694,3.932188760406481,5.398384051434891,4.342361499859305,9.808185320962595,9.517247870276591,3.894947691944813
2026-03-25,5.548190801001834,3.6787373992834658,4.416002426480881,4.150636928121737,3.84314663963777,3.6963631163830644,3.6867804032899927,3.9884550163348473,5.609476673046895,4.497593711318007,10.203681273042967,9.901012336838539,3.989180047865222
2026-03-26,5.518943963132237,3.643477427002747,4.358300046066237,4.096676310241224,3.804338599305985,3.661172275109761,3.6548809632565438,3.919018011330154,5.519558947955122,4.441393290893555,9.941499014041586,9.646607116662672,3.968239747571969
2026-03-27,5.4661337366300575,3.6176842792421438,4.354682914564997,4.063713183702114,3.7731183506186428,3.635261269383571,3.6244016644763875,3.9367174038413766,5.50359901502425,4.399400062941546,9.859321076015673,9.566866799767427,3.926358343304847
2026-03-30,5.343230994300711,3.5353849609740973,4.260631790898684,3.9734046559572507,3.6879114616372823,3.5524324466931225,3.5388443359790314,3.8486152779788645,5.385415687934258,4.295534101191889,9.596606020126083,9.311944586908036,3.8687718142778618
2026-03-31,5.235865632156581,3.3944679830901254,4.095758457477065,3.800829018058428,3.5337536335030943,3.4106447304808656,3.409451724556717,3.72525399813095,5.139259953586811,4.121112730880293,9.087003915715552,8.81745866681394,3.7876269953506205
2026-04-01,5.508820149985802,3.564644931391626,4.267415570891633,4.011311194449541,3.7199745156365855,3.58203200587806,3.575491178355483,3.856178488613154,5.379456114064925,4.348852790118572,9.63460211675316,9.348813615976034,3.9499162313647953
2026-04-02,5.375654212850468,3.479065525346814,4.182625454147242,3.9080238938738088,3.6180137145305133,3.495961736045642,3.4870559827710217,3.809406156021219,5.266873693250502,4.23032887525723,9.357966590132055,9.080383851404745,3.8713890002042493
2026-04-07,5.515522489549215,3.543811460428356,4.242310947383692,3.988998864707637,3.6982267695432993,3.5608800985180977,3.536920628595514,3.836291648553459,5.338848723382876,4.299456183861999,9.525611606541958,9.243056060705236,3.9420638699050183
2026-04-08,5.815006916639033,3.770452828199455,4.444638072725896,4.259843393166384,3.953476030078416,3.78920994080875,3.7615207003244855,3.978299403391068,5.62724624247397,4.593281731522606,10.144387568201488,9.84347744453616,4.146234108346007
2026-04-09,5.833813474092934,3.7968668642306955,4.488632716900284,4.29477287872498,3.9872005161468267,3.8155779641779004,3.7982811413681103,4.005547540753345,5.715153273603634,4.645543852033881,10.224111519317981,9.920836566447512,4.1436169224196195
2026-04-10,5.976011642317618,3.8925517300196946,4.582397045048234,4.413916748221332,4.098867355926637,3.911276716378105,3.881952198019405,4.080736663793062,5.837771237295303,4.762339928942302,10.495557296099197,10.184230523273062,4.227379329113556
2026-04-13,5.963380806778115,3.9076994926496886,4.600901982121297,4.4307173110693485,4.113677768064588,3.926750702835159,3.89400894586073,4.077078819070497,5.851093709107814,4.775738219382861,10.491506037681052,10.18029943619729,4.219526163973162
2026-04-14,6.143974503519302,4.008688484896449,4.668203404207322,4.555339467390488,4.229646962972836,4.028422870596628,4.005747526230487,4.131389755882313,5.9635164106283005,4.925887825790334,10.701076203125123,10.383653180593134,4.350405150467611
2026-04-15,6.231643974608811,4.081908382190839,4.733623668457733,4.6439146371845,4.324539252811261,4.102426808317573,4.084659094958921,4.160014268654545,6.062951145824311,5.033422678932142,10.93780118110465,10.613356251935166,4.405374091727902
2026-04-16,6.286828623155475,4.1688783724393,4.804313157546286,4.742772835010047,4.421652748240477,4.190116775251163,4.17251976429335,4.214419712831486,6.163837107479306,5.14184235426898,11.158287328591292,10.8273021806594,4.449872681921411
2026-04-17,6.190003591480816,4.2148313379162445,4.8742672164680485,4.804091423407909,4.475518142017146,4.236520194277178,4.237975484341787,4.25161681550579,6.296670324108424,5.239526994742504,11.475285369585007,11.134897197658242,4.405374091727902
2026-04-20,6.199055628871343,4.2512376869927015,4.928793668057742,4.85401718468984,4.51115452999741,4.2731869619253695,4.261843508265298,4.2890289915538045,6.395974398661889,5.280268570570038,11.671679524690735,11.325465768015487,4.426314793861463
2026-04-21,6.325034815277033,4.395722065462076,5.013333269969028,5.031741239731652,4.669164191204577,4.418678965101256,4.4001143956962165,4.3866928344288665,6.532207058725388,5.466429466398988,11.922467679483557,11.568814864100709,4.502224035415007
2026-04-22,6.359102553320211,4.471066452864704,5.075694005992547,5.116057501412221,4.74304038043545,4.494583286036602,4.473164679431338,4.447990540599505,6.612139697686587,5.554431007523211,12.029745195972607,11.672910237701764,4.520547149781873
2026-04-23,6.3825690744204895,4.375304491283681,4.945209049727864,5.007956294933123,4.644022926885704,4.398079468988955,4.366253510707429,4.312247327109088,6.45491812102201,5.422959911294878,11.747752892864465,11.399282593202184,4.520547149781873
2026-04-24,6.6770671688131875,4.5184141187767715,4.970236045325891,5.193033848685689,4.80028660236607,4.542231714911516,4.508416925626937,4.32571377565911,6.535575472593737,5.6268729727511975,12.027581622548889,11.670810841749788,4.709012263462999
2026-04-27,6.860269147980368,4.565795280543539,4.968144072192206,5.2551018655712225,4.850962522592083,4.590207481765827,4.591612784766044,4.31248828529544,6.555124166365006,5.745646387322612,12.111261667587577,11.752008709078721,4.868684313550787
2026-04-28,6.793676026414771,4.624621465785766,5.014723250589091,5.323880907550696,4.923146153246053,4.649222587978916,4.625263003534352,4.334785349427956,6.635352553823337,5.788394310563671,12.24594602694114,11.882697964050045,4.816332960057192
2026-04-29,6.7229183499156004,4.627019920548863,5.026451740166063,5.333925272197424,4.931941047645163,4.651473967697608,4.61241797045941,4.3456366218612485,6.637304667146358,5.780396168468096,12.197670394966272,11.83585431860861,4.7508936677301215
2026-04-30,6.6237881048692575,4.618382997359465,5.0270391620562975,5.328505021338503,4.937917122985515,4.642698164598806,4.597600943899103,4.337445321250011,6.635424128270592,5.76579679914342,12.197683571003404,11.835867103808646,4.737805728896646
2026-05-04,7.019566193869179,4.83591607650426,5.175297552650993,5.595359422473347,5.195326778657285,4.861492629972707,4.823186390268179,4.422582785145705,6.855772394566445,6.068991791719605,12.689013391794546,12.312622745908296,4.9524467202447235
2026-05-05,6.992600222825552,4.868369322458981,5.219862304198288,5.632740514082048,5.23127016447629,4.894417793458089,4.851726304086927,4.467490206143951,6.901941156162365,6.10484406286816,12.705902701201962,12.329011072466995,4.9524467202447235
2026-05-06,7.068671325938754,5.0085812617095895,5.295539335607011,5.800598789101757,5.384809720596918,5.035611884166182,4.989119877361462,4.535413458643146,7.016740101016385,6.285020647330267,12.950450098776534,12.566304529165249,5.012650837038404
2026-05-07,7.232119969977071,5.086654163655289,5.377590243007686,5.890017080325764,5.469393077976463,5.114188131106147,5.05924415314278,4.615526247549193,7.082845091084528,6.371610720213206,13.124862814660306,12.735543689567969,5.114735956258898
2026-05-08,7.182912433568719,5.062208688939542,5.4084661999021195,5.855827601779558,5.431532895061673,5.088945265805155,5.022358098582036,4.668302422826486,7.091467760634283,6.315711606240362,13.026843508299358,12.640431902404247,5.078090129365474
2026-05-11,7.1421549007521365,5.207287694082067,5.507603079508771,6.033173527486755,5.594573650373731,5.235444726884608,5.151542920259302,4.730358512930669,7.24781710560935,6.489980078647772,13.314884597957382,12.91992890999453,5.072854953832084
2026-05-12,7.15958056313995,5.180982124865641,5.516929366515684,6.000899564573623,5.567745856439521,5.209068110459966,5.124080259585643,4.759673736686993,7.23232598340692,6.453119132491028,13.206693975082665,12.814947515226466,5.070237366065388
2026-05-13,7.029284839863021,5.068096853887043,5.45148093966407,5.867713676188335,5.442571284515567,5.095075043328997,5.027276385973368,4.729416871876915,7.145233033528888,6.328576521317457,12.972540283999603,12.587739459418751,4.999562898204927
2026-05-14,7.1309216684539765,5.074714465076285,5.468137459500663,5.879232426642418,5.450907674539302,5.101598506777752,5.038424238946261,4.76874823862701,7.1039859755206445,6.347635946004271,13.084347203864523,12.696229881973508,5.028356363638575
2026-05-15,7.025441074658411,4.871303240194335,5.292061341028925,5.635146046256959,5.2238559375635125,4.897183860149986,4.830891995689834,4.617937668022032,6.829664761119975,6.0752207170540045,12.558308135471309,12.185794562949964,4.994327722671538
2026-05-18,6.964921963070001,4.846567939060368,5.299103354857168,5.607436400910489,5.198121582938819,4.872241559805515,4.803840185670599,4.6349216035277125,6.826894477278344,6.042024723007365,12.47299840491984,12.103015351012607,4.968152246844895
2026-05-19,6.808397109938814,4.701177143620328,5.21935298509444,5.435060711369383,5.0333445526968426,4.725978225722325,4.66464714768229,4.614982818580361,6.682082120249429,5.861955253317085,12.113397680158597,11.754081361707847,4.8739194890841775
2026-05-20,6.760136974576136,4.671151838574623,5.2040578119515795,5.397528137052498,4.999194349457804,4.695795954092516,4.641210937932687,4.638351151948921,6.659144277888187,5.829457548652606,12.003065594106491,11.6470220253841,4.842508435883835
2026-05-21,6.9859145523953465,4.926465082528198,5.413927335717594,5.700932029591743,5.284164397134943,4.952629033045891,4.899182754890202,4.7792813322906875,7.012260906211974,6.164659229660859,12.602968421203364,12.229130103150345,5.017886012571793
2026-05-22,7.117029589484608,5.06752086040115,5.517458870618691,5.866880566440086,5.436025546838873,5.094460320306361,5.0388896622351576,4.854869690730857,7.156135977120452,6.343880469241421,12.794340985746636,12.414826036977795,5.0937956559656445
2026-05-25,7.374410061189796,5.322815541761276,5.681051600969275,6.170345567055549,5.71904493051022,5.351789215969476,5.28733625682623,4.946259570606262,7.42075430878732,6.667247760086152,13.259904236221248,12.866579415310545,5.277025594113381
2026-05-26,7.304778595647352,5.340695038959559,5.743879567895922,6.191366274405774,5.74149199064949,5.3698204446651605,5.303225165023678,4.986054525380099,7.508209020924419,6.687588780811285,13.368474682977578,12.971929367350935,5.240379365379649
2026-05-27,7.432350183578849,5.4068799973700274,5.722306316882261,6.265957087786509,5.810670679646346,5.436527004063422,5.3736816852819915,4.996596712254453,7.489437664477324,6.774364262635028,13.320595459610605,12.92547037196002,5.368640764107403
2026-05-28,7.3344546446572645,5.238750579822824,5.625640513760649,6.066308082292355,5.6216178666229935,5.26736245382672,5.199580184338104,4.969902097465858,7.315337658366562,6.548083967373551,12.900550627963828,12.517885212362053,5.261320067513211
2026-05-29,7.510543557530032,5.362440692562999,5.750206502788495,6.208644254786857,5.747091784171289,5.391933554843261,5.326112724352398,5.096453055664636,7.476091578486259,6.70691837822842,13.16935798341582,12.778719010610379,5.517842463128411
2026-06-01,7.562958264270259,5.4805212685565685,5.872914106757262,6.347658456525604,5.8677246478746135,5.510334450355176,5.441926250851925,5.2318673903365625,7.625693457396803,6.855041713956325,13.357671842716497,12.961446968711098,5.523077236821494
2026-06-02,7.604955994453076,5.484235305824721,5.877684644018158,6.349523276081909,5.873419479473883,5.513911151340833,5.422853556357058,5.264375878409785,7.651550318757694,6.824772757454623,13.272255749070371,12.878564548697733,5.533547587888274
2026-06-03,7.758480220498107,5.61028048958458,6.010607296811631,6.4957098058685245,6.007287327299009,5.639546793976818,5.5680235758887235,5.3737237481549265,7.796518615905267,7.0100915665819254,13.571909639307751,13.169329889620341,5.633015521182381
2026-06-04,7.633884227326962,5.531454842093215,6.002855156029039,6.396696256566299,5.918913720281569,5.558349476307614,5.491374939598543,5.363323672910467,7.732866155347857,6.903178942614102,13.60350312949986,13.19998623097258,5.554488290021835
2026-06-05,7.522946585751881,5.418524928059448,5.9484101620630625,6.2595890477688085,5.793616812575795,5.443106644731052,5.411590401158772,5.324756533272457,7.59694934738281,6.797334816221764,13.287287065840209,12.893149995733431,5.4524031708013405
2026-06-08,7.279996905906677,5.222273301174023,5.73742087517467,6.03188731452186,5.583965194944994,5.246544520082772,5.231905346887569,5.115412361119957,7.370640446855137,6.57128034168464,12.943266155492513,12.559333681176286,5.284878357413467
2026-06-09,7.443763533327456,5.442942946110233,5.94461542346821,6.289379368150251,5.821702499063776,5.469096005973032,5.440256535639354,5.2439792043392774,7.693739878358055,6.835239744300377,13.5703457607032,13.167812399908284,5.418374529834303
2026-06-10,7.188153190323769,5.180828057514524,5.700519617398646,5.978165212415911,5.535767983109908,5.204975708865783,5.19160322353871,5.062918904770384,7.29809146376169,6.512754817124971,12.807666661509401,12.427756436957303,5.248232128679734
2026-06-11,7.1634201718182196,5.141344094359114,5.69307192353347,5.93227755186746,5.490632032843343,5.16507321439215,5.14461242380434,5.084845344095466,7.269056688354754,6.452769337057821,12.660296450207891,12.284757626906897,5.227291828386481
2026-06-12,7.34525172493524,5.25935511938987,5.827165618539391,6.0725377192232095,5.6194194325544515,5.284230751358762,5.2275501637247475,5.160715605223836,7.49064979712199,6.559157505176955,13.071333704875059,12.683602398755225,5.337229710907061
2026-06-15,7.545100098520117,5.374632121852668,5.921260370664783,6.213737560915222,5.74575892190469,5.400508628511592,5.342234066039039,5.199913808656476,7.668093949646609,6.7142673141284375,13.440935299490388,13.042240604916111,5.509989699828324
2026-06-16,7.621893400451553,5.416962505204318,5.9012708851535,6.264775170825931,5.7918012514664605,5.442687401898424,5.368381452210089,5.176951289054365,7.6331822175867075,6.749004377089873,13.384934852711256,12.987901283685696,5.5440179389550535
2026-06-17,7.580967700047991,5.430201074224777,5.986243472878198,6.282910952918113,5.808190199549973,5.456228980342088,5.382115805762939,5.267012078100817,7.733547555232003,6.770365547171557,13.551377040146336,13.14940634318994,5.549253114488444
2026-06-18,7.6604401012264605,5.52059513088475,6.142751163591151,6.38842268895709,5.905779054956095,5.548229083883333,5.4570792401253145,5.366972396855435,7.952900592746669,6.864677551679508,13.940740741411783,13.52722045817323,5.61730999458221
2026-06-22,7.916467444218214,5.6483832227416615,6.23893699136493,6.545311261439341,6.048462275836978,5.677640113378674,5.560471734055875,5.4311673907122975,8.124350438749081,7.005052453844129,14.266006599382067,13.842838046212194,5.818863047096812
2026-06-23,7.814843557890976,5.503609873886097,6.0941570314258495,6.371711399303515,5.8886092041773095,5.530716582664703,5.43260806815671,5.326227172539361,7.878746134209164,6.837231016463276,13.742564680583765,13.33492283826344,5.763894105836522
2026-06-24,7.541056561210752,5.393304271685393,6.087752934469662,6.240592433607,5.769021679393202,5.420027925632741,5.314534159838197,5.327325522341055,7.836050474521578,6.683101215641899,13.700165429108324,13.293781263894578,5.609457231282125
2026-06-25,7.547918331553575,5.412140267203428,6.138793595940808,6.261897625340284,5.78745015852208,5.4385078995654,5.3192792581029975,5.381381439587844,7.89500124858777,6.686859051204266,13.738621263568806,13.331096393721552,5.6120748190488206
2026-06-26,7.272845727846804,5.126704410028243,5.877714362250032,5.92582118065649,5.477487900422188,5.149977214951712,5.044919909371652,5.204509559593345,7.5181877413178055,6.333738910757596,13.122911309283733,12.73365007114813,5.397433827700743
2026-06-29,7.391336115955178,5.231642816662491,5.970952376074033,6.048797184102409,5.590903499058975,5.255950753870071,5.145394494626617,5.275770881115653,7.617125109800867,6.4616165581028016,13.277820900997948,12.883964623084312,5.468108295561204
2026-06-30,7.562343972766339,5.367572257532861,6.112730752367187,6.211176623862796,5.739541391451801,5.393011780009684,5.276610294301572,5.375230615667285,7.783201446465694,6.633250249059928,13.467914527257543,13.068419555415742,5.643485872249163
2026-07-01,7.802968656509654,5.46769906056175,6.158746493445876,6.328568777682595,5.846990225500118,5.494040120091286,5.411967362228775,5.377457075974989,7.84868863339815,6.808933334434899,13.516550803308153,13.115613147248837,5.724630289336097
2026-07-02,7.730490668873155,5.490039494380512,6.253413562699189,6.353715262541177,5.871037420364897,5.516262919087178,5.447507365095337,5.456324080534873,7.967220867899194,6.853244548590626,13.769264704042005,13.360830866413272,5.695837225742759
2026-07-03,7.716204932934475,5.557965374953987,6.318369104866707,6.430790163762159,5.944509080688105,5.583600028286377,5.529037918186497,5.563376374544775,8.04040635331766,6.95423711506438,13.927465928069772,13.514339411896755,5.6722789358425025
2026-07-06,7.689159087070024,5.44576668982994,6.263395886985992,6.294964857508415,5.817694268466588,5.46963648845389,5.380155749073825,5.5820697929465934,7.913728445486307,6.7544383571611295,13.63113023582735,13.226793842192496,5.667043760309112
2026-07-07,7.56286946093015,5.272375972724238,6.086035820066173,6.089515138508335,5.627760586490422,5.294573727375388,5.203985985427364,5.492413112914876,7.627912600939936,6.5255305835527055,12.94416588416603,12.560206721450472,5.5597230637149195
2026-07-08,7.605147748355037,5.261645289592054,6.039005844488073,6.07665345696638,5.616343638000977,5.284372219781432,5.198749556817952,5.442403124779847,7.564251793438183,6.5197052371217765,12.685632685970825,12.309342321013386,5.551870702255142
2026-07-09,7.495445262252438,5.2522634614327135,6.023009148147333,6.067781184468888,5.608592984170638,5.2752117002605905,5.161223031289144,5.428522319358107,7.578413832905362,6.472605364766793,12.740150899990484,12.362243376539013,5.538783165261974
2026-07-10,7.495445262252438,5.2522634614327135,6.023009148147333,6.067781184468888,5.608592984170638,5.2752117002605905,5.161223031289144,5.428522319358107,7.578413832905362,6.472605364766793,12.740150899990484,12.362243376539013,5.538783165261974
2026-07-13,7.517898604200522,5.202357014104453,5.963017046214865,6.007484525670781,5.551567181736922,5.224691438497012,5.111015846452384,5.407690068690018,7.499329969216653,6.405642632177877,12.674584130245671,12.298621495498384,5.549253114488447
2026-07-14,7.416761800916602,5.0962785733849225,5.806160220196887,5.880046332731517,5.437362802941557,5.1184148148866555,4.994271560192945,5.291020090958898,7.286880849296041,6.2511720560306205,12.18621695837787,11.82474062209787,5.465490707794511
2026-07-15,7.525869164244302,5.2379542422608845,5.963734065365677,6.054593287123518,5.59589147890357,5.261412259746714,5.107703291816882,5.378064935953323,7.538945902201594,6.406036793454104,12.705104317005745,12.328236370517308,5.5649586410886185
2026-07-16,7.5622974096145565,5.186141331021666,5.9041645281842,5.990716813336959,5.53585384333525,5.20900427558659,5.081186972702098,5.336470901291978,7.458561446435525,6.369640961121225,12.596702319949664,12.223049871500946,5.570193816622009
2026-07-17,6.996120077230973,4.791046656309654,5.556108188870358,5.521105604538432,5.104703699566339,4.810587158477621,4.707575871003289,5.1004753879723,6.958194558935115,5.88363531066197,11.70838873194683,11.361086080351042,5.242997354986656
2026-07-20,7.029499405178319,4.744237361493464,5.4782868259603035,5.462642996056691,5.051649042562765,4.7637354159316425,4.673525628669003,5.0399241151786445,6.8119697848513185,5.836635494572304,11.43809474139135,11.098809744639407,5.193263187419449
2026-07-21,7.371592996433389,5.033467733367164,5.701511094865955,5.802330882497685,5.3664824261167,5.055839231165469,4.962066530746532,5.210170335190956,7.124242350926117,6.206909632440166,11.97695827216285,11.621689117610051,5.398676317933264
2026-07-22,7.4431342490890975,5.203169923283054,5.838866324579833,6.007412467108389,5.554307458053385,5.228153293022273,5.115180639579801,5.321539498715163,7.313500621404274,6.411102835565687,12.230990693631327,11.86818624659831,5.469780754923348
2026-07-23,7.46089336787835,5.217002093174722,5.837453962580865,6.024462640341124,5.56971948330699,5.242625631370498,5.143122554850694,5.304425102276027,7.322507168378851,6.449898268864845,12.342710402510663,11.97659204508249,5.472414416302365
2026-07-24,7.266909280219539,5.0606289723152145,5.736747044382479,5.836160664670208,5.397146311946877,5.084323622135193,4.994045967339886,5.279786550138646,7.14625920609442,6.252594981897798,11.97094553089325,11.615854730598588,5.356540146910832
2026-07-27,7.26382988991949,5.074772070678087,5.7241787165706475,5.855390956447476,5.410970044606195,5.098887958113107,4.988445260382444,5.267028362730821,7.1433831603249995,6.248094230784329,12.005457501659171,11.649342982453803,5.343372643696361
2026-07-28,6.9291931728370875,4.71908987920017,5.40145519809546,5.432592305443069,5.02365929241194,4.740119427417988,4.644766687209417,5.048022564786579,6.64546237893795,5.800526522551462,11.02758015557054,10.700472137858018,5.116891829511638
2026-07-29,6.65994303593241,4.509532330394189,5.236990301543873,5.178034953959395,4.791427053519416,4.528708053921846,4.458359261682242,4.973839193566802,6.401803954681604,5.5513630186557235,10.600539562230987,10.286098729884559,4.9351800440477485
2026-07-30,6.669232432988867,4.4808815680886624,5.123450836795258,5.138421901957101,4.754047433113313,4.499724058090183,4.45366826327825,4.885378327103586,6.246179876930848,5.538397393620641,10.34645362504329,10.039549672598852,4.924646202212294
2026-07-31,7.2954490857095955,4.84749843356382,5.448131590547676,5.57197759966834,5.152772485513557,4.869684274500713,4.810690551073766,5.111906601030251,6.725355901424701,6.001145668136768,11.319120418869723,10.983364524083008,5.417110742065462
2026-08-03,7.292757682112267,5.031678627791926,5.635672189156545,5.799289541273193,5.360995885491962,5.055157020537102,4.970931204440578,5.2320431836402435,6.999665514461673,6.220264935056232,11.854134430277304,11.502508564903112,5.372341311504321
